
C:/repos/Milling-Machine-Assignment/milling_2/build/milling_2.elf:     file format elf32-littlearm

Sections:
Idx Name          Size      VMA       LMA       File off  Algn
  0 .boot2        00000100  10000000  10000000  00001000  2**0
                  CONTENTS, ALLOC, LOAD, READONLY, CODE
  1 .text         00009040  10000100  10000100  00001100  2**3
                  CONTENTS, ALLOC, LOAD, READONLY, CODE
  2 .rodata       00001eb4  10009140  10009140  0000a140  2**3
                  CONTENTS, ALLOC, LOAD, READONLY, DATA
  3 .binary_info  00000024  1000aff4  1000aff4  0000bff4  2**2
                  CONTENTS, ALLOC, LOAD, READONLY, DATA
  4 .ram_vector_table 000000c0  20000000  20000000  0000d000  2**2
                  ALLOC
  5 .data         00000c04  200000c0  1000b018  0000c0c0  2**4
                  CONTENTS, ALLOC, LOAD, READONLY, CODE
  6 .uninitialized_data 00000000  20000cc4  20000cc4  0000ccc4  2**0
                  CONTENTS
  7 .scratch_x    00000000  20040000  20040000  0000ccc4  2**0
                  CONTENTS
  8 .scratch_y    00000000  20041000  20041000  0000ccc4  2**0
                  CONTENTS
  9 .bss          00000478  20000cc8  20000cc8  0000d000  2**3
                  ALLOC
 10 .heap         00000800  20001140  20001140  0000ccc4  2**2
                  CONTENTS, READONLY
 11 .stack_dummy  00000800  20041000  20041000  0000d4e0  2**5
                  CONTENTS, READONLY
 12 .ARM.attributes 00000028  00000000  00000000  0000dce0  2**0
                  CONTENTS, READONLY
 13 .comment      00000049  00000000  00000000  0000dd08  2**0
                  CONTENTS, READONLY
 14 .debug_info   0001b4a8  00000000  00000000  0000dd51  2**0
                  CONTENTS, READONLY, DEBUGGING, OCTETS
 15 .debug_abbrev 00004dc1  00000000  00000000  000291f9  2**0
                  CONTENTS, READONLY, DEBUGGING, OCTETS
 16 .debug_aranges 00001010  00000000  00000000  0002dfc0  2**3
                  CONTENTS, READONLY, DEBUGGING, OCTETS
 17 .debug_ranges 00003618  00000000  00000000  0002efd0  2**3
                  CONTENTS, READONLY, DEBUGGING, OCTETS
 18 .debug_line   00011f4f  00000000  00000000  000325e8  2**0
                  CONTENTS, READONLY, DEBUGGING, OCTETS
 19 .debug_str    0000459e  00000000  00000000  00044537  2**0
                  CONTENTS, READONLY, DEBUGGING, OCTETS
 20 .debug_frame  000024d0  00000000  00000000  00048ad8  2**2
                  CONTENTS, READONLY, DEBUGGING, OCTETS
 21 .debug_loc    00011a3d  00000000  00000000  0004afa8  2**0
                  CONTENTS, READONLY, DEBUGGING, OCTETS

C:/repos/Milling-Machine-Assignment/milling_2/build/milling_2.elf:     file format elf32-littlearm


Disassembly of section .boot2:

10000000 <__boot2_start__>:
10000000:	4b32b500 	.word	0x4b32b500
10000004:	60582021 	.word	0x60582021
10000008:	21026898 	.word	0x21026898
1000000c:	60984388 	.word	0x60984388
10000010:	611860d8 	.word	0x611860d8
10000014:	4b2e6158 	.word	0x4b2e6158
10000018:	60992100 	.word	0x60992100
1000001c:	61592102 	.word	0x61592102
10000020:	22f02101 	.word	0x22f02101
10000024:	492b5099 	.word	0x492b5099
10000028:	21016019 	.word	0x21016019
1000002c:	20356099 	.word	0x20356099
10000030:	f844f000 	.word	0xf844f000
10000034:	42902202 	.word	0x42902202
10000038:	2106d014 	.word	0x2106d014
1000003c:	f0006619 	.word	0xf0006619
10000040:	6e19f834 	.word	0x6e19f834
10000044:	66192101 	.word	0x66192101
10000048:	66182000 	.word	0x66182000
1000004c:	f000661a 	.word	0xf000661a
10000050:	6e19f82c 	.word	0x6e19f82c
10000054:	6e196e19 	.word	0x6e196e19
10000058:	f0002005 	.word	0xf0002005
1000005c:	2101f82f 	.word	0x2101f82f
10000060:	d1f94208 	.word	0xd1f94208
10000064:	60992100 	.word	0x60992100
10000068:	6019491b 	.word	0x6019491b
1000006c:	60592100 	.word	0x60592100
10000070:	481b491a 	.word	0x481b491a
10000074:	21016001 	.word	0x21016001
10000078:	21eb6099 	.word	0x21eb6099
1000007c:	21a06619 	.word	0x21a06619
10000080:	f0006619 	.word	0xf0006619
10000084:	2100f812 	.word	0x2100f812
10000088:	49166099 	.word	0x49166099
1000008c:	60014814 	.word	0x60014814
10000090:	60992101 	.word	0x60992101
10000094:	2800bc01 	.word	0x2800bc01
10000098:	4700d000 	.word	0x4700d000
1000009c:	49134812 	.word	0x49134812
100000a0:	c8036008 	.word	0xc8036008
100000a4:	8808f380 	.word	0x8808f380
100000a8:	b5034708 	.word	0xb5034708
100000ac:	20046a99 	.word	0x20046a99
100000b0:	d0fb4201 	.word	0xd0fb4201
100000b4:	42012001 	.word	0x42012001
100000b8:	bd03d1f8 	.word	0xbd03d1f8
100000bc:	6618b502 	.word	0x6618b502
100000c0:	f7ff6618 	.word	0xf7ff6618
100000c4:	6e18fff2 	.word	0x6e18fff2
100000c8:	bd026e18 	.word	0xbd026e18
100000cc:	40020000 	.word	0x40020000
100000d0:	18000000 	.word	0x18000000
100000d4:	00070000 	.word	0x00070000
100000d8:	005f0300 	.word	0x005f0300
100000dc:	00002221 	.word	0x00002221
100000e0:	180000f4 	.word	0x180000f4
100000e4:	a0002022 	.word	0xa0002022
100000e8:	10000100 	.word	0x10000100
100000ec:	e000ed08 	.word	0xe000ed08
	...
100000fc:	7a4eb274 	.word	0x7a4eb274

Disassembly of section .text:

10000100 <__VECTOR_TABLE>:
10000100:	20042000 	.word	0x20042000
10000104:	100001f7 	.word	0x100001f7
10000108:	100001c3 	.word	0x100001c3
1000010c:	100001c5 	.word	0x100001c5
10000110:	100001c1 	.word	0x100001c1
10000114:	100001c1 	.word	0x100001c1
10000118:	100001c1 	.word	0x100001c1
1000011c:	100001c1 	.word	0x100001c1
10000120:	100001c1 	.word	0x100001c1
10000124:	100001c1 	.word	0x100001c1
10000128:	100001c1 	.word	0x100001c1
1000012c:	100001c7 	.word	0x100001c7
10000130:	100001c1 	.word	0x100001c1
10000134:	100001c1 	.word	0x100001c1
10000138:	100001c9 	.word	0x100001c9
1000013c:	100001cb 	.word	0x100001cb
10000140:	100001cd 	.word	0x100001cd
10000144:	100001cd 	.word	0x100001cd
10000148:	100001cd 	.word	0x100001cd
1000014c:	100001cd 	.word	0x100001cd
10000150:	100001cd 	.word	0x100001cd
10000154:	100001cd 	.word	0x100001cd
10000158:	100001cd 	.word	0x100001cd
1000015c:	100001cd 	.word	0x100001cd
10000160:	100001cd 	.word	0x100001cd
10000164:	100001cd 	.word	0x100001cd
10000168:	100001cd 	.word	0x100001cd
1000016c:	100001cd 	.word	0x100001cd
10000170:	100001cd 	.word	0x100001cd
10000174:	100001cd 	.word	0x100001cd
10000178:	100001cd 	.word	0x100001cd
1000017c:	100001cd 	.word	0x100001cd
10000180:	100001cd 	.word	0x100001cd
10000184:	100001cd 	.word	0x100001cd
10000188:	100001cd 	.word	0x100001cd
1000018c:	100001cd 	.word	0x100001cd
10000190:	100001cd 	.word	0x100001cd
10000194:	100001cd 	.word	0x100001cd
10000198:	100001cd 	.word	0x100001cd
1000019c:	100001cd 	.word	0x100001cd
100001a0:	100001cd 	.word	0x100001cd
100001a4:	100001cd 	.word	0x100001cd
100001a8:	100001cd 	.word	0x100001cd
100001ac:	100001cd 	.word	0x100001cd
100001b0:	100001cd 	.word	0x100001cd
100001b4:	100001cd 	.word	0x100001cd
100001b8:	100001cd 	.word	0x100001cd
100001bc:	100001cd 	.word	0x100001cd

100001c0 <isr_invalid>:
100001c0:	be00      	bkpt	0x0000

100001c2 <isr_nmi>:
100001c2:	be00      	bkpt	0x0000

100001c4 <isr_hardfault>:
100001c4:	be00      	bkpt	0x0000

100001c6 <isr_svcall>:
100001c6:	be00      	bkpt	0x0000

100001c8 <isr_pendsv>:
100001c8:	be00      	bkpt	0x0000

100001ca <isr_systick>:
100001ca:	be00      	bkpt	0x0000

100001cc <__unhandled_user_irq>:
100001cc:	f3ef 8005 	mrs	r0, IPSR
100001d0:	3810      	subs	r0, #16

100001d2 <unhandled_user_irq_num_in_r0>:
100001d2:	be00      	bkpt	0x0000

100001d4 <binary_info_header>:
100001d4:	7188ebf2 	.word	0x7188ebf2
100001d8:	1000aff4 	.word	0x1000aff4
100001dc:	1000b018 	.word	0x1000b018
100001e0:	10000234 	.word	0x10000234
100001e4:	e71aa390 	.word	0xe71aa390

100001e8 <_entry_point>:
100001e8:	2000      	movs	r0, #0
100001ea:	491f      	ldr	r1, [pc, #124]	; (10000268 <hold_non_core0_in_bootrom+0xa>)
100001ec:	6008      	str	r0, [r1, #0]
100001ee:	c806      	ldmia	r0!, {r1, r2}
100001f0:	f381 8808 	msr	MSP, r1
100001f4:	4710      	bx	r2

100001f6 <_reset_handler>:
100001f6:	481d      	ldr	r0, [pc, #116]	; (1000026c <hold_non_core0_in_bootrom+0xe>)
100001f8:	6800      	ldr	r0, [r0, #0]
100001fa:	2800      	cmp	r0, #0
100001fc:	d12f      	bne.n	1000025e <hold_non_core0_in_bootrom>
100001fe:	a40d      	add	r4, pc, #52	; (adr r4, 10000234 <data_cpy_table>)
10000200:	cc0e      	ldmia	r4!, {r1, r2, r3}
10000202:	2900      	cmp	r1, #0
10000204:	d002      	beq.n	1000020c <_reset_handler+0x16>
10000206:	f000 f812 	bl	1000022e <data_cpy>
1000020a:	e7f9      	b.n	10000200 <_reset_handler+0xa>
1000020c:	4918      	ldr	r1, [pc, #96]	; (10000270 <hold_non_core0_in_bootrom+0x12>)
1000020e:	4a19      	ldr	r2, [pc, #100]	; (10000274 <hold_non_core0_in_bootrom+0x16>)
10000210:	2000      	movs	r0, #0
10000212:	e000      	b.n	10000216 <bss_fill_test>

10000214 <bss_fill_loop>:
10000214:	c101      	stmia	r1!, {r0}

10000216 <bss_fill_test>:
10000216:	4291      	cmp	r1, r2
10000218:	d1fc      	bne.n	10000214 <bss_fill_loop>

1000021a <platform_entry>:
1000021a:	4917      	ldr	r1, [pc, #92]	; (10000278 <hold_non_core0_in_bootrom+0x1a>)
1000021c:	4788      	blx	r1
1000021e:	4917      	ldr	r1, [pc, #92]	; (1000027c <hold_non_core0_in_bootrom+0x1e>)
10000220:	4788      	blx	r1
10000222:	4917      	ldr	r1, [pc, #92]	; (10000280 <hold_non_core0_in_bootrom+0x22>)
10000224:	4788      	blx	r1
10000226:	be00      	bkpt	0x0000
10000228:	e7fd      	b.n	10000226 <platform_entry+0xc>

1000022a <data_cpy_loop>:
1000022a:	c901      	ldmia	r1!, {r0}
1000022c:	c201      	stmia	r2!, {r0}

1000022e <data_cpy>:
1000022e:	429a      	cmp	r2, r3
10000230:	d3fb      	bcc.n	1000022a <data_cpy_loop>
10000232:	4770      	bx	lr

10000234 <data_cpy_table>:
10000234:	1000b018 	.word	0x1000b018
10000238:	200000c0 	.word	0x200000c0
1000023c:	20000cc4 	.word	0x20000cc4
10000240:	1000bc1c 	.word	0x1000bc1c
10000244:	20040000 	.word	0x20040000
10000248:	20040000 	.word	0x20040000
1000024c:	1000bc1c 	.word	0x1000bc1c
10000250:	20041000 	.word	0x20041000
10000254:	20041000 	.word	0x20041000
10000258:	00000000 	.word	0x00000000
1000025c:	4770      	bx	lr

1000025e <hold_non_core0_in_bootrom>:
1000025e:	4809      	ldr	r0, [pc, #36]	; (10000284 <hold_non_core0_in_bootrom+0x26>)
10000260:	f004 fc04 	bl	10004a6c <rom_func_lookup>
10000264:	4700      	bx	r0
10000266:	0000      	.short	0x0000
10000268:	e000ed08 	.word	0xe000ed08
1000026c:	d0000000 	.word	0xd0000000
10000270:	20000cc8 	.word	0x20000cc8
10000274:	20001140 	.word	0x20001140
10000278:	100037c5 	.word	0x100037c5
1000027c:	10000305 	.word	0x10000305
10000280:	10003781 	.word	0x10003781
10000284:	00005657 	.word	0x00005657

10000288 <__bi_50>:
10000288:	50520006 5360b3ab 1000a968              ..RP..`Sh...

10000294 <__bi_38>:
10000294:	50520006 02031c86 1000a978              ..RP....x...

100002a0 <__bi_30>:
100002a0:	50520006 9da22254 1000a984              ..RPT"......

100002ac <__bi_22>:
100002ac:	50520005 68f465de 1000bc1c              ..RP.e.h....

100002b8 <_init>:
100002b8:	b5f8      	push	{r3, r4, r5, r6, r7, lr}
100002ba:	46c0      	nop			; (mov r8, r8)

100002bc <__do_global_dtors_aux>:
100002bc:	b510      	push	{r4, lr}
100002be:	4c06      	ldr	r4, [pc, #24]	; (100002d8 <__do_global_dtors_aux+0x1c>)
100002c0:	7823      	ldrb	r3, [r4, #0]
100002c2:	2b00      	cmp	r3, #0
100002c4:	d107      	bne.n	100002d6 <__do_global_dtors_aux+0x1a>
100002c6:	4b05      	ldr	r3, [pc, #20]	; (100002dc <__do_global_dtors_aux+0x20>)
100002c8:	2b00      	cmp	r3, #0
100002ca:	d002      	beq.n	100002d2 <__do_global_dtors_aux+0x16>
100002cc:	4804      	ldr	r0, [pc, #16]	; (100002e0 <__do_global_dtors_aux+0x24>)
100002ce:	e000      	b.n	100002d2 <__do_global_dtors_aux+0x16>
100002d0:	bf00      	nop
100002d2:	2301      	movs	r3, #1
100002d4:	7023      	strb	r3, [r4, #0]
100002d6:	bd10      	pop	{r4, pc}
100002d8:	20000dc8 	.word	0x20000dc8
100002dc:	00000000 	.word	0x00000000
100002e0:	10009140 	.word	0x10009140

100002e4 <frame_dummy>:
100002e4:	4b04      	ldr	r3, [pc, #16]	; (100002f8 <frame_dummy+0x14>)
100002e6:	b510      	push	{r4, lr}
100002e8:	2b00      	cmp	r3, #0
100002ea:	d003      	beq.n	100002f4 <frame_dummy+0x10>
100002ec:	4903      	ldr	r1, [pc, #12]	; (100002fc <frame_dummy+0x18>)
100002ee:	4804      	ldr	r0, [pc, #16]	; (10000300 <frame_dummy+0x1c>)
100002f0:	e000      	b.n	100002f4 <frame_dummy+0x10>
100002f2:	bf00      	nop
100002f4:	bd10      	pop	{r4, pc}
100002f6:	46c0      	nop			; (mov r8, r8)
100002f8:	00000000 	.word	0x00000000
100002fc:	20000dcc 	.word	0x20000dcc
10000300:	10009140 	.word	0x10009140

10000304 <main>:
10000304:	b510      	push	{r4, lr}
10000306:	b082      	sub	sp, #8
10000308:	f005 fe50 	bl	10005fac <stdio_init_all>
1000030c:	4815      	ldr	r0, [pc, #84]	; (10000364 <main+0x60>)
1000030e:	f002 fba1 	bl	10002a54 <sleep_ms>
10000312:	f000 fffd 	bl	10001310 <mmhal_init>
10000316:	f001 f959 	bl	100015cc <ui_draw_background>
1000031a:	f001 f9bb 	bl	10001694 <ui_draw_help_manual>
1000031e:	4b12      	ldr	r3, [pc, #72]	; (10000368 <main+0x64>)
10000320:	881b      	ldrh	r3, [r3, #0]
10000322:	4a12      	ldr	r2, [pc, #72]	; (1000036c <main+0x68>)
10000324:	6812      	ldr	r2, [r2, #0]
10000326:	4912      	ldr	r1, [pc, #72]	; (10000370 <main+0x6c>)
10000328:	6809      	ldr	r1, [r1, #0]
1000032a:	4812      	ldr	r0, [pc, #72]	; (10000374 <main+0x70>)
1000032c:	6800      	ldr	r0, [r0, #0]
1000032e:	4c12      	ldr	r4, [pc, #72]	; (10000378 <main+0x74>)
10000330:	7824      	ldrb	r4, [r4, #0]
10000332:	9400      	str	r4, [sp, #0]
10000334:	f001 faa6 	bl	10001884 <ui_update_positions>
10000338:	4810      	ldr	r0, [pc, #64]	; (1000037c <main+0x78>)
1000033a:	f001 fb01 	bl	10001940 <ui_show_status>
1000033e:	f001 fb51 	bl	100019e4 <ui_clear_input_line>
10000342:	2000      	movs	r0, #0
10000344:	f001 fb64 	bl	10001a10 <ui_place_input_cursor>
10000348:	e004      	b.n	10000354 <main+0x50>
1000034a:	f000 f965 	bl	10000618 <handle_manual_mode>
1000034e:	200a      	movs	r0, #10
10000350:	f002 fb80 	bl	10002a54 <sleep_ms>
10000354:	4b08      	ldr	r3, [pc, #32]	; (10000378 <main+0x74>)
10000356:	781b      	ldrb	r3, [r3, #0]
10000358:	2b00      	cmp	r3, #0
1000035a:	d1f6      	bne.n	1000034a <main+0x46>
1000035c:	f000 fafc 	bl	10000958 <handle_command_mode>
10000360:	e7f5      	b.n	1000034e <main+0x4a>
10000362:	46c0      	nop			; (mov r8, r8)
10000364:	000005dc 	.word	0x000005dc
10000368:	20001138 	.word	0x20001138
1000036c:	20000f14 	.word	0x20000f14
10000370:	20000f10 	.word	0x20000f10
10000374:	20000f0c 	.word	0x20000f0c
10000378:	20000239 	.word	0x20000239
1000037c:	10009140 	.word	0x10009140

10000380 <print_manual_menu>:
10000380:	b510      	push	{r4, lr}
10000382:	f001 f923 	bl	100015cc <ui_draw_background>
10000386:	f001 f985 	bl	10001694 <ui_draw_help_manual>
1000038a:	4804      	ldr	r0, [pc, #16]	; (1000039c <print_manual_menu+0x1c>)
1000038c:	f001 fad8 	bl	10001940 <ui_show_status>
10000390:	f001 fb28 	bl	100019e4 <ui_clear_input_line>
10000394:	2000      	movs	r0, #0
10000396:	f001 fb3b 	bl	10001a10 <ui_place_input_cursor>
1000039a:	bd10      	pop	{r4, pc}
1000039c:	10009148 	.word	0x10009148

100003a0 <print_command_menu>:
100003a0:	b510      	push	{r4, lr}
100003a2:	f001 f913 	bl	100015cc <ui_draw_background>
100003a6:	f001 f9cb 	bl	10001740 <ui_draw_help_command>
100003aa:	4804      	ldr	r0, [pc, #16]	; (100003bc <print_command_menu+0x1c>)
100003ac:	f001 fac8 	bl	10001940 <ui_show_status>
100003b0:	f001 fb18 	bl	100019e4 <ui_clear_input_line>
100003b4:	2000      	movs	r0, #0
100003b6:	f001 fb2b 	bl	10001a10 <ui_place_input_cursor>
100003ba:	bd10      	pop	{r4, pc}
100003bc:	10009154 	.word	0x10009154

100003c0 <clamp_value>:
100003c0:	4288      	cmp	r0, r1
100003c2:	db02      	blt.n	100003ca <clamp_value+0xa>
100003c4:	4290      	cmp	r0, r2
100003c6:	dc02      	bgt.n	100003ce <clamp_value+0xe>
100003c8:	4770      	bx	lr
100003ca:	0008      	movs	r0, r1
100003cc:	e7fc      	b.n	100003c8 <clamp_value+0x8>
100003ce:	0010      	movs	r0, r2
100003d0:	e7fa      	b.n	100003c8 <clamp_value+0x8>
	...

100003d4 <clamp_axis_target>:
100003d4:	b510      	push	{r4, lr}
100003d6:	2900      	cmp	r1, #0
100003d8:	d007      	beq.n	100003ea <clamp_axis_target+0x16>
100003da:	2901      	cmp	r1, #1
100003dc:	d00a      	beq.n	100003f4 <clamp_axis_target+0x20>
100003de:	22fa      	movs	r2, #250	; 0xfa
100003e0:	0192      	lsls	r2, r2, #6
100003e2:	4907      	ldr	r1, [pc, #28]	; (10000400 <clamp_axis_target+0x2c>)
100003e4:	f7ff ffec 	bl	100003c0 <clamp_value>
100003e8:	bd10      	pop	{r4, pc}
100003ea:	22fa      	movs	r2, #250	; 0xfa
100003ec:	0192      	lsls	r2, r2, #6
100003ee:	f7ff ffe7 	bl	100003c0 <clamp_value>
100003f2:	e7f9      	b.n	100003e8 <clamp_axis_target+0x14>
100003f4:	22fa      	movs	r2, #250	; 0xfa
100003f6:	0192      	lsls	r2, r2, #6
100003f8:	2100      	movs	r1, #0
100003fa:	f7ff ffe1 	bl	100003c0 <clamp_value>
100003fe:	e7f3      	b.n	100003e8 <clamp_axis_target+0x14>
10000400:	ffffe0c0 	.word	0xffffe0c0

10000404 <set_feed_rate>:
10000404:	b510      	push	{r4, lr}
10000406:	1e01      	subs	r1, r0, #0
10000408:	dd17      	ble.n	1000043a <set_feed_rate+0x36>
1000040a:	2831      	cmp	r0, #49	; 0x31
1000040c:	dd06      	ble.n	1000041c <set_feed_rate+0x18>
1000040e:	23fa      	movs	r3, #250	; 0xfa
10000410:	00db      	lsls	r3, r3, #3
10000412:	4298      	cmp	r0, r3
10000414:	dd03      	ble.n	1000041e <set_feed_rate+0x1a>
10000416:	21fa      	movs	r1, #250	; 0xfa
10000418:	00c9      	lsls	r1, r1, #3
1000041a:	e000      	b.n	1000041e <set_feed_rate+0x1a>
1000041c:	2132      	movs	r1, #50	; 0x32
1000041e:	4b07      	ldr	r3, [pc, #28]	; (1000043c <set_feed_rate+0x38>)
10000420:	2205      	movs	r2, #5
10000422:	601a      	str	r2, [r3, #0]
10000424:	4806      	ldr	r0, [pc, #24]	; (10000440 <set_feed_rate+0x3c>)
10000426:	f004 fb4d 	bl	10004ac4 <__wrap___aeabi_idiv>
1000042a:	4b06      	ldr	r3, [pc, #24]	; (10000444 <set_feed_rate+0x40>)
1000042c:	6018      	str	r0, [r3, #0]
1000042e:	681b      	ldr	r3, [r3, #0]
10000430:	2b31      	cmp	r3, #49	; 0x31
10000432:	dc02      	bgt.n	1000043a <set_feed_rate+0x36>
10000434:	4b03      	ldr	r3, [pc, #12]	; (10000444 <set_feed_rate+0x40>)
10000436:	2232      	movs	r2, #50	; 0x32
10000438:	601a      	str	r2, [r3, #0]
1000043a:	bd10      	pop	{r4, pc}
1000043c:	2000023c 	.word	0x2000023c
10000440:	000186a0 	.word	0x000186a0
10000444:	20000240 	.word	0x20000240

10000448 <move_axis_to_target>:
10000448:	b5f8      	push	{r3, r4, r5, r6, r7, lr}
1000044a:	46ce      	mov	lr, r9
1000044c:	4647      	mov	r7, r8
1000044e:	b580      	push	{r7, lr}
10000450:	4680      	mov	r8, r0
10000452:	000c      	movs	r4, r1
10000454:	0015      	movs	r5, r2
10000456:	0011      	movs	r1, r2
10000458:	0020      	movs	r0, r4
1000045a:	f7ff ffbb 	bl	100003d4 <clamp_axis_target>
1000045e:	0007      	movs	r7, r0
10000460:	4284      	cmp	r4, r0
10000462:	d107      	bne.n	10000474 <move_axis_to_target+0x2c>
10000464:	4643      	mov	r3, r8
10000466:	681b      	ldr	r3, [r3, #0]
10000468:	4699      	mov	r9, r3
1000046a:	1afe      	subs	r6, r7, r3
1000046c:	2e00      	cmp	r6, #0
1000046e:	dd1d      	ble.n	100004ac <move_axis_to_target+0x64>
10000470:	2400      	movs	r4, #0
10000472:	e009      	b.n	10000488 <move_axis_to_target+0x40>
10000474:	4821      	ldr	r0, [pc, #132]	; (100004fc <move_axis_to_target+0xb4>)
10000476:	f001 fa8b 	bl	10001990 <ui_show_error>
1000047a:	e7f3      	b.n	10000464 <move_axis_to_target+0x1c>
1000047c:	2200      	movs	r2, #0
1000047e:	2100      	movs	r1, #0
10000480:	2001      	movs	r0, #1
10000482:	f000 ffd9 	bl	10001438 <mmhal_step_motors>
10000486:	3401      	adds	r4, #1
10000488:	42b4      	cmp	r4, r6
1000048a:	da11      	bge.n	100004b0 <move_axis_to_target+0x68>
1000048c:	2d00      	cmp	r5, #0
1000048e:	d0f5      	beq.n	1000047c <move_axis_to_target+0x34>
10000490:	2d01      	cmp	r5, #1
10000492:	d005      	beq.n	100004a0 <move_axis_to_target+0x58>
10000494:	2201      	movs	r2, #1
10000496:	2100      	movs	r1, #0
10000498:	2000      	movs	r0, #0
1000049a:	f000 ffcd 	bl	10001438 <mmhal_step_motors>
1000049e:	e7f2      	b.n	10000486 <move_axis_to_target+0x3e>
100004a0:	2200      	movs	r2, #0
100004a2:	2101      	movs	r1, #1
100004a4:	2000      	movs	r0, #0
100004a6:	f000 ffc7 	bl	10001438 <mmhal_step_motors>
100004aa:	e7ec      	b.n	10000486 <move_axis_to_target+0x3e>
100004ac:	2e00      	cmp	r6, #0
100004ae:	db22      	blt.n	100004f6 <move_axis_to_target+0xae>
100004b0:	4643      	mov	r3, r8
100004b2:	601f      	str	r7, [r3, #0]
100004b4:	bcc0      	pop	{r6, r7}
100004b6:	46b9      	mov	r9, r7
100004b8:	46b0      	mov	r8, r6
100004ba:	bdf8      	pop	{r3, r4, r5, r6, r7, pc}
100004bc:	2001      	movs	r0, #1
100004be:	2200      	movs	r2, #0
100004c0:	2100      	movs	r1, #0
100004c2:	4240      	negs	r0, r0
100004c4:	f000 ffb8 	bl	10001438 <mmhal_step_motors>
100004c8:	3401      	adds	r4, #1
100004ca:	464b      	mov	r3, r9
100004cc:	1bdb      	subs	r3, r3, r7
100004ce:	42a3      	cmp	r3, r4
100004d0:	ddee      	ble.n	100004b0 <move_axis_to_target+0x68>
100004d2:	2d00      	cmp	r5, #0
100004d4:	d0f2      	beq.n	100004bc <move_axis_to_target+0x74>
100004d6:	2d01      	cmp	r5, #1
100004d8:	d006      	beq.n	100004e8 <move_axis_to_target+0xa0>
100004da:	2201      	movs	r2, #1
100004dc:	4252      	negs	r2, r2
100004de:	2100      	movs	r1, #0
100004e0:	2000      	movs	r0, #0
100004e2:	f000 ffa9 	bl	10001438 <mmhal_step_motors>
100004e6:	e7ef      	b.n	100004c8 <move_axis_to_target+0x80>
100004e8:	2101      	movs	r1, #1
100004ea:	2200      	movs	r2, #0
100004ec:	4249      	negs	r1, r1
100004ee:	2000      	movs	r0, #0
100004f0:	f000 ffa2 	bl	10001438 <mmhal_step_motors>
100004f4:	e7e8      	b.n	100004c8 <move_axis_to_target+0x80>
100004f6:	2400      	movs	r4, #0
100004f8:	e7e7      	b.n	100004ca <move_axis_to_target+0x82>
100004fa:	46c0      	nop			; (mov r8, r8)
100004fc:	10009164 	.word	0x10009164

10000500 <execute_move>:
10000500:	b5f0      	push	{r4, r5, r6, r7, lr}
10000502:	46c6      	mov	lr, r8
10000504:	b500      	push	{lr}
10000506:	b08c      	sub	sp, #48	; 0x30
10000508:	0007      	movs	r7, r0
1000050a:	000e      	movs	r6, r1
1000050c:	4690      	mov	r8, r2
1000050e:	001c      	movs	r4, r3
10000510:	4a18      	ldr	r2, [pc, #96]	; (10000574 <execute_move+0x74>)
10000512:	2128      	movs	r1, #40	; 0x28
10000514:	a802      	add	r0, sp, #8
10000516:	f004 fa7d 	bl	10004a14 <__wrap_snprintf>
1000051a:	a802      	add	r0, sp, #8
1000051c:	f001 fa10 	bl	10001940 <ui_show_status>
10000520:	4d15      	ldr	r5, [pc, #84]	; (10000578 <execute_move+0x78>)
10000522:	2200      	movs	r2, #0
10000524:	0039      	movs	r1, r7
10000526:	0028      	movs	r0, r5
10000528:	f7ff ff8e 	bl	10000448 <move_axis_to_target>
1000052c:	4f13      	ldr	r7, [pc, #76]	; (1000057c <execute_move+0x7c>)
1000052e:	2201      	movs	r2, #1
10000530:	0031      	movs	r1, r6
10000532:	0038      	movs	r0, r7
10000534:	f7ff ff88 	bl	10000448 <move_axis_to_target>
10000538:	4e11      	ldr	r6, [pc, #68]	; (10000580 <execute_move+0x80>)
1000053a:	2202      	movs	r2, #2
1000053c:	4641      	mov	r1, r8
1000053e:	0030      	movs	r0, r6
10000540:	f7ff ff82 	bl	10000448 <move_axis_to_target>
10000544:	4b0f      	ldr	r3, [pc, #60]	; (10000584 <execute_move+0x84>)
10000546:	881b      	ldrh	r3, [r3, #0]
10000548:	6832      	ldr	r2, [r6, #0]
1000054a:	6839      	ldr	r1, [r7, #0]
1000054c:	6828      	ldr	r0, [r5, #0]
1000054e:	4d0e      	ldr	r5, [pc, #56]	; (10000588 <execute_move+0x88>)
10000550:	782d      	ldrb	r5, [r5, #0]
10000552:	9500      	str	r5, [sp, #0]
10000554:	f001 f996 	bl	10001884 <ui_update_positions>
10000558:	0023      	movs	r3, r4
1000055a:	4a0c      	ldr	r2, [pc, #48]	; (1000058c <execute_move+0x8c>)
1000055c:	2128      	movs	r1, #40	; 0x28
1000055e:	a802      	add	r0, sp, #8
10000560:	f004 fa58 	bl	10004a14 <__wrap_snprintf>
10000564:	a802      	add	r0, sp, #8
10000566:	f001 f9eb 	bl	10001940 <ui_show_status>
1000056a:	b00c      	add	sp, #48	; 0x30
1000056c:	bc80      	pop	{r7}
1000056e:	46b8      	mov	r8, r7
10000570:	bdf0      	pop	{r4, r5, r6, r7, pc}
10000572:	46c0      	nop			; (mov r8, r8)
10000574:	10009178 	.word	0x10009178
10000578:	20000f0c 	.word	0x20000f0c
1000057c:	20000f10 	.word	0x20000f10
10000580:	20000f14 	.word	0x20000f14
10000584:	20001138 	.word	0x20001138
10000588:	20000239 	.word	0x20000239
1000058c:	10009184 	.word	0x10009184

10000590 <execute_arc>:
10000590:	b5f0      	push	{r4, r5, r6, r7, lr}
10000592:	b08f      	sub	sp, #60	; 0x3c
10000594:	0005      	movs	r5, r0
10000596:	000c      	movs	r4, r1
10000598:	ab14      	add	r3, sp, #80	; 0x50
1000059a:	781e      	ldrb	r6, [r3, #0]
1000059c:	2e00      	cmp	r6, #0
1000059e:	d025      	beq.n	100005ec <execute_arc+0x5c>
100005a0:	4a14      	ldr	r2, [pc, #80]	; (100005f4 <execute_arc+0x64>)
100005a2:	2130      	movs	r1, #48	; 0x30
100005a4:	a802      	add	r0, sp, #8
100005a6:	f004 fa35 	bl	10004a14 <__wrap_snprintf>
100005aa:	a802      	add	r0, sp, #8
100005ac:	f001 f9c8 	bl	10001940 <ui_show_status>
100005b0:	4f11      	ldr	r7, [pc, #68]	; (100005f8 <execute_arc+0x68>)
100005b2:	2200      	movs	r2, #0
100005b4:	0029      	movs	r1, r5
100005b6:	0038      	movs	r0, r7
100005b8:	f7ff ff46 	bl	10000448 <move_axis_to_target>
100005bc:	4d0f      	ldr	r5, [pc, #60]	; (100005fc <execute_arc+0x6c>)
100005be:	2201      	movs	r2, #1
100005c0:	0021      	movs	r1, r4
100005c2:	0028      	movs	r0, r5
100005c4:	f7ff ff40 	bl	10000448 <move_axis_to_target>
100005c8:	4b0d      	ldr	r3, [pc, #52]	; (10000600 <execute_arc+0x70>)
100005ca:	881b      	ldrh	r3, [r3, #0]
100005cc:	4a0d      	ldr	r2, [pc, #52]	; (10000604 <execute_arc+0x74>)
100005ce:	6812      	ldr	r2, [r2, #0]
100005d0:	6829      	ldr	r1, [r5, #0]
100005d2:	6838      	ldr	r0, [r7, #0]
100005d4:	4c0c      	ldr	r4, [pc, #48]	; (10000608 <execute_arc+0x78>)
100005d6:	7824      	ldrb	r4, [r4, #0]
100005d8:	9400      	str	r4, [sp, #0]
100005da:	f001 f953 	bl	10001884 <ui_update_positions>
100005de:	2e00      	cmp	r6, #0
100005e0:	d006      	beq.n	100005f0 <execute_arc+0x60>
100005e2:	480a      	ldr	r0, [pc, #40]	; (1000060c <execute_arc+0x7c>)
100005e4:	f001 f9ac 	bl	10001940 <ui_show_status>
100005e8:	b00f      	add	sp, #60	; 0x3c
100005ea:	bdf0      	pop	{r4, r5, r6, r7, pc}
100005ec:	4a08      	ldr	r2, [pc, #32]	; (10000610 <execute_arc+0x80>)
100005ee:	e7d8      	b.n	100005a2 <execute_arc+0x12>
100005f0:	4808      	ldr	r0, [pc, #32]	; (10000614 <execute_arc+0x84>)
100005f2:	e7f7      	b.n	100005e4 <execute_arc+0x54>
100005f4:	100091ac 	.word	0x100091ac
100005f8:	20000f0c 	.word	0x20000f0c
100005fc:	20000f10 	.word	0x20000f10
10000600:	20001138 	.word	0x20001138
10000604:	20000f14 	.word	0x20000f14
10000608:	20000239 	.word	0x20000239
1000060c:	100091d4 	.word	0x100091d4
10000610:	10009198 	.word	0x10009198
10000614:	100091c0 	.word	0x100091c0

10000618 <handle_manual_mode>:
10000618:	b510      	push	{r4, lr}
1000061a:	b082      	sub	sp, #8
1000061c:	2000      	movs	r0, #0
1000061e:	f005 fccb 	bl	10005fb8 <getchar_timeout_us>
10000622:	1c43      	adds	r3, r0, #1
10000624:	d01d      	beq.n	10000662 <handle_manual_mode+0x4a>
10000626:	382b      	subs	r0, #43	; 0x2b
10000628:	284c      	cmp	r0, #76	; 0x4c
1000062a:	d900      	bls.n	1000062e <handle_manual_mode+0x16>
1000062c:	e111      	b.n	10000852 <handle_manual_mode+0x23a>
1000062e:	0080      	lsls	r0, r0, #2
10000630:	4b8a      	ldr	r3, [pc, #552]	; (1000085c <handle_manual_mode+0x244>)
10000632:	581b      	ldr	r3, [r3, r0]
10000634:	469f      	mov	pc, r3
10000636:	4c8a      	ldr	r4, [pc, #552]	; (10000860 <handle_manual_mode+0x248>)
10000638:	6821      	ldr	r1, [r4, #0]
1000063a:	3914      	subs	r1, #20
1000063c:	2200      	movs	r2, #0
1000063e:	0020      	movs	r0, r4
10000640:	f7ff ff02 	bl	10000448 <move_axis_to_target>
10000644:	4b87      	ldr	r3, [pc, #540]	; (10000864 <handle_manual_mode+0x24c>)
10000646:	881b      	ldrh	r3, [r3, #0]
10000648:	4a87      	ldr	r2, [pc, #540]	; (10000868 <handle_manual_mode+0x250>)
1000064a:	6812      	ldr	r2, [r2, #0]
1000064c:	4987      	ldr	r1, [pc, #540]	; (1000086c <handle_manual_mode+0x254>)
1000064e:	6809      	ldr	r1, [r1, #0]
10000650:	6820      	ldr	r0, [r4, #0]
10000652:	4c87      	ldr	r4, [pc, #540]	; (10000870 <handle_manual_mode+0x258>)
10000654:	7824      	ldrb	r4, [r4, #0]
10000656:	9400      	str	r4, [sp, #0]
10000658:	f001 f914 	bl	10001884 <ui_update_positions>
1000065c:	4885      	ldr	r0, [pc, #532]	; (10000874 <handle_manual_mode+0x25c>)
1000065e:	f001 f96f 	bl	10001940 <ui_show_status>
10000662:	b002      	add	sp, #8
10000664:	bd10      	pop	{r4, pc}
10000666:	4c7e      	ldr	r4, [pc, #504]	; (10000860 <handle_manual_mode+0x248>)
10000668:	6821      	ldr	r1, [r4, #0]
1000066a:	3114      	adds	r1, #20
1000066c:	2200      	movs	r2, #0
1000066e:	0020      	movs	r0, r4
10000670:	f7ff feea 	bl	10000448 <move_axis_to_target>
10000674:	4b7b      	ldr	r3, [pc, #492]	; (10000864 <handle_manual_mode+0x24c>)
10000676:	881b      	ldrh	r3, [r3, #0]
10000678:	4a7b      	ldr	r2, [pc, #492]	; (10000868 <handle_manual_mode+0x250>)
1000067a:	6812      	ldr	r2, [r2, #0]
1000067c:	497b      	ldr	r1, [pc, #492]	; (1000086c <handle_manual_mode+0x254>)
1000067e:	6809      	ldr	r1, [r1, #0]
10000680:	6820      	ldr	r0, [r4, #0]
10000682:	4c7b      	ldr	r4, [pc, #492]	; (10000870 <handle_manual_mode+0x258>)
10000684:	7824      	ldrb	r4, [r4, #0]
10000686:	9400      	str	r4, [sp, #0]
10000688:	f001 f8fc 	bl	10001884 <ui_update_positions>
1000068c:	487a      	ldr	r0, [pc, #488]	; (10000878 <handle_manual_mode+0x260>)
1000068e:	f001 f957 	bl	10001940 <ui_show_status>
10000692:	e7e6      	b.n	10000662 <handle_manual_mode+0x4a>
10000694:	4c75      	ldr	r4, [pc, #468]	; (1000086c <handle_manual_mode+0x254>)
10000696:	6821      	ldr	r1, [r4, #0]
10000698:	3114      	adds	r1, #20
1000069a:	2201      	movs	r2, #1
1000069c:	0020      	movs	r0, r4
1000069e:	f7ff fed3 	bl	10000448 <move_axis_to_target>
100006a2:	4b70      	ldr	r3, [pc, #448]	; (10000864 <handle_manual_mode+0x24c>)
100006a4:	881b      	ldrh	r3, [r3, #0]
100006a6:	4a70      	ldr	r2, [pc, #448]	; (10000868 <handle_manual_mode+0x250>)
100006a8:	6812      	ldr	r2, [r2, #0]
100006aa:	6821      	ldr	r1, [r4, #0]
100006ac:	486c      	ldr	r0, [pc, #432]	; (10000860 <handle_manual_mode+0x248>)
100006ae:	6800      	ldr	r0, [r0, #0]
100006b0:	4c6f      	ldr	r4, [pc, #444]	; (10000870 <handle_manual_mode+0x258>)
100006b2:	7824      	ldrb	r4, [r4, #0]
100006b4:	9400      	str	r4, [sp, #0]
100006b6:	f001 f8e5 	bl	10001884 <ui_update_positions>
100006ba:	4870      	ldr	r0, [pc, #448]	; (1000087c <handle_manual_mode+0x264>)
100006bc:	f001 f940 	bl	10001940 <ui_show_status>
100006c0:	e7cf      	b.n	10000662 <handle_manual_mode+0x4a>
100006c2:	4c6a      	ldr	r4, [pc, #424]	; (1000086c <handle_manual_mode+0x254>)
100006c4:	6821      	ldr	r1, [r4, #0]
100006c6:	3914      	subs	r1, #20
100006c8:	2201      	movs	r2, #1
100006ca:	0020      	movs	r0, r4
100006cc:	f7ff febc 	bl	10000448 <move_axis_to_target>
100006d0:	4b64      	ldr	r3, [pc, #400]	; (10000864 <handle_manual_mode+0x24c>)
100006d2:	881b      	ldrh	r3, [r3, #0]
100006d4:	4a64      	ldr	r2, [pc, #400]	; (10000868 <handle_manual_mode+0x250>)
100006d6:	6812      	ldr	r2, [r2, #0]
100006d8:	6821      	ldr	r1, [r4, #0]
100006da:	4861      	ldr	r0, [pc, #388]	; (10000860 <handle_manual_mode+0x248>)
100006dc:	6800      	ldr	r0, [r0, #0]
100006de:	4c64      	ldr	r4, [pc, #400]	; (10000870 <handle_manual_mode+0x258>)
100006e0:	7824      	ldrb	r4, [r4, #0]
100006e2:	9400      	str	r4, [sp, #0]
100006e4:	f001 f8ce 	bl	10001884 <ui_update_positions>
100006e8:	4865      	ldr	r0, [pc, #404]	; (10000880 <handle_manual_mode+0x268>)
100006ea:	f001 f929 	bl	10001940 <ui_show_status>
100006ee:	e7b8      	b.n	10000662 <handle_manual_mode+0x4a>
100006f0:	4c5d      	ldr	r4, [pc, #372]	; (10000868 <handle_manual_mode+0x250>)
100006f2:	6821      	ldr	r1, [r4, #0]
100006f4:	3114      	adds	r1, #20
100006f6:	2202      	movs	r2, #2
100006f8:	0020      	movs	r0, r4
100006fa:	f7ff fea5 	bl	10000448 <move_axis_to_target>
100006fe:	4b59      	ldr	r3, [pc, #356]	; (10000864 <handle_manual_mode+0x24c>)
10000700:	881b      	ldrh	r3, [r3, #0]
10000702:	6822      	ldr	r2, [r4, #0]
10000704:	4959      	ldr	r1, [pc, #356]	; (1000086c <handle_manual_mode+0x254>)
10000706:	6809      	ldr	r1, [r1, #0]
10000708:	4855      	ldr	r0, [pc, #340]	; (10000860 <handle_manual_mode+0x248>)
1000070a:	6800      	ldr	r0, [r0, #0]
1000070c:	4c58      	ldr	r4, [pc, #352]	; (10000870 <handle_manual_mode+0x258>)
1000070e:	7824      	ldrb	r4, [r4, #0]
10000710:	9400      	str	r4, [sp, #0]
10000712:	f001 f8b7 	bl	10001884 <ui_update_positions>
10000716:	485b      	ldr	r0, [pc, #364]	; (10000884 <handle_manual_mode+0x26c>)
10000718:	f001 f912 	bl	10001940 <ui_show_status>
1000071c:	e7a1      	b.n	10000662 <handle_manual_mode+0x4a>
1000071e:	4c52      	ldr	r4, [pc, #328]	; (10000868 <handle_manual_mode+0x250>)
10000720:	6821      	ldr	r1, [r4, #0]
10000722:	3914      	subs	r1, #20
10000724:	2202      	movs	r2, #2
10000726:	0020      	movs	r0, r4
10000728:	f7ff fe8e 	bl	10000448 <move_axis_to_target>
1000072c:	4b4d      	ldr	r3, [pc, #308]	; (10000864 <handle_manual_mode+0x24c>)
1000072e:	881b      	ldrh	r3, [r3, #0]
10000730:	6822      	ldr	r2, [r4, #0]
10000732:	494e      	ldr	r1, [pc, #312]	; (1000086c <handle_manual_mode+0x254>)
10000734:	6809      	ldr	r1, [r1, #0]
10000736:	484a      	ldr	r0, [pc, #296]	; (10000860 <handle_manual_mode+0x248>)
10000738:	6800      	ldr	r0, [r0, #0]
1000073a:	4c4d      	ldr	r4, [pc, #308]	; (10000870 <handle_manual_mode+0x258>)
1000073c:	7824      	ldrb	r4, [r4, #0]
1000073e:	9400      	str	r4, [sp, #0]
10000740:	f001 f8a0 	bl	10001884 <ui_update_positions>
10000744:	4850      	ldr	r0, [pc, #320]	; (10000888 <handle_manual_mode+0x270>)
10000746:	f001 f8fb 	bl	10001940 <ui_show_status>
1000074a:	e78a      	b.n	10000662 <handle_manual_mode+0x4a>
1000074c:	4b45      	ldr	r3, [pc, #276]	; (10000864 <handle_manual_mode+0x24c>)
1000074e:	881b      	ldrh	r3, [r3, #0]
10000750:	2bf5      	cmp	r3, #245	; 0xf5
10000752:	d816      	bhi.n	10000782 <handle_manual_mode+0x16a>
10000754:	330a      	adds	r3, #10
10000756:	4a43      	ldr	r2, [pc, #268]	; (10000864 <handle_manual_mode+0x24c>)
10000758:	8013      	strh	r3, [r2, #0]
1000075a:	4c42      	ldr	r4, [pc, #264]	; (10000864 <handle_manual_mode+0x24c>)
1000075c:	8820      	ldrh	r0, [r4, #0]
1000075e:	f000 fd61 	bl	10001224 <mmhal_set_spindle_pwm>
10000762:	8823      	ldrh	r3, [r4, #0]
10000764:	4a40      	ldr	r2, [pc, #256]	; (10000868 <handle_manual_mode+0x250>)
10000766:	6812      	ldr	r2, [r2, #0]
10000768:	4940      	ldr	r1, [pc, #256]	; (1000086c <handle_manual_mode+0x254>)
1000076a:	6809      	ldr	r1, [r1, #0]
1000076c:	483c      	ldr	r0, [pc, #240]	; (10000860 <handle_manual_mode+0x248>)
1000076e:	6800      	ldr	r0, [r0, #0]
10000770:	4c3f      	ldr	r4, [pc, #252]	; (10000870 <handle_manual_mode+0x258>)
10000772:	7824      	ldrb	r4, [r4, #0]
10000774:	9400      	str	r4, [sp, #0]
10000776:	f001 f885 	bl	10001884 <ui_update_positions>
1000077a:	4844      	ldr	r0, [pc, #272]	; (1000088c <handle_manual_mode+0x274>)
1000077c:	f001 f8e0 	bl	10001940 <ui_show_status>
10000780:	e76f      	b.n	10000662 <handle_manual_mode+0x4a>
10000782:	4b38      	ldr	r3, [pc, #224]	; (10000864 <handle_manual_mode+0x24c>)
10000784:	22ff      	movs	r2, #255	; 0xff
10000786:	801a      	strh	r2, [r3, #0]
10000788:	e7e7      	b.n	1000075a <handle_manual_mode+0x142>
1000078a:	4b36      	ldr	r3, [pc, #216]	; (10000864 <handle_manual_mode+0x24c>)
1000078c:	881b      	ldrh	r3, [r3, #0]
1000078e:	2b09      	cmp	r3, #9
10000790:	d916      	bls.n	100007c0 <handle_manual_mode+0x1a8>
10000792:	3b0a      	subs	r3, #10
10000794:	4a33      	ldr	r2, [pc, #204]	; (10000864 <handle_manual_mode+0x24c>)
10000796:	8013      	strh	r3, [r2, #0]
10000798:	4c32      	ldr	r4, [pc, #200]	; (10000864 <handle_manual_mode+0x24c>)
1000079a:	8820      	ldrh	r0, [r4, #0]
1000079c:	f000 fd42 	bl	10001224 <mmhal_set_spindle_pwm>
100007a0:	8823      	ldrh	r3, [r4, #0]
100007a2:	4a31      	ldr	r2, [pc, #196]	; (10000868 <handle_manual_mode+0x250>)
100007a4:	6812      	ldr	r2, [r2, #0]
100007a6:	4931      	ldr	r1, [pc, #196]	; (1000086c <handle_manual_mode+0x254>)
100007a8:	6809      	ldr	r1, [r1, #0]
100007aa:	482d      	ldr	r0, [pc, #180]	; (10000860 <handle_manual_mode+0x248>)
100007ac:	6800      	ldr	r0, [r0, #0]
100007ae:	4c30      	ldr	r4, [pc, #192]	; (10000870 <handle_manual_mode+0x258>)
100007b0:	7824      	ldrb	r4, [r4, #0]
100007b2:	9400      	str	r4, [sp, #0]
100007b4:	f001 f866 	bl	10001884 <ui_update_positions>
100007b8:	4834      	ldr	r0, [pc, #208]	; (1000088c <handle_manual_mode+0x274>)
100007ba:	f001 f8c1 	bl	10001940 <ui_show_status>
100007be:	e750      	b.n	10000662 <handle_manual_mode+0x4a>
100007c0:	4b28      	ldr	r3, [pc, #160]	; (10000864 <handle_manual_mode+0x24c>)
100007c2:	2200      	movs	r2, #0
100007c4:	801a      	strh	r2, [r3, #0]
100007c6:	e7e7      	b.n	10000798 <handle_manual_mode+0x180>
100007c8:	4c26      	ldr	r4, [pc, #152]	; (10000864 <handle_manual_mode+0x24c>)
100007ca:	2300      	movs	r3, #0
100007cc:	8023      	strh	r3, [r4, #0]
100007ce:	2000      	movs	r0, #0
100007d0:	f000 fd28 	bl	10001224 <mmhal_set_spindle_pwm>
100007d4:	8823      	ldrh	r3, [r4, #0]
100007d6:	4a24      	ldr	r2, [pc, #144]	; (10000868 <handle_manual_mode+0x250>)
100007d8:	6812      	ldr	r2, [r2, #0]
100007da:	4924      	ldr	r1, [pc, #144]	; (1000086c <handle_manual_mode+0x254>)
100007dc:	6809      	ldr	r1, [r1, #0]
100007de:	4820      	ldr	r0, [pc, #128]	; (10000860 <handle_manual_mode+0x248>)
100007e0:	6800      	ldr	r0, [r0, #0]
100007e2:	4c23      	ldr	r4, [pc, #140]	; (10000870 <handle_manual_mode+0x258>)
100007e4:	7824      	ldrb	r4, [r4, #0]
100007e6:	9400      	str	r4, [sp, #0]
100007e8:	f001 f84c 	bl	10001884 <ui_update_positions>
100007ec:	4828      	ldr	r0, [pc, #160]	; (10000890 <handle_manual_mode+0x278>)
100007ee:	f001 f8a7 	bl	10001940 <ui_show_status>
100007f2:	e736      	b.n	10000662 <handle_manual_mode+0x4a>
100007f4:	4c1e      	ldr	r4, [pc, #120]	; (10000870 <handle_manual_mode+0x258>)
100007f6:	2300      	movs	r3, #0
100007f8:	7023      	strb	r3, [r4, #0]
100007fa:	f000 fee7 	bl	100015cc <ui_draw_background>
100007fe:	f000 ff9f 	bl	10001740 <ui_draw_help_command>
10000802:	4b18      	ldr	r3, [pc, #96]	; (10000864 <handle_manual_mode+0x24c>)
10000804:	881b      	ldrh	r3, [r3, #0]
10000806:	4a18      	ldr	r2, [pc, #96]	; (10000868 <handle_manual_mode+0x250>)
10000808:	6812      	ldr	r2, [r2, #0]
1000080a:	4918      	ldr	r1, [pc, #96]	; (1000086c <handle_manual_mode+0x254>)
1000080c:	6809      	ldr	r1, [r1, #0]
1000080e:	4814      	ldr	r0, [pc, #80]	; (10000860 <handle_manual_mode+0x248>)
10000810:	6800      	ldr	r0, [r0, #0]
10000812:	7824      	ldrb	r4, [r4, #0]
10000814:	9400      	str	r4, [sp, #0]
10000816:	f001 f835 	bl	10001884 <ui_update_positions>
1000081a:	481e      	ldr	r0, [pc, #120]	; (10000894 <handle_manual_mode+0x27c>)
1000081c:	f001 f890 	bl	10001940 <ui_show_status>
10000820:	f001 f8e0 	bl	100019e4 <ui_clear_input_line>
10000824:	2000      	movs	r0, #0
10000826:	f001 f8f3 	bl	10001a10 <ui_place_input_cursor>
1000082a:	e71a      	b.n	10000662 <handle_manual_mode+0x4a>
1000082c:	f7ff fda8 	bl	10000380 <print_manual_menu>
10000830:	4b0c      	ldr	r3, [pc, #48]	; (10000864 <handle_manual_mode+0x24c>)
10000832:	881b      	ldrh	r3, [r3, #0]
10000834:	4a0c      	ldr	r2, [pc, #48]	; (10000868 <handle_manual_mode+0x250>)
10000836:	6812      	ldr	r2, [r2, #0]
10000838:	490c      	ldr	r1, [pc, #48]	; (1000086c <handle_manual_mode+0x254>)
1000083a:	6809      	ldr	r1, [r1, #0]
1000083c:	4808      	ldr	r0, [pc, #32]	; (10000860 <handle_manual_mode+0x248>)
1000083e:	6800      	ldr	r0, [r0, #0]
10000840:	4c0b      	ldr	r4, [pc, #44]	; (10000870 <handle_manual_mode+0x258>)
10000842:	7824      	ldrb	r4, [r4, #0]
10000844:	9400      	str	r4, [sp, #0]
10000846:	f001 f81d 	bl	10001884 <ui_update_positions>
1000084a:	4813      	ldr	r0, [pc, #76]	; (10000898 <handle_manual_mode+0x280>)
1000084c:	f001 f878 	bl	10001940 <ui_show_status>
10000850:	e707      	b.n	10000662 <handle_manual_mode+0x4a>
10000852:	4812      	ldr	r0, [pc, #72]	; (1000089c <handle_manual_mode+0x284>)
10000854:	f001 f874 	bl	10001940 <ui_show_status>
10000858:	e703      	b.n	10000662 <handle_manual_mode+0x4a>
1000085a:	46c0      	nop			; (mov r8, r8)
1000085c:	10009274 	.word	0x10009274
10000860:	20000f0c 	.word	0x20000f0c
10000864:	20001138 	.word	0x20001138
10000868:	20000f14 	.word	0x20000f14
1000086c:	20000f10 	.word	0x20000f10
10000870:	20000239 	.word	0x20000239
10000874:	100091e4 	.word	0x100091e4
10000878:	100091f0 	.word	0x100091f0
1000087c:	100091fc 	.word	0x100091fc
10000880:	10009208 	.word	0x10009208
10000884:	10009214 	.word	0x10009214
10000888:	10009220 	.word	0x10009220
1000088c:	1000922c 	.word	0x1000922c
10000890:	10009240 	.word	0x10009240
10000894:	1000924c 	.word	0x1000924c
10000898:	10009148 	.word	0x10009148
1000089c:	10009268 	.word	0x10009268

100008a0 <linear_value_to_steps>:
100008a0:	b570      	push	{r4, r5, r6, lr}
100008a2:	1c04      	adds	r4, r0, #0
100008a4:	000d      	movs	r5, r1
100008a6:	4b08      	ldr	r3, [pc, #32]	; (100008c8 <linear_value_to_steps+0x28>)
100008a8:	781b      	ldrb	r3, [r3, #0]
100008aa:	2b00      	cmp	r3, #0
100008ac:	d103      	bne.n	100008b6 <linear_value_to_steps+0x16>
100008ae:	4907      	ldr	r1, [pc, #28]	; (100008cc <linear_value_to_steps+0x2c>)
100008b0:	f005 f877 	bl	100059a2 <__wrap___aeabi_fmul>
100008b4:	1c04      	adds	r4, r0, #0
100008b6:	0028      	movs	r0, r5
100008b8:	f005 f8b8 	bl	10005a2c <__wrap___aeabi_i2f>
100008bc:	1c21      	adds	r1, r4, #0
100008be:	f005 f870 	bl	100059a2 <__wrap___aeabi_fmul>
100008c2:	f005 f8d5 	bl	10005a70 <__wrap___aeabi_f2iz>
100008c6:	bd70      	pop	{r4, r5, r6, pc}
100008c8:	2000023a 	.word	0x2000023a
100008cc:	41cb3333 	.word	0x41cb3333

100008d0 <build_target_positions>:
100008d0:	b5f8      	push	{r3, r4, r5, r6, r7, lr}
100008d2:	0004      	movs	r4, r0
100008d4:	000f      	movs	r7, r1
100008d6:	0016      	movs	r6, r2
100008d8:	001d      	movs	r5, r3
100008da:	4b1b      	ldr	r3, [pc, #108]	; (10000948 <build_target_positions+0x78>)
100008dc:	681b      	ldr	r3, [r3, #0]
100008de:	600b      	str	r3, [r1, #0]
100008e0:	4b1a      	ldr	r3, [pc, #104]	; (1000094c <build_target_positions+0x7c>)
100008e2:	681b      	ldr	r3, [r3, #0]
100008e4:	6013      	str	r3, [r2, #0]
100008e6:	4b1a      	ldr	r3, [pc, #104]	; (10000950 <build_target_positions+0x80>)
100008e8:	681b      	ldr	r3, [r3, #0]
100008ea:	602b      	str	r3, [r5, #0]
100008ec:	7843      	ldrb	r3, [r0, #1]
100008ee:	2b00      	cmp	r3, #0
100008f0:	d00b      	beq.n	1000090a <build_target_positions+0x3a>
100008f2:	2150      	movs	r1, #80	; 0x50
100008f4:	68c0      	ldr	r0, [r0, #12]
100008f6:	f7ff ffd3 	bl	100008a0 <linear_value_to_steps>
100008fa:	4b16      	ldr	r3, [pc, #88]	; (10000954 <build_target_positions+0x84>)
100008fc:	781b      	ldrb	r3, [r3, #0]
100008fe:	2b00      	cmp	r3, #0
10000900:	d102      	bne.n	10000908 <build_target_positions+0x38>
10000902:	4b11      	ldr	r3, [pc, #68]	; (10000948 <build_target_positions+0x78>)
10000904:	681b      	ldr	r3, [r3, #0]
10000906:	18c0      	adds	r0, r0, r3
10000908:	6038      	str	r0, [r7, #0]
1000090a:	78a3      	ldrb	r3, [r4, #2]
1000090c:	2b00      	cmp	r3, #0
1000090e:	d00b      	beq.n	10000928 <build_target_positions+0x58>
10000910:	2150      	movs	r1, #80	; 0x50
10000912:	6920      	ldr	r0, [r4, #16]
10000914:	f7ff ffc4 	bl	100008a0 <linear_value_to_steps>
10000918:	4b0e      	ldr	r3, [pc, #56]	; (10000954 <build_target_positions+0x84>)
1000091a:	781b      	ldrb	r3, [r3, #0]
1000091c:	2b00      	cmp	r3, #0
1000091e:	d102      	bne.n	10000926 <build_target_positions+0x56>
10000920:	4b0a      	ldr	r3, [pc, #40]	; (1000094c <build_target_positions+0x7c>)
10000922:	681b      	ldr	r3, [r3, #0]
10000924:	18c0      	adds	r0, r0, r3
10000926:	6030      	str	r0, [r6, #0]
10000928:	78e3      	ldrb	r3, [r4, #3]
1000092a:	2b00      	cmp	r3, #0
1000092c:	d00b      	beq.n	10000946 <build_target_positions+0x76>
1000092e:	6960      	ldr	r0, [r4, #20]
10000930:	2150      	movs	r1, #80	; 0x50
10000932:	f7ff ffb5 	bl	100008a0 <linear_value_to_steps>
10000936:	4b07      	ldr	r3, [pc, #28]	; (10000954 <build_target_positions+0x84>)
10000938:	781b      	ldrb	r3, [r3, #0]
1000093a:	2b00      	cmp	r3, #0
1000093c:	d102      	bne.n	10000944 <build_target_positions+0x74>
1000093e:	4b04      	ldr	r3, [pc, #16]	; (10000950 <build_target_positions+0x80>)
10000940:	681b      	ldr	r3, [r3, #0]
10000942:	18c0      	adds	r0, r0, r3
10000944:	6028      	str	r0, [r5, #0]
10000946:	bdf8      	pop	{r3, r4, r5, r6, r7, pc}
10000948:	20000f0c 	.word	0x20000f0c
1000094c:	20000f10 	.word	0x20000f10
10000950:	20000f14 	.word	0x20000f14
10000954:	20000238 	.word	0x20000238

10000958 <handle_command_mode>:
10000958:	b510      	push	{r4, lr}
1000095a:	b0a2      	sub	sp, #136	; 0x88
1000095c:	2000      	movs	r0, #0
1000095e:	f005 fb2b 	bl	10005fb8 <getchar_timeout_us>
10000962:	1c43      	adds	r3, r0, #1
10000964:	d02b      	beq.n	100009be <handle_command_mode+0x66>
10000966:	280d      	cmp	r0, #13
10000968:	d025      	beq.n	100009b6 <handle_command_mode+0x5e>
1000096a:	280a      	cmp	r0, #10
1000096c:	d023      	beq.n	100009b6 <handle_command_mode+0x5e>
1000096e:	2808      	cmp	r0, #8
10000970:	d100      	bne.n	10000974 <handle_command_mode+0x1c>
10000972:	e213      	b.n	10000d9c <handle_command_mode+0x444>
10000974:	287f      	cmp	r0, #127	; 0x7f
10000976:	d100      	bne.n	1000097a <handle_command_mode+0x22>
10000978:	e210      	b.n	10000d9c <handle_command_mode+0x444>
1000097a:	23ff      	movs	r3, #255	; 0xff
1000097c:	4018      	ands	r0, r3
1000097e:	4bc7      	ldr	r3, [pc, #796]	; (10000c9c <handle_command_mode+0x344>)
10000980:	5c1b      	ldrb	r3, [r3, r0]
10000982:	2268      	movs	r2, #104	; 0x68
10000984:	0019      	movs	r1, r3
10000986:	4391      	bics	r1, r2
10000988:	d100      	bne.n	1000098c <handle_command_mode+0x34>
1000098a:	e221      	b.n	10000dd0 <handle_command_mode+0x478>
1000098c:	4ac4      	ldr	r2, [pc, #784]	; (10000ca0 <handle_command_mode+0x348>)
1000098e:	6812      	ldr	r2, [r2, #0]
10000990:	2a3e      	cmp	r2, #62	; 0x3e
10000992:	dd00      	ble.n	10000996 <handle_command_mode+0x3e>
10000994:	e21c      	b.n	10000dd0 <handle_command_mode+0x478>
10000996:	2103      	movs	r1, #3
10000998:	400b      	ands	r3, r1
1000099a:	2b02      	cmp	r3, #2
1000099c:	d100      	bne.n	100009a0 <handle_command_mode+0x48>
1000099e:	e215      	b.n	10000dcc <handle_command_mode+0x474>
100009a0:	4bc0      	ldr	r3, [pc, #768]	; (10000ca4 <handle_command_mode+0x34c>)
100009a2:	5498      	strb	r0, [r3, r2]
100009a4:	4cbe      	ldr	r4, [pc, #760]	; (10000ca0 <handle_command_mode+0x348>)
100009a6:	3201      	adds	r2, #1
100009a8:	6022      	str	r2, [r4, #0]
100009aa:	f005 fa8f 	bl	10005ecc <__wrap_putchar>
100009ae:	6820      	ldr	r0, [r4, #0]
100009b0:	f001 f82e 	bl	10001a10 <ui_place_input_cursor>
100009b4:	e003      	b.n	100009be <handle_command_mode+0x66>
100009b6:	4bba      	ldr	r3, [pc, #744]	; (10000ca0 <handle_command_mode+0x348>)
100009b8:	681b      	ldr	r3, [r3, #0]
100009ba:	2b00      	cmp	r3, #0
100009bc:	d101      	bne.n	100009c2 <handle_command_mode+0x6a>
100009be:	b022      	add	sp, #136	; 0x88
100009c0:	bd10      	pop	{r4, pc}
100009c2:	48b8      	ldr	r0, [pc, #736]	; (10000ca4 <handle_command_mode+0x34c>)
100009c4:	2200      	movs	r2, #0
100009c6:	54c2      	strb	r2, [r0, r3]
100009c8:	a907      	add	r1, sp, #28
100009ca:	f000 fb72 	bl	100010b2 <parse_command>
100009ce:	2800      	cmp	r0, #0
100009d0:	d008      	beq.n	100009e4 <handle_command_mode+0x8c>
100009d2:	ab07      	add	r3, sp, #28
100009d4:	781b      	ldrb	r3, [r3, #0]
100009d6:	2b0f      	cmp	r3, #15
100009d8:	d900      	bls.n	100009dc <handle_command_mode+0x84>
100009da:	e1db      	b.n	10000d94 <handle_command_mode+0x43c>
100009dc:	009b      	lsls	r3, r3, #2
100009de:	4ab2      	ldr	r2, [pc, #712]	; (10000ca8 <handle_command_mode+0x350>)
100009e0:	58d3      	ldr	r3, [r2, r3]
100009e2:	469f      	mov	pc, r3
100009e4:	4baf      	ldr	r3, [pc, #700]	; (10000ca4 <handle_command_mode+0x34c>)
100009e6:	4ab1      	ldr	r2, [pc, #708]	; (10000cac <handle_command_mode+0x354>)
100009e8:	2140      	movs	r1, #64	; 0x40
100009ea:	a812      	add	r0, sp, #72	; 0x48
100009ec:	f004 f812 	bl	10004a14 <__wrap_snprintf>
100009f0:	a812      	add	r0, sp, #72	; 0x48
100009f2:	f000 ffcd 	bl	10001990 <ui_show_error>
100009f6:	4caa      	ldr	r4, [pc, #680]	; (10000ca0 <handle_command_mode+0x348>)
100009f8:	2300      	movs	r3, #0
100009fa:	6023      	str	r3, [r4, #0]
100009fc:	f000 fff2 	bl	100019e4 <ui_clear_input_line>
10000a00:	6820      	ldr	r0, [r4, #0]
10000a02:	f001 f805 	bl	10001a10 <ui_place_input_cursor>
10000a06:	e7da      	b.n	100009be <handle_command_mode+0x66>
10000a08:	4ca9      	ldr	r4, [pc, #676]	; (10000cb0 <handle_command_mode+0x358>)
10000a0a:	2301      	movs	r3, #1
10000a0c:	7023      	strb	r3, [r4, #0]
10000a0e:	f7ff fcb7 	bl	10000380 <print_manual_menu>
10000a12:	4ba8      	ldr	r3, [pc, #672]	; (10000cb4 <handle_command_mode+0x35c>)
10000a14:	881b      	ldrh	r3, [r3, #0]
10000a16:	4aa8      	ldr	r2, [pc, #672]	; (10000cb8 <handle_command_mode+0x360>)
10000a18:	6812      	ldr	r2, [r2, #0]
10000a1a:	49a8      	ldr	r1, [pc, #672]	; (10000cbc <handle_command_mode+0x364>)
10000a1c:	6809      	ldr	r1, [r1, #0]
10000a1e:	48a8      	ldr	r0, [pc, #672]	; (10000cc0 <handle_command_mode+0x368>)
10000a20:	6800      	ldr	r0, [r0, #0]
10000a22:	7824      	ldrb	r4, [r4, #0]
10000a24:	9400      	str	r4, [sp, #0]
10000a26:	f000 ff2d 	bl	10001884 <ui_update_positions>
10000a2a:	48a6      	ldr	r0, [pc, #664]	; (10000cc4 <handle_command_mode+0x36c>)
10000a2c:	f000 ff88 	bl	10001940 <ui_show_status>
10000a30:	4c9b      	ldr	r4, [pc, #620]	; (10000ca0 <handle_command_mode+0x348>)
10000a32:	2300      	movs	r3, #0
10000a34:	6023      	str	r3, [r4, #0]
10000a36:	f000 ffd5 	bl	100019e4 <ui_clear_input_line>
10000a3a:	6820      	ldr	r0, [r4, #0]
10000a3c:	f000 ffe8 	bl	10001a10 <ui_place_input_cursor>
10000a40:	e7bd      	b.n	100009be <handle_command_mode+0x66>
10000a42:	ab07      	add	r3, sp, #28
10000a44:	7a1b      	ldrb	r3, [r3, #8]
10000a46:	2b00      	cmp	r3, #0
10000a48:	d01e      	beq.n	10000a88 <handle_command_mode+0x130>
10000a4a:	9811      	ldr	r0, [sp, #68]	; 0x44
10000a4c:	f005 f810 	bl	10005a70 <__wrap___aeabi_f2iz>
10000a50:	2800      	cmp	r0, #0
10000a52:	db03      	blt.n	10000a5c <handle_command_mode+0x104>
10000a54:	2896      	cmp	r0, #150	; 0x96
10000a56:	dd02      	ble.n	10000a5e <handle_command_mode+0x106>
10000a58:	2096      	movs	r0, #150	; 0x96
10000a5a:	e000      	b.n	10000a5e <handle_command_mode+0x106>
10000a5c:	2000      	movs	r0, #0
10000a5e:	b280      	uxth	r0, r0
10000a60:	4c94      	ldr	r4, [pc, #592]	; (10000cb4 <handle_command_mode+0x35c>)
10000a62:	8020      	strh	r0, [r4, #0]
10000a64:	f000 fbde 	bl	10001224 <mmhal_set_spindle_pwm>
10000a68:	8823      	ldrh	r3, [r4, #0]
10000a6a:	4a93      	ldr	r2, [pc, #588]	; (10000cb8 <handle_command_mode+0x360>)
10000a6c:	6812      	ldr	r2, [r2, #0]
10000a6e:	4993      	ldr	r1, [pc, #588]	; (10000cbc <handle_command_mode+0x364>)
10000a70:	6809      	ldr	r1, [r1, #0]
10000a72:	4893      	ldr	r0, [pc, #588]	; (10000cc0 <handle_command_mode+0x368>)
10000a74:	6800      	ldr	r0, [r0, #0]
10000a76:	4c8e      	ldr	r4, [pc, #568]	; (10000cb0 <handle_command_mode+0x358>)
10000a78:	7824      	ldrb	r4, [r4, #0]
10000a7a:	9400      	str	r4, [sp, #0]
10000a7c:	f000 ff02 	bl	10001884 <ui_update_positions>
10000a80:	4891      	ldr	r0, [pc, #580]	; (10000cc8 <handle_command_mode+0x370>)
10000a82:	f000 ff5d 	bl	10001940 <ui_show_status>
10000a86:	e7d3      	b.n	10000a30 <handle_command_mode+0xd8>
10000a88:	4890      	ldr	r0, [pc, #576]	; (10000ccc <handle_command_mode+0x374>)
10000a8a:	f000 ff81 	bl	10001990 <ui_show_error>
10000a8e:	e7cf      	b.n	10000a30 <handle_command_mode+0xd8>
10000a90:	4c88      	ldr	r4, [pc, #544]	; (10000cb4 <handle_command_mode+0x35c>)
10000a92:	2300      	movs	r3, #0
10000a94:	8023      	strh	r3, [r4, #0]
10000a96:	2000      	movs	r0, #0
10000a98:	f000 fbc4 	bl	10001224 <mmhal_set_spindle_pwm>
10000a9c:	8823      	ldrh	r3, [r4, #0]
10000a9e:	4a86      	ldr	r2, [pc, #536]	; (10000cb8 <handle_command_mode+0x360>)
10000aa0:	6812      	ldr	r2, [r2, #0]
10000aa2:	4986      	ldr	r1, [pc, #536]	; (10000cbc <handle_command_mode+0x364>)
10000aa4:	6809      	ldr	r1, [r1, #0]
10000aa6:	4886      	ldr	r0, [pc, #536]	; (10000cc0 <handle_command_mode+0x368>)
10000aa8:	6800      	ldr	r0, [r0, #0]
10000aaa:	4c81      	ldr	r4, [pc, #516]	; (10000cb0 <handle_command_mode+0x358>)
10000aac:	7824      	ldrb	r4, [r4, #0]
10000aae:	9400      	str	r4, [sp, #0]
10000ab0:	f000 fee8 	bl	10001884 <ui_update_positions>
10000ab4:	4886      	ldr	r0, [pc, #536]	; (10000cd0 <handle_command_mode+0x378>)
10000ab6:	f000 ff43 	bl	10001940 <ui_show_status>
10000aba:	e7b9      	b.n	10000a30 <handle_command_mode+0xd8>
10000abc:	4b85      	ldr	r3, [pc, #532]	; (10000cd4 <handle_command_mode+0x37c>)
10000abe:	2201      	movs	r2, #1
10000ac0:	701a      	strb	r2, [r3, #0]
10000ac2:	4885      	ldr	r0, [pc, #532]	; (10000cd8 <handle_command_mode+0x380>)
10000ac4:	f000 ff3c 	bl	10001940 <ui_show_status>
10000ac8:	e7b2      	b.n	10000a30 <handle_command_mode+0xd8>
10000aca:	4b82      	ldr	r3, [pc, #520]	; (10000cd4 <handle_command_mode+0x37c>)
10000acc:	2200      	movs	r2, #0
10000ace:	701a      	strb	r2, [r3, #0]
10000ad0:	4882      	ldr	r0, [pc, #520]	; (10000cdc <handle_command_mode+0x384>)
10000ad2:	f000 ff35 	bl	10001940 <ui_show_status>
10000ad6:	e7ab      	b.n	10000a30 <handle_command_mode+0xd8>
10000ad8:	4b79      	ldr	r3, [pc, #484]	; (10000cc0 <handle_command_mode+0x368>)
10000ada:	6818      	ldr	r0, [r3, #0]
10000adc:	4b80      	ldr	r3, [pc, #512]	; (10000ce0 <handle_command_mode+0x388>)
10000ade:	6018      	str	r0, [r3, #0]
10000ae0:	4b76      	ldr	r3, [pc, #472]	; (10000cbc <handle_command_mode+0x364>)
10000ae2:	6819      	ldr	r1, [r3, #0]
10000ae4:	4b7f      	ldr	r3, [pc, #508]	; (10000ce4 <handle_command_mode+0x38c>)
10000ae6:	6019      	str	r1, [r3, #0]
10000ae8:	4b73      	ldr	r3, [pc, #460]	; (10000cb8 <handle_command_mode+0x360>)
10000aea:	681a      	ldr	r2, [r3, #0]
10000aec:	4b7e      	ldr	r3, [pc, #504]	; (10000ce8 <handle_command_mode+0x390>)
10000aee:	601a      	str	r2, [r3, #0]
10000af0:	4b70      	ldr	r3, [pc, #448]	; (10000cb4 <handle_command_mode+0x35c>)
10000af2:	881b      	ldrh	r3, [r3, #0]
10000af4:	4c6e      	ldr	r4, [pc, #440]	; (10000cb0 <handle_command_mode+0x358>)
10000af6:	7824      	ldrb	r4, [r4, #0]
10000af8:	9400      	str	r4, [sp, #0]
10000afa:	f000 fec3 	bl	10001884 <ui_update_positions>
10000afe:	487b      	ldr	r0, [pc, #492]	; (10000cec <handle_command_mode+0x394>)
10000b00:	f000 ff1e 	bl	10001940 <ui_show_status>
10000b04:	e794      	b.n	10000a30 <handle_command_mode+0xd8>
10000b06:	4b78      	ldr	r3, [pc, #480]	; (10000ce8 <handle_command_mode+0x390>)
10000b08:	681a      	ldr	r2, [r3, #0]
10000b0a:	4b76      	ldr	r3, [pc, #472]	; (10000ce4 <handle_command_mode+0x38c>)
10000b0c:	6819      	ldr	r1, [r3, #0]
10000b0e:	4b74      	ldr	r3, [pc, #464]	; (10000ce0 <handle_command_mode+0x388>)
10000b10:	6818      	ldr	r0, [r3, #0]
10000b12:	4b77      	ldr	r3, [pc, #476]	; (10000cf0 <handle_command_mode+0x398>)
10000b14:	f7ff fcf4 	bl	10000500 <execute_move>
10000b18:	4b66      	ldr	r3, [pc, #408]	; (10000cb4 <handle_command_mode+0x35c>)
10000b1a:	881b      	ldrh	r3, [r3, #0]
10000b1c:	4a66      	ldr	r2, [pc, #408]	; (10000cb8 <handle_command_mode+0x360>)
10000b1e:	6812      	ldr	r2, [r2, #0]
10000b20:	4966      	ldr	r1, [pc, #408]	; (10000cbc <handle_command_mode+0x364>)
10000b22:	6809      	ldr	r1, [r1, #0]
10000b24:	4866      	ldr	r0, [pc, #408]	; (10000cc0 <handle_command_mode+0x368>)
10000b26:	6800      	ldr	r0, [r0, #0]
10000b28:	4c61      	ldr	r4, [pc, #388]	; (10000cb0 <handle_command_mode+0x358>)
10000b2a:	7824      	ldrb	r4, [r4, #0]
10000b2c:	9400      	str	r4, [sp, #0]
10000b2e:	f000 fea9 	bl	10001884 <ui_update_positions>
10000b32:	4870      	ldr	r0, [pc, #448]	; (10000cf4 <handle_command_mode+0x39c>)
10000b34:	f000 ff04 	bl	10001940 <ui_show_status>
10000b38:	e77a      	b.n	10000a30 <handle_command_mode+0xd8>
10000b3a:	ab07      	add	r3, sp, #28
10000b3c:	79db      	ldrb	r3, [r3, #7]
10000b3e:	2b00      	cmp	r3, #0
10000b40:	d010      	beq.n	10000b64 <handle_command_mode+0x20c>
10000b42:	9810      	ldr	r0, [sp, #64]	; 0x40
10000b44:	f004 ff94 	bl	10005a70 <__wrap___aeabi_f2iz>
10000b48:	1e04      	subs	r4, r0, #0
10000b4a:	db09      	blt.n	10000b60 <handle_command_mode+0x208>
10000b4c:	486a      	ldr	r0, [pc, #424]	; (10000cf8 <handle_command_mode+0x3a0>)
10000b4e:	f000 fef7 	bl	10001940 <ui_show_status>
10000b52:	0020      	movs	r0, r4
10000b54:	f001 ff7e 	bl	10002a54 <sleep_ms>
10000b58:	4868      	ldr	r0, [pc, #416]	; (10000cfc <handle_command_mode+0x3a4>)
10000b5a:	f000 fef1 	bl	10001940 <ui_show_status>
10000b5e:	e767      	b.n	10000a30 <handle_command_mode+0xd8>
10000b60:	2400      	movs	r4, #0
10000b62:	e7f3      	b.n	10000b4c <handle_command_mode+0x1f4>
10000b64:	4866      	ldr	r0, [pc, #408]	; (10000d00 <handle_command_mode+0x3a8>)
10000b66:	f000 ff13 	bl	10001990 <ui_show_error>
10000b6a:	e761      	b.n	10000a30 <handle_command_mode+0xd8>
10000b6c:	4b65      	ldr	r3, [pc, #404]	; (10000d04 <handle_command_mode+0x3ac>)
10000b6e:	2200      	movs	r2, #0
10000b70:	701a      	strb	r2, [r3, #0]
10000b72:	4865      	ldr	r0, [pc, #404]	; (10000d08 <handle_command_mode+0x3b0>)
10000b74:	f000 fee4 	bl	10001940 <ui_show_status>
10000b78:	e75a      	b.n	10000a30 <handle_command_mode+0xd8>
10000b7a:	4b62      	ldr	r3, [pc, #392]	; (10000d04 <handle_command_mode+0x3ac>)
10000b7c:	2201      	movs	r2, #1
10000b7e:	701a      	strb	r2, [r3, #0]
10000b80:	4862      	ldr	r0, [pc, #392]	; (10000d0c <handle_command_mode+0x3b4>)
10000b82:	f000 fedd 	bl	10001940 <ui_show_status>
10000b86:	e753      	b.n	10000a30 <handle_command_mode+0xd8>
10000b88:	ab12      	add	r3, sp, #72	; 0x48
10000b8a:	aa06      	add	r2, sp, #24
10000b8c:	a905      	add	r1, sp, #20
10000b8e:	a807      	add	r0, sp, #28
10000b90:	f7ff fe9e 	bl	100008d0 <build_target_positions>
10000b94:	4b5e      	ldr	r3, [pc, #376]	; (10000d10 <handle_command_mode+0x3b8>)
10000b96:	9a12      	ldr	r2, [sp, #72]	; 0x48
10000b98:	9906      	ldr	r1, [sp, #24]
10000b9a:	9805      	ldr	r0, [sp, #20]
10000b9c:	f7ff fcb0 	bl	10000500 <execute_move>
10000ba0:	4b44      	ldr	r3, [pc, #272]	; (10000cb4 <handle_command_mode+0x35c>)
10000ba2:	881b      	ldrh	r3, [r3, #0]
10000ba4:	4a44      	ldr	r2, [pc, #272]	; (10000cb8 <handle_command_mode+0x360>)
10000ba6:	6812      	ldr	r2, [r2, #0]
10000ba8:	4944      	ldr	r1, [pc, #272]	; (10000cbc <handle_command_mode+0x364>)
10000baa:	6809      	ldr	r1, [r1, #0]
10000bac:	4844      	ldr	r0, [pc, #272]	; (10000cc0 <handle_command_mode+0x368>)
10000bae:	6800      	ldr	r0, [r0, #0]
10000bb0:	4c3f      	ldr	r4, [pc, #252]	; (10000cb0 <handle_command_mode+0x358>)
10000bb2:	7824      	ldrb	r4, [r4, #0]
10000bb4:	9400      	str	r4, [sp, #0]
10000bb6:	f000 fe65 	bl	10001884 <ui_update_positions>
10000bba:	4856      	ldr	r0, [pc, #344]	; (10000d14 <handle_command_mode+0x3bc>)
10000bbc:	f000 fec0 	bl	10001940 <ui_show_status>
10000bc0:	e736      	b.n	10000a30 <handle_command_mode+0xd8>
10000bc2:	ac07      	add	r4, sp, #28
10000bc4:	ab12      	add	r3, sp, #72	; 0x48
10000bc6:	aa06      	add	r2, sp, #24
10000bc8:	a905      	add	r1, sp, #20
10000bca:	0020      	movs	r0, r4
10000bcc:	f7ff fe80 	bl	100008d0 <build_target_positions>
10000bd0:	7923      	ldrb	r3, [r4, #4]
10000bd2:	2b00      	cmp	r3, #0
10000bd4:	d116      	bne.n	10000c04 <handle_command_mode+0x2ac>
10000bd6:	4b50      	ldr	r3, [pc, #320]	; (10000d18 <handle_command_mode+0x3c0>)
10000bd8:	9a12      	ldr	r2, [sp, #72]	; 0x48
10000bda:	9906      	ldr	r1, [sp, #24]
10000bdc:	9805      	ldr	r0, [sp, #20]
10000bde:	f7ff fc8f 	bl	10000500 <execute_move>
10000be2:	4b34      	ldr	r3, [pc, #208]	; (10000cb4 <handle_command_mode+0x35c>)
10000be4:	881b      	ldrh	r3, [r3, #0]
10000be6:	4a34      	ldr	r2, [pc, #208]	; (10000cb8 <handle_command_mode+0x360>)
10000be8:	6812      	ldr	r2, [r2, #0]
10000bea:	4934      	ldr	r1, [pc, #208]	; (10000cbc <handle_command_mode+0x364>)
10000bec:	6809      	ldr	r1, [r1, #0]
10000bee:	4834      	ldr	r0, [pc, #208]	; (10000cc0 <handle_command_mode+0x368>)
10000bf0:	6800      	ldr	r0, [r0, #0]
10000bf2:	4c2f      	ldr	r4, [pc, #188]	; (10000cb0 <handle_command_mode+0x358>)
10000bf4:	7824      	ldrb	r4, [r4, #0]
10000bf6:	9400      	str	r4, [sp, #0]
10000bf8:	f000 fe44 	bl	10001884 <ui_update_positions>
10000bfc:	4847      	ldr	r0, [pc, #284]	; (10000d1c <handle_command_mode+0x3c4>)
10000bfe:	f000 fe9f 	bl	10001940 <ui_show_status>
10000c02:	e715      	b.n	10000a30 <handle_command_mode+0xd8>
10000c04:	980d      	ldr	r0, [sp, #52]	; 0x34
10000c06:	f004 ff33 	bl	10005a70 <__wrap___aeabi_f2iz>
10000c0a:	f7ff fbfb 	bl	10000404 <set_feed_rate>
10000c0e:	e7e2      	b.n	10000bd6 <handle_command_mode+0x27e>
10000c10:	ac07      	add	r4, sp, #28
10000c12:	ab12      	add	r3, sp, #72	; 0x48
10000c14:	aa06      	add	r2, sp, #24
10000c16:	a905      	add	r1, sp, #20
10000c18:	0020      	movs	r0, r4
10000c1a:	f7ff fe59 	bl	100008d0 <build_target_positions>
10000c1e:	7963      	ldrb	r3, [r4, #5]
10000c20:	2b00      	cmp	r3, #0
10000c22:	d002      	beq.n	10000c2a <handle_command_mode+0x2d2>
10000c24:	79a3      	ldrb	r3, [r4, #6]
10000c26:	2b00      	cmp	r3, #0
10000c28:	d103      	bne.n	10000c32 <handle_command_mode+0x2da>
10000c2a:	483d      	ldr	r0, [pc, #244]	; (10000d20 <handle_command_mode+0x3c8>)
10000c2c:	f000 feb0 	bl	10001990 <ui_show_error>
10000c30:	e6fe      	b.n	10000a30 <handle_command_mode+0xd8>
10000c32:	9b0e      	ldr	r3, [sp, #56]	; 0x38
10000c34:	9303      	str	r3, [sp, #12]
10000c36:	2150      	movs	r1, #80	; 0x50
10000c38:	1c18      	adds	r0, r3, #0
10000c3a:	f7ff fe31 	bl	100008a0 <linear_value_to_steps>
10000c3e:	0004      	movs	r4, r0
10000c40:	980f      	ldr	r0, [sp, #60]	; 0x3c
10000c42:	2150      	movs	r1, #80	; 0x50
10000c44:	f7ff fe2c 	bl	100008a0 <linear_value_to_steps>
10000c48:	0003      	movs	r3, r0
10000c4a:	2201      	movs	r2, #1
10000c4c:	9200      	str	r2, [sp, #0]
10000c4e:	0022      	movs	r2, r4
10000c50:	9906      	ldr	r1, [sp, #24]
10000c52:	9805      	ldr	r0, [sp, #20]
10000c54:	f7ff fc9c 	bl	10000590 <execute_arc>
10000c58:	4b16      	ldr	r3, [pc, #88]	; (10000cb4 <handle_command_mode+0x35c>)
10000c5a:	881b      	ldrh	r3, [r3, #0]
10000c5c:	4a16      	ldr	r2, [pc, #88]	; (10000cb8 <handle_command_mode+0x360>)
10000c5e:	6812      	ldr	r2, [r2, #0]
10000c60:	4916      	ldr	r1, [pc, #88]	; (10000cbc <handle_command_mode+0x364>)
10000c62:	6809      	ldr	r1, [r1, #0]
10000c64:	4816      	ldr	r0, [pc, #88]	; (10000cc0 <handle_command_mode+0x368>)
10000c66:	6800      	ldr	r0, [r0, #0]
10000c68:	4c11      	ldr	r4, [pc, #68]	; (10000cb0 <handle_command_mode+0x358>)
10000c6a:	7824      	ldrb	r4, [r4, #0]
10000c6c:	9400      	str	r4, [sp, #0]
10000c6e:	f000 fe09 	bl	10001884 <ui_update_positions>
10000c72:	482c      	ldr	r0, [pc, #176]	; (10000d24 <handle_command_mode+0x3cc>)
10000c74:	f000 fe64 	bl	10001940 <ui_show_status>
10000c78:	e6da      	b.n	10000a30 <handle_command_mode+0xd8>
10000c7a:	ac07      	add	r4, sp, #28
10000c7c:	ab12      	add	r3, sp, #72	; 0x48
10000c7e:	aa06      	add	r2, sp, #24
10000c80:	a905      	add	r1, sp, #20
10000c82:	0020      	movs	r0, r4
10000c84:	f7ff fe24 	bl	100008d0 <build_target_positions>
10000c88:	7963      	ldrb	r3, [r4, #5]
10000c8a:	2b00      	cmp	r3, #0
10000c8c:	d002      	beq.n	10000c94 <handle_command_mode+0x33c>
10000c8e:	79a3      	ldrb	r3, [r4, #6]
10000c90:	2b00      	cmp	r3, #0
10000c92:	d14b      	bne.n	10000d2c <handle_command_mode+0x3d4>
10000c94:	4824      	ldr	r0, [pc, #144]	; (10000d28 <handle_command_mode+0x3d0>)
10000c96:	f000 fe7b 	bl	10001990 <ui_show_error>
10000c9a:	e6c9      	b.n	10000a30 <handle_command_mode+0xd8>
10000c9c:	1000aa8d 	.word	0x1000aa8d
10000ca0:	20000e74 	.word	0x20000e74
10000ca4:	20000e34 	.word	0x20000e34
10000ca8:	10009530 	.word	0x10009530
10000cac:	100093a8 	.word	0x100093a8
10000cb0:	20000239 	.word	0x20000239
10000cb4:	20001138 	.word	0x20001138
10000cb8:	20000f14 	.word	0x20000f14
10000cbc:	20000f10 	.word	0x20000f10
10000cc0:	20000f0c 	.word	0x20000f0c
10000cc4:	100093bc 	.word	0x100093bc
10000cc8:	100093d4 	.word	0x100093d4
10000ccc:	100093e0 	.word	0x100093e0
10000cd0:	10009240 	.word	0x10009240
10000cd4:	20000238 	.word	0x20000238
10000cd8:	100093f4 	.word	0x100093f4
10000cdc:	10009410 	.word	0x10009410
10000ce0:	20000ef0 	.word	0x20000ef0
10000ce4:	20000ef4 	.word	0x20000ef4
10000ce8:	20000ef8 	.word	0x20000ef8
10000cec:	1000942c 	.word	0x1000942c
10000cf0:	10009440 	.word	0x10009440
10000cf4:	10009444 	.word	0x10009444
10000cf8:	10009454 	.word	0x10009454
10000cfc:	10009460 	.word	0x10009460
10000d00:	10009470 	.word	0x10009470
10000d04:	2000023a 	.word	0x2000023a
10000d08:	10009484 	.word	0x10009484
10000d0c:	10009494 	.word	0x10009494
10000d10:	100094a8 	.word	0x100094a8
10000d14:	100094ac 	.word	0x100094ac
10000d18:	100094c0 	.word	0x100094c0
10000d1c:	100094c4 	.word	0x100094c4
10000d20:	100094dc 	.word	0x100094dc
10000d24:	100091d4 	.word	0x100091d4
10000d28:	100094f0 	.word	0x100094f0
10000d2c:	9b0e      	ldr	r3, [sp, #56]	; 0x38
10000d2e:	9303      	str	r3, [sp, #12]
10000d30:	2150      	movs	r1, #80	; 0x50
10000d32:	1c18      	adds	r0, r3, #0
10000d34:	f7ff fdb4 	bl	100008a0 <linear_value_to_steps>
10000d38:	0004      	movs	r4, r0
10000d3a:	980f      	ldr	r0, [sp, #60]	; 0x3c
10000d3c:	2150      	movs	r1, #80	; 0x50
10000d3e:	f7ff fdaf 	bl	100008a0 <linear_value_to_steps>
10000d42:	0003      	movs	r3, r0
10000d44:	2200      	movs	r2, #0
10000d46:	9200      	str	r2, [sp, #0]
10000d48:	0022      	movs	r2, r4
10000d4a:	9906      	ldr	r1, [sp, #24]
10000d4c:	9805      	ldr	r0, [sp, #20]
10000d4e:	f7ff fc1f 	bl	10000590 <execute_arc>
10000d52:	4b28      	ldr	r3, [pc, #160]	; (10000df4 <handle_command_mode+0x49c>)
10000d54:	881b      	ldrh	r3, [r3, #0]
10000d56:	4a28      	ldr	r2, [pc, #160]	; (10000df8 <handle_command_mode+0x4a0>)
10000d58:	6812      	ldr	r2, [r2, #0]
10000d5a:	4928      	ldr	r1, [pc, #160]	; (10000dfc <handle_command_mode+0x4a4>)
10000d5c:	6809      	ldr	r1, [r1, #0]
10000d5e:	4828      	ldr	r0, [pc, #160]	; (10000e00 <handle_command_mode+0x4a8>)
10000d60:	6800      	ldr	r0, [r0, #0]
10000d62:	4c28      	ldr	r4, [pc, #160]	; (10000e04 <handle_command_mode+0x4ac>)
10000d64:	7824      	ldrb	r4, [r4, #0]
10000d66:	9400      	str	r4, [sp, #0]
10000d68:	f000 fd8c 	bl	10001884 <ui_update_positions>
10000d6c:	4826      	ldr	r0, [pc, #152]	; (10000e08 <handle_command_mode+0x4b0>)
10000d6e:	f000 fde7 	bl	10001940 <ui_show_status>
10000d72:	e65d      	b.n	10000a30 <handle_command_mode+0xd8>
10000d74:	f7ff fb14 	bl	100003a0 <print_command_menu>
10000d78:	4b1e      	ldr	r3, [pc, #120]	; (10000df4 <handle_command_mode+0x49c>)
10000d7a:	881b      	ldrh	r3, [r3, #0]
10000d7c:	4a1e      	ldr	r2, [pc, #120]	; (10000df8 <handle_command_mode+0x4a0>)
10000d7e:	6812      	ldr	r2, [r2, #0]
10000d80:	491e      	ldr	r1, [pc, #120]	; (10000dfc <handle_command_mode+0x4a4>)
10000d82:	6809      	ldr	r1, [r1, #0]
10000d84:	481e      	ldr	r0, [pc, #120]	; (10000e00 <handle_command_mode+0x4a8>)
10000d86:	6800      	ldr	r0, [r0, #0]
10000d88:	4c1e      	ldr	r4, [pc, #120]	; (10000e04 <handle_command_mode+0x4ac>)
10000d8a:	7824      	ldrb	r4, [r4, #0]
10000d8c:	9400      	str	r4, [sp, #0]
10000d8e:	f000 fd79 	bl	10001884 <ui_update_positions>
10000d92:	e64d      	b.n	10000a30 <handle_command_mode+0xd8>
10000d94:	481d      	ldr	r0, [pc, #116]	; (10000e0c <handle_command_mode+0x4b4>)
10000d96:	f000 fdfb 	bl	10001990 <ui_show_error>
10000d9a:	e649      	b.n	10000a30 <handle_command_mode+0xd8>
10000d9c:	4b1c      	ldr	r3, [pc, #112]	; (10000e10 <handle_command_mode+0x4b8>)
10000d9e:	681b      	ldr	r3, [r3, #0]
10000da0:	2b00      	cmp	r3, #0
10000da2:	dc00      	bgt.n	10000da6 <handle_command_mode+0x44e>
10000da4:	e60b      	b.n	100009be <handle_command_mode+0x66>
10000da6:	3b01      	subs	r3, #1
10000da8:	4a19      	ldr	r2, [pc, #100]	; (10000e10 <handle_command_mode+0x4b8>)
10000daa:	6013      	str	r3, [r2, #0]
10000dac:	f000 fe1a 	bl	100019e4 <ui_clear_input_line>
10000db0:	2400      	movs	r4, #0
10000db2:	e004      	b.n	10000dbe <handle_command_mode+0x466>
10000db4:	4b17      	ldr	r3, [pc, #92]	; (10000e14 <handle_command_mode+0x4bc>)
10000db6:	5d18      	ldrb	r0, [r3, r4]
10000db8:	f005 f888 	bl	10005ecc <__wrap_putchar>
10000dbc:	3401      	adds	r4, #1
10000dbe:	4b14      	ldr	r3, [pc, #80]	; (10000e10 <handle_command_mode+0x4b8>)
10000dc0:	6818      	ldr	r0, [r3, #0]
10000dc2:	42a0      	cmp	r0, r4
10000dc4:	dcf6      	bgt.n	10000db4 <handle_command_mode+0x45c>
10000dc6:	f000 fe23 	bl	10001a10 <ui_place_input_cursor>
10000dca:	e5f8      	b.n	100009be <handle_command_mode+0x66>
10000dcc:	3820      	subs	r0, #32
10000dce:	e5e7      	b.n	100009a0 <handle_command_mode+0x48>
10000dd0:	4b0f      	ldr	r3, [pc, #60]	; (10000e10 <handle_command_mode+0x4b8>)
10000dd2:	681b      	ldr	r3, [r3, #0]
10000dd4:	2b3e      	cmp	r3, #62	; 0x3e
10000dd6:	dc00      	bgt.n	10000dda <handle_command_mode+0x482>
10000dd8:	e5f1      	b.n	100009be <handle_command_mode+0x66>
10000dda:	4b0d      	ldr	r3, [pc, #52]	; (10000e10 <handle_command_mode+0x4b8>)
10000ddc:	2200      	movs	r2, #0
10000dde:	601a      	str	r2, [r3, #0]
10000de0:	f000 fe00 	bl	100019e4 <ui_clear_input_line>
10000de4:	2000      	movs	r0, #0
10000de6:	f000 fe13 	bl	10001a10 <ui_place_input_cursor>
10000dea:	480b      	ldr	r0, [pc, #44]	; (10000e18 <handle_command_mode+0x4c0>)
10000dec:	f000 fdd0 	bl	10001990 <ui_show_error>
10000df0:	e5e5      	b.n	100009be <handle_command_mode+0x66>
10000df2:	46c0      	nop			; (mov r8, r8)
10000df4:	20001138 	.word	0x20001138
10000df8:	20000f14 	.word	0x20000f14
10000dfc:	20000f10 	.word	0x20000f10
10000e00:	20000f0c 	.word	0x20000f0c
10000e04:	20000239 	.word	0x20000239
10000e08:	100091c0 	.word	0x100091c0
10000e0c:	10009504 	.word	0x10009504
10000e10:	20000e74 	.word	0x20000e74
10000e14:	20000e34 	.word	0x20000e34
10000e18:	1000951c 	.word	0x1000951c

10000e1c <init_parsed_command>:
10000e1c:	2300      	movs	r3, #0
10000e1e:	7003      	strb	r3, [r0, #0]
10000e20:	7043      	strb	r3, [r0, #1]
10000e22:	7083      	strb	r3, [r0, #2]
10000e24:	70c3      	strb	r3, [r0, #3]
10000e26:	7103      	strb	r3, [r0, #4]
10000e28:	7143      	strb	r3, [r0, #5]
10000e2a:	7183      	strb	r3, [r0, #6]
10000e2c:	71c3      	strb	r3, [r0, #7]
10000e2e:	7203      	strb	r3, [r0, #8]
10000e30:	2300      	movs	r3, #0
10000e32:	60c3      	str	r3, [r0, #12]
10000e34:	6103      	str	r3, [r0, #16]
10000e36:	6143      	str	r3, [r0, #20]
10000e38:	6183      	str	r3, [r0, #24]
10000e3a:	61c3      	str	r3, [r0, #28]
10000e3c:	6203      	str	r3, [r0, #32]
10000e3e:	6243      	str	r3, [r0, #36]	; 0x24
10000e40:	6283      	str	r3, [r0, #40]	; 0x28
10000e42:	4770      	bx	lr

10000e44 <make_uppercase_copy>:
10000e44:	b5f0      	push	{r4, r5, r6, r7, lr}
10000e46:	2400      	movs	r4, #0
10000e48:	e001      	b.n	10000e4e <make_uppercase_copy+0xa>
10000e4a:	558b      	strb	r3, [r1, r6]
10000e4c:	3401      	adds	r4, #1
10000e4e:	1e53      	subs	r3, r2, #1
10000e50:	42a3      	cmp	r3, r4
10000e52:	dd0b      	ble.n	10000e6c <make_uppercase_copy+0x28>
10000e54:	0026      	movs	r6, r4
10000e56:	5d03      	ldrb	r3, [r0, r4]
10000e58:	2b00      	cmp	r3, #0
10000e5a:	d007      	beq.n	10000e6c <make_uppercase_copy+0x28>
10000e5c:	4d05      	ldr	r5, [pc, #20]	; (10000e74 <make_uppercase_copy+0x30>)
10000e5e:	5cef      	ldrb	r7, [r5, r3]
10000e60:	2503      	movs	r5, #3
10000e62:	403d      	ands	r5, r7
10000e64:	2d02      	cmp	r5, #2
10000e66:	d1f0      	bne.n	10000e4a <make_uppercase_copy+0x6>
10000e68:	3b20      	subs	r3, #32
10000e6a:	e7ee      	b.n	10000e4a <make_uppercase_copy+0x6>
10000e6c:	1909      	adds	r1, r1, r4
10000e6e:	2300      	movs	r3, #0
10000e70:	700b      	strb	r3, [r1, #0]
10000e72:	bdf0      	pop	{r4, r5, r6, r7, pc}
10000e74:	1000aa8d 	.word	0x1000aa8d

10000e78 <extract_first_token>:
10000e78:	b530      	push	{r4, r5, lr}
10000e7a:	e000      	b.n	10000e7e <extract_first_token+0x6>
10000e7c:	3001      	adds	r0, #1
10000e7e:	7803      	ldrb	r3, [r0, #0]
10000e80:	2b00      	cmp	r3, #0
10000e82:	d005      	beq.n	10000e90 <extract_first_token+0x18>
10000e84:	4d0c      	ldr	r5, [pc, #48]	; (10000eb8 <extract_first_token+0x40>)
10000e86:	5ceb      	ldrb	r3, [r5, r3]
10000e88:	071b      	lsls	r3, r3, #28
10000e8a:	d4f7      	bmi.n	10000e7c <extract_first_token+0x4>
10000e8c:	2400      	movs	r4, #0
10000e8e:	e000      	b.n	10000e92 <extract_first_token+0x1a>
10000e90:	2400      	movs	r4, #0
10000e92:	7803      	ldrb	r3, [r0, #0]
10000e94:	2b00      	cmp	r3, #0
10000e96:	d00a      	beq.n	10000eae <extract_first_token+0x36>
10000e98:	4d07      	ldr	r5, [pc, #28]	; (10000eb8 <extract_first_token+0x40>)
10000e9a:	5ced      	ldrb	r5, [r5, r3]
10000e9c:	072d      	lsls	r5, r5, #28
10000e9e:	d406      	bmi.n	10000eae <extract_first_token+0x36>
10000ea0:	1e55      	subs	r5, r2, #1
10000ea2:	42a5      	cmp	r5, r4
10000ea4:	dd03      	ble.n	10000eae <extract_first_token+0x36>
10000ea6:	3001      	adds	r0, #1
10000ea8:	550b      	strb	r3, [r1, r4]
10000eaa:	3401      	adds	r4, #1
10000eac:	e7f1      	b.n	10000e92 <extract_first_token+0x1a>
10000eae:	1909      	adds	r1, r1, r4
10000eb0:	2300      	movs	r3, #0
10000eb2:	700b      	strb	r3, [r1, #0]
10000eb4:	bd30      	pop	{r4, r5, pc}
10000eb6:	46c0      	nop			; (mov r8, r8)
10000eb8:	1000aa8d 	.word	0x1000aa8d

10000ebc <parse_command_type>:
10000ebc:	b500      	push	{lr}
10000ebe:	b085      	sub	sp, #20
10000ec0:	2210      	movs	r2, #16
10000ec2:	4669      	mov	r1, sp
10000ec4:	f7ff ffd8 	bl	10000e78 <extract_first_token>
10000ec8:	495c      	ldr	r1, [pc, #368]	; (1000103c <parse_command_type+0x180>)
10000eca:	4668      	mov	r0, sp
10000ecc:	f005 fd56 	bl	1000697c <strcmp>
10000ed0:	2800      	cmp	r0, #0
10000ed2:	d100      	bne.n	10000ed6 <parse_command_type+0x1a>
10000ed4:	e084      	b.n	10000fe0 <parse_command_type+0x124>
10000ed6:	495a      	ldr	r1, [pc, #360]	; (10001040 <parse_command_type+0x184>)
10000ed8:	4668      	mov	r0, sp
10000eda:	f005 fd4f 	bl	1000697c <strcmp>
10000ede:	2800      	cmp	r0, #0
10000ee0:	d100      	bne.n	10000ee4 <parse_command_type+0x28>
10000ee2:	e080      	b.n	10000fe6 <parse_command_type+0x12a>
10000ee4:	4957      	ldr	r1, [pc, #348]	; (10001044 <parse_command_type+0x188>)
10000ee6:	4668      	mov	r0, sp
10000ee8:	f005 fd48 	bl	1000697c <strcmp>
10000eec:	2800      	cmp	r0, #0
10000eee:	d100      	bne.n	10000ef2 <parse_command_type+0x36>
10000ef0:	e07b      	b.n	10000fea <parse_command_type+0x12e>
10000ef2:	4955      	ldr	r1, [pc, #340]	; (10001048 <parse_command_type+0x18c>)
10000ef4:	4668      	mov	r0, sp
10000ef6:	f005 fd41 	bl	1000697c <strcmp>
10000efa:	2800      	cmp	r0, #0
10000efc:	d100      	bne.n	10000f00 <parse_command_type+0x44>
10000efe:	e076      	b.n	10000fee <parse_command_type+0x132>
10000f00:	4952      	ldr	r1, [pc, #328]	; (1000104c <parse_command_type+0x190>)
10000f02:	4668      	mov	r0, sp
10000f04:	f005 fd3a 	bl	1000697c <strcmp>
10000f08:	2800      	cmp	r0, #0
10000f0a:	d100      	bne.n	10000f0e <parse_command_type+0x52>
10000f0c:	e071      	b.n	10000ff2 <parse_command_type+0x136>
10000f0e:	4950      	ldr	r1, [pc, #320]	; (10001050 <parse_command_type+0x194>)
10000f10:	4668      	mov	r0, sp
10000f12:	f005 fd33 	bl	1000697c <strcmp>
10000f16:	2800      	cmp	r0, #0
10000f18:	d100      	bne.n	10000f1c <parse_command_type+0x60>
10000f1a:	e06c      	b.n	10000ff6 <parse_command_type+0x13a>
10000f1c:	494d      	ldr	r1, [pc, #308]	; (10001054 <parse_command_type+0x198>)
10000f1e:	4668      	mov	r0, sp
10000f20:	f005 fd2c 	bl	1000697c <strcmp>
10000f24:	2800      	cmp	r0, #0
10000f26:	d068      	beq.n	10000ffa <parse_command_type+0x13e>
10000f28:	494b      	ldr	r1, [pc, #300]	; (10001058 <parse_command_type+0x19c>)
10000f2a:	4668      	mov	r0, sp
10000f2c:	f005 fd26 	bl	1000697c <strcmp>
10000f30:	2800      	cmp	r0, #0
10000f32:	d064      	beq.n	10000ffe <parse_command_type+0x142>
10000f34:	4949      	ldr	r1, [pc, #292]	; (1000105c <parse_command_type+0x1a0>)
10000f36:	4668      	mov	r0, sp
10000f38:	f005 fd20 	bl	1000697c <strcmp>
10000f3c:	2800      	cmp	r0, #0
10000f3e:	d060      	beq.n	10001002 <parse_command_type+0x146>
10000f40:	4947      	ldr	r1, [pc, #284]	; (10001060 <parse_command_type+0x1a4>)
10000f42:	4668      	mov	r0, sp
10000f44:	f005 fd1a 	bl	1000697c <strcmp>
10000f48:	2800      	cmp	r0, #0
10000f4a:	d05c      	beq.n	10001006 <parse_command_type+0x14a>
10000f4c:	4945      	ldr	r1, [pc, #276]	; (10001064 <parse_command_type+0x1a8>)
10000f4e:	4668      	mov	r0, sp
10000f50:	f005 fd14 	bl	1000697c <strcmp>
10000f54:	2800      	cmp	r0, #0
10000f56:	d058      	beq.n	1000100a <parse_command_type+0x14e>
10000f58:	4943      	ldr	r1, [pc, #268]	; (10001068 <parse_command_type+0x1ac>)
10000f5a:	4668      	mov	r0, sp
10000f5c:	f005 fd0e 	bl	1000697c <strcmp>
10000f60:	2800      	cmp	r0, #0
10000f62:	d054      	beq.n	1000100e <parse_command_type+0x152>
10000f64:	4941      	ldr	r1, [pc, #260]	; (1000106c <parse_command_type+0x1b0>)
10000f66:	4668      	mov	r0, sp
10000f68:	f005 fd08 	bl	1000697c <strcmp>
10000f6c:	2800      	cmp	r0, #0
10000f6e:	d050      	beq.n	10001012 <parse_command_type+0x156>
10000f70:	493f      	ldr	r1, [pc, #252]	; (10001070 <parse_command_type+0x1b4>)
10000f72:	4668      	mov	r0, sp
10000f74:	f005 fd02 	bl	1000697c <strcmp>
10000f78:	2800      	cmp	r0, #0
10000f7a:	d04c      	beq.n	10001016 <parse_command_type+0x15a>
10000f7c:	493d      	ldr	r1, [pc, #244]	; (10001074 <parse_command_type+0x1b8>)
10000f7e:	4668      	mov	r0, sp
10000f80:	f005 fcfc 	bl	1000697c <strcmp>
10000f84:	2800      	cmp	r0, #0
10000f86:	d048      	beq.n	1000101a <parse_command_type+0x15e>
10000f88:	493b      	ldr	r1, [pc, #236]	; (10001078 <parse_command_type+0x1bc>)
10000f8a:	4668      	mov	r0, sp
10000f8c:	f005 fcf6 	bl	1000697c <strcmp>
10000f90:	2800      	cmp	r0, #0
10000f92:	d044      	beq.n	1000101e <parse_command_type+0x162>
10000f94:	4939      	ldr	r1, [pc, #228]	; (1000107c <parse_command_type+0x1c0>)
10000f96:	4668      	mov	r0, sp
10000f98:	f005 fcf0 	bl	1000697c <strcmp>
10000f9c:	2800      	cmp	r0, #0
10000f9e:	d040      	beq.n	10001022 <parse_command_type+0x166>
10000fa0:	4937      	ldr	r1, [pc, #220]	; (10001080 <parse_command_type+0x1c4>)
10000fa2:	4668      	mov	r0, sp
10000fa4:	f005 fcea 	bl	1000697c <strcmp>
10000fa8:	2800      	cmp	r0, #0
10000faa:	d03c      	beq.n	10001026 <parse_command_type+0x16a>
10000fac:	4935      	ldr	r1, [pc, #212]	; (10001084 <parse_command_type+0x1c8>)
10000fae:	4668      	mov	r0, sp
10000fb0:	f005 fce4 	bl	1000697c <strcmp>
10000fb4:	2800      	cmp	r0, #0
10000fb6:	d038      	beq.n	1000102a <parse_command_type+0x16e>
10000fb8:	4933      	ldr	r1, [pc, #204]	; (10001088 <parse_command_type+0x1cc>)
10000fba:	4668      	mov	r0, sp
10000fbc:	f005 fcde 	bl	1000697c <strcmp>
10000fc0:	2800      	cmp	r0, #0
10000fc2:	d034      	beq.n	1000102e <parse_command_type+0x172>
10000fc4:	4931      	ldr	r1, [pc, #196]	; (1000108c <parse_command_type+0x1d0>)
10000fc6:	4668      	mov	r0, sp
10000fc8:	f005 fcd8 	bl	1000697c <strcmp>
10000fcc:	2800      	cmp	r0, #0
10000fce:	d030      	beq.n	10001032 <parse_command_type+0x176>
10000fd0:	492f      	ldr	r1, [pc, #188]	; (10001090 <parse_command_type+0x1d4>)
10000fd2:	4668      	mov	r0, sp
10000fd4:	f005 fcd2 	bl	1000697c <strcmp>
10000fd8:	2800      	cmp	r0, #0
10000fda:	d02c      	beq.n	10001036 <parse_command_type+0x17a>
10000fdc:	2000      	movs	r0, #0
10000fde:	e000      	b.n	10000fe2 <parse_command_type+0x126>
10000fe0:	200f      	movs	r0, #15
10000fe2:	b005      	add	sp, #20
10000fe4:	bd00      	pop	{pc}
10000fe6:	200f      	movs	r0, #15
10000fe8:	e7fb      	b.n	10000fe2 <parse_command_type+0x126>
10000fea:	2009      	movs	r0, #9
10000fec:	e7f9      	b.n	10000fe2 <parse_command_type+0x126>
10000fee:	2008      	movs	r0, #8
10000ff0:	e7f7      	b.n	10000fe2 <parse_command_type+0x126>
10000ff2:	2001      	movs	r0, #1
10000ff4:	e7f5      	b.n	10000fe2 <parse_command_type+0x126>
10000ff6:	2001      	movs	r0, #1
10000ff8:	e7f3      	b.n	10000fe2 <parse_command_type+0x126>
10000ffa:	2002      	movs	r0, #2
10000ffc:	e7f1      	b.n	10000fe2 <parse_command_type+0x126>
10000ffe:	2002      	movs	r0, #2
10001000:	e7ef      	b.n	10000fe2 <parse_command_type+0x126>
10001002:	2003      	movs	r0, #3
10001004:	e7ed      	b.n	10000fe2 <parse_command_type+0x126>
10001006:	2003      	movs	r0, #3
10001008:	e7eb      	b.n	10000fe2 <parse_command_type+0x126>
1000100a:	2004      	movs	r0, #4
1000100c:	e7e9      	b.n	10000fe2 <parse_command_type+0x126>
1000100e:	2004      	movs	r0, #4
10001010:	e7e7      	b.n	10000fe2 <parse_command_type+0x126>
10001012:	2005      	movs	r0, #5
10001014:	e7e5      	b.n	10000fe2 <parse_command_type+0x126>
10001016:	2005      	movs	r0, #5
10001018:	e7e3      	b.n	10000fe2 <parse_command_type+0x126>
1000101a:	2006      	movs	r0, #6
1000101c:	e7e1      	b.n	10000fe2 <parse_command_type+0x126>
1000101e:	2007      	movs	r0, #7
10001020:	e7df      	b.n	10000fe2 <parse_command_type+0x126>
10001022:	200a      	movs	r0, #10
10001024:	e7dd      	b.n	10000fe2 <parse_command_type+0x126>
10001026:	200b      	movs	r0, #11
10001028:	e7db      	b.n	10000fe2 <parse_command_type+0x126>
1000102a:	200c      	movs	r0, #12
1000102c:	e7d9      	b.n	10000fe2 <parse_command_type+0x126>
1000102e:	200c      	movs	r0, #12
10001030:	e7d7      	b.n	10000fe2 <parse_command_type+0x126>
10001032:	200d      	movs	r0, #13
10001034:	e7d5      	b.n	10000fe2 <parse_command_type+0x126>
10001036:	200e      	movs	r0, #14
10001038:	e7d3      	b.n	10000fe2 <parse_command_type+0x126>
1000103a:	46c0      	nop			; (mov r8, r8)
1000103c:	10009570 	.word	0x10009570
10001040:	10009574 	.word	0x10009574
10001044:	1000957c 	.word	0x1000957c
10001048:	10009440 	.word	0x10009440
1000104c:	100094a8 	.word	0x100094a8
10001050:	10009584 	.word	0x10009584
10001054:	100094c0 	.word	0x100094c0
10001058:	10009588 	.word	0x10009588
1000105c:	1000958c 	.word	0x1000958c
10001060:	10009590 	.word	0x10009590
10001064:	10009594 	.word	0x10009594
10001068:	10009598 	.word	0x10009598
1000106c:	1000959c 	.word	0x1000959c
10001070:	100095a0 	.word	0x100095a0
10001074:	100095a4 	.word	0x100095a4
10001078:	100095a8 	.word	0x100095a8
1000107c:	100095ac 	.word	0x100095ac
10001080:	100095b0 	.word	0x100095b0
10001084:	100095b4 	.word	0x100095b4
10001088:	100095b8 	.word	0x100095b8
1000108c:	100095bc 	.word	0x100095bc
10001090:	100095c0 	.word	0x100095c0

10001094 <extract_value>:
10001094:	b510      	push	{r4, lr}
10001096:	0014      	movs	r4, r2
10001098:	f005 fc10 	bl	100068bc <strchr>
1000109c:	2800      	cmp	r0, #0
1000109e:	d006      	beq.n	100010ae <extract_value+0x1a>
100010a0:	3001      	adds	r0, #1
100010a2:	2100      	movs	r1, #0
100010a4:	f006 fc98 	bl	100079d8 <strtof>
100010a8:	6020      	str	r0, [r4, #0]
100010aa:	2001      	movs	r0, #1
100010ac:	bd10      	pop	{r4, pc}
100010ae:	2000      	movs	r0, #0
100010b0:	e7fc      	b.n	100010ac <extract_value+0x18>

100010b2 <parse_command>:
100010b2:	b530      	push	{r4, r5, lr}
100010b4:	b091      	sub	sp, #68	; 0x44
100010b6:	0005      	movs	r5, r0
100010b8:	000c      	movs	r4, r1
100010ba:	0008      	movs	r0, r1
100010bc:	f7ff feae 	bl	10000e1c <init_parsed_command>
100010c0:	2240      	movs	r2, #64	; 0x40
100010c2:	4669      	mov	r1, sp
100010c4:	0028      	movs	r0, r5
100010c6:	f7ff febd 	bl	10000e44 <make_uppercase_copy>
100010ca:	4668      	mov	r0, sp
100010cc:	f7ff fef6 	bl	10000ebc <parse_command_type>
100010d0:	7020      	strb	r0, [r4, #0]
100010d2:	2800      	cmp	r0, #0
100010d4:	d102      	bne.n	100010dc <parse_command+0x2a>
100010d6:	2000      	movs	r0, #0
100010d8:	b011      	add	sp, #68	; 0x44
100010da:	bd30      	pop	{r4, r5, pc}
100010dc:	0022      	movs	r2, r4
100010de:	320c      	adds	r2, #12
100010e0:	2158      	movs	r1, #88	; 0x58
100010e2:	4668      	mov	r0, sp
100010e4:	f7ff ffd6 	bl	10001094 <extract_value>
100010e8:	7060      	strb	r0, [r4, #1]
100010ea:	0022      	movs	r2, r4
100010ec:	3210      	adds	r2, #16
100010ee:	2159      	movs	r1, #89	; 0x59
100010f0:	4668      	mov	r0, sp
100010f2:	f7ff ffcf 	bl	10001094 <extract_value>
100010f6:	70a0      	strb	r0, [r4, #2]
100010f8:	0022      	movs	r2, r4
100010fa:	3214      	adds	r2, #20
100010fc:	215a      	movs	r1, #90	; 0x5a
100010fe:	4668      	mov	r0, sp
10001100:	f7ff ffc8 	bl	10001094 <extract_value>
10001104:	70e0      	strb	r0, [r4, #3]
10001106:	0022      	movs	r2, r4
10001108:	3218      	adds	r2, #24
1000110a:	2146      	movs	r1, #70	; 0x46
1000110c:	4668      	mov	r0, sp
1000110e:	f7ff ffc1 	bl	10001094 <extract_value>
10001112:	7120      	strb	r0, [r4, #4]
10001114:	0022      	movs	r2, r4
10001116:	321c      	adds	r2, #28
10001118:	2149      	movs	r1, #73	; 0x49
1000111a:	4668      	mov	r0, sp
1000111c:	f7ff ffba 	bl	10001094 <extract_value>
10001120:	7160      	strb	r0, [r4, #5]
10001122:	0022      	movs	r2, r4
10001124:	3220      	adds	r2, #32
10001126:	214a      	movs	r1, #74	; 0x4a
10001128:	4668      	mov	r0, sp
1000112a:	f7ff ffb3 	bl	10001094 <extract_value>
1000112e:	71a0      	strb	r0, [r4, #6]
10001130:	0022      	movs	r2, r4
10001132:	3224      	adds	r2, #36	; 0x24
10001134:	2150      	movs	r1, #80	; 0x50
10001136:	4668      	mov	r0, sp
10001138:	f7ff ffac 	bl	10001094 <extract_value>
1000113c:	71e0      	strb	r0, [r4, #7]
1000113e:	0022      	movs	r2, r4
10001140:	3228      	adds	r2, #40	; 0x28
10001142:	2153      	movs	r1, #83	; 0x53
10001144:	4668      	mov	r0, sp
10001146:	f7ff ffa5 	bl	10001094 <extract_value>
1000114a:	7220      	strb	r0, [r4, #8]
1000114c:	2001      	movs	r0, #1
1000114e:	e7c3      	b.n	100010d8 <parse_command+0x26>

10001150 <mmhal_step_motors_impl>:
10001150:	b510      	push	{r4, lr}
10001152:	b082      	sub	sp, #8
10001154:	ab01      	add	r3, sp, #4
10001156:	2200      	movs	r2, #0
10001158:	701a      	strb	r2, [r3, #0]
1000115a:	705a      	strb	r2, [r3, #1]
1000115c:	709a      	strb	r2, [r3, #2]
1000115e:	2300      	movs	r3, #0
10001160:	e00b      	b.n	1000117a <mmhal_step_motors_impl+0x2a>
10001162:	000a      	movs	r2, r1
10001164:	492a      	ldr	r1, [pc, #168]	; (10001210 <mmhal_step_motors_impl+0xc0>)
10001166:	5851      	ldr	r1, [r2, r1]
10001168:	2201      	movs	r2, #1
1000116a:	0014      	movs	r4, r2
1000116c:	408c      	lsls	r4, r1
1000116e:	21d0      	movs	r1, #208	; 0xd0
10001170:	0609      	lsls	r1, r1, #24
10001172:	618c      	str	r4, [r1, #24]
10001174:	a901      	add	r1, sp, #4
10001176:	54ca      	strb	r2, [r1, r3]
10001178:	3301      	adds	r3, #1
1000117a:	2b02      	cmp	r3, #2
1000117c:	dc13      	bgt.n	100011a6 <mmhal_step_motors_impl+0x56>
1000117e:	0099      	lsls	r1, r3, #2
10001180:	580c      	ldr	r4, [r1, r0]
10001182:	4a24      	ldr	r2, [pc, #144]	; (10001214 <mmhal_step_motors_impl+0xc4>)
10001184:	588a      	ldr	r2, [r1, r2]
10001186:	4362      	muls	r2, r4
10001188:	2a00      	cmp	r2, #0
1000118a:	dbea      	blt.n	10001162 <mmhal_step_motors_impl+0x12>
1000118c:	ddf4      	ble.n	10001178 <mmhal_step_motors_impl+0x28>
1000118e:	009a      	lsls	r2, r3, #2
10001190:	491f      	ldr	r1, [pc, #124]	; (10001210 <mmhal_step_motors_impl+0xc0>)
10001192:	5851      	ldr	r1, [r2, r1]
10001194:	2201      	movs	r2, #1
10001196:	0014      	movs	r4, r2
10001198:	408c      	lsls	r4, r1
1000119a:	21d0      	movs	r1, #208	; 0xd0
1000119c:	0609      	lsls	r1, r1, #24
1000119e:	614c      	str	r4, [r1, #20]
100011a0:	a901      	add	r1, sp, #4
100011a2:	54ca      	strb	r2, [r1, r3]
100011a4:	e7e8      	b.n	10001178 <mmhal_step_motors_impl+0x28>
100011a6:	200a      	movs	r0, #10
100011a8:	2100      	movs	r1, #0
100011aa:	f001 fc27 	bl	100029fc <sleep_us>
100011ae:	2300      	movs	r3, #0
100011b0:	e000      	b.n	100011b4 <mmhal_step_motors_impl+0x64>
100011b2:	3301      	adds	r3, #1
100011b4:	2b02      	cmp	r3, #2
100011b6:	dc0c      	bgt.n	100011d2 <mmhal_step_motors_impl+0x82>
100011b8:	aa01      	add	r2, sp, #4
100011ba:	5cd2      	ldrb	r2, [r2, r3]
100011bc:	2a00      	cmp	r2, #0
100011be:	d0f8      	beq.n	100011b2 <mmhal_step_motors_impl+0x62>
100011c0:	009a      	lsls	r2, r3, #2
100011c2:	4915      	ldr	r1, [pc, #84]	; (10001218 <mmhal_step_motors_impl+0xc8>)
100011c4:	5851      	ldr	r1, [r2, r1]
100011c6:	2201      	movs	r2, #1
100011c8:	408a      	lsls	r2, r1
100011ca:	21d0      	movs	r1, #208	; 0xd0
100011cc:	0609      	lsls	r1, r1, #24
100011ce:	614a      	str	r2, [r1, #20]
100011d0:	e7ef      	b.n	100011b2 <mmhal_step_motors_impl+0x62>
100011d2:	4b12      	ldr	r3, [pc, #72]	; (1000121c <mmhal_step_motors_impl+0xcc>)
100011d4:	6818      	ldr	r0, [r3, #0]
100011d6:	17c1      	asrs	r1, r0, #31
100011d8:	f001 fc10 	bl	100029fc <sleep_us>
100011dc:	2300      	movs	r3, #0
100011de:	e000      	b.n	100011e2 <mmhal_step_motors_impl+0x92>
100011e0:	3301      	adds	r3, #1
100011e2:	2b02      	cmp	r3, #2
100011e4:	dc0c      	bgt.n	10001200 <mmhal_step_motors_impl+0xb0>
100011e6:	aa01      	add	r2, sp, #4
100011e8:	5cd2      	ldrb	r2, [r2, r3]
100011ea:	2a00      	cmp	r2, #0
100011ec:	d0f8      	beq.n	100011e0 <mmhal_step_motors_impl+0x90>
100011ee:	009a      	lsls	r2, r3, #2
100011f0:	4909      	ldr	r1, [pc, #36]	; (10001218 <mmhal_step_motors_impl+0xc8>)
100011f2:	5851      	ldr	r1, [r2, r1]
100011f4:	2201      	movs	r2, #1
100011f6:	408a      	lsls	r2, r1
100011f8:	21d0      	movs	r1, #208	; 0xd0
100011fa:	0609      	lsls	r1, r1, #24
100011fc:	618a      	str	r2, [r1, #24]
100011fe:	e7ef      	b.n	100011e0 <mmhal_step_motors_impl+0x90>
10001200:	4b07      	ldr	r3, [pc, #28]	; (10001220 <mmhal_step_motors_impl+0xd0>)
10001202:	6818      	ldr	r0, [r3, #0]
10001204:	17c1      	asrs	r1, r0, #31
10001206:	f001 fbf9 	bl	100029fc <sleep_us>
1000120a:	b002      	add	sp, #8
1000120c:	bd10      	pop	{r4, pc}
1000120e:	46c0      	nop			; (mov r8, r8)
10001210:	100095dc 	.word	0x100095dc
10001214:	100095f4 	.word	0x100095f4
10001218:	100095e8 	.word	0x100095e8
1000121c:	2000023c 	.word	0x2000023c
10001220:	20000240 	.word	0x20000240

10001224 <mmhal_set_spindle_pwm>:
10001224:	28ff      	cmp	r0, #255	; 0xff
10001226:	d900      	bls.n	1000122a <mmhal_set_spindle_pwm+0x6>
10001228:	20ff      	movs	r0, #255	; 0xff
1000122a:	0400      	lsls	r0, r0, #16
1000122c:	4b03      	ldr	r3, [pc, #12]	; (1000123c <mmhal_set_spindle_pwm+0x18>)
1000122e:	681b      	ldr	r3, [r3, #0]
10001230:	4058      	eors	r0, r3
10001232:	0c00      	lsrs	r0, r0, #16
10001234:	0400      	lsls	r0, r0, #16
10001236:	4b02      	ldr	r3, [pc, #8]	; (10001240 <mmhal_set_spindle_pwm+0x1c>)
10001238:	6018      	str	r0, [r3, #0]
1000123a:	4770      	bx	lr
1000123c:	4005000c 	.word	0x4005000c
10001240:	4005100c 	.word	0x4005100c

10001244 <mmhal_set_microstepping>:
10001244:	b510      	push	{r4, lr}
10001246:	2800      	cmp	r0, #0
10001248:	d005      	beq.n	10001256 <mmhal_set_microstepping+0x12>
1000124a:	2801      	cmp	r0, #1
1000124c:	d11c      	bne.n	10001288 <mmhal_set_microstepping+0x44>
1000124e:	220a      	movs	r2, #10
10001250:	3008      	adds	r0, #8
10001252:	2408      	movs	r4, #8
10001254:	e002      	b.n	1000125c <mmhal_set_microstepping+0x18>
10001256:	2204      	movs	r2, #4
10001258:	2003      	movs	r0, #3
1000125a:	2402      	movs	r4, #2
1000125c:	2905      	cmp	r1, #5
1000125e:	d813      	bhi.n	10001288 <mmhal_set_microstepping+0x44>
10001260:	0089      	lsls	r1, r1, #2
10001262:	4b2a      	ldr	r3, [pc, #168]	; (1000130c <mmhal_set_microstepping+0xc8>)
10001264:	585b      	ldr	r3, [r3, r1]
10001266:	469f      	mov	pc, r3
10001268:	2301      	movs	r3, #1
1000126a:	0019      	movs	r1, r3
1000126c:	40a1      	lsls	r1, r4
1000126e:	000c      	movs	r4, r1
10001270:	21d0      	movs	r1, #208	; 0xd0
10001272:	0609      	lsls	r1, r1, #24
10001274:	618c      	str	r4, [r1, #24]
10001276:	001c      	movs	r4, r3
10001278:	4084      	lsls	r4, r0
1000127a:	618c      	str	r4, [r1, #24]
1000127c:	4093      	lsls	r3, r2
1000127e:	618b      	str	r3, [r1, #24]
10001280:	200a      	movs	r0, #10
10001282:	2100      	movs	r1, #0
10001284:	f001 fbba 	bl	100029fc <sleep_us>
10001288:	bd10      	pop	{r4, pc}
1000128a:	2301      	movs	r3, #1
1000128c:	0019      	movs	r1, r3
1000128e:	40a1      	lsls	r1, r4
10001290:	000c      	movs	r4, r1
10001292:	21d0      	movs	r1, #208	; 0xd0
10001294:	0609      	lsls	r1, r1, #24
10001296:	614c      	str	r4, [r1, #20]
10001298:	001c      	movs	r4, r3
1000129a:	4084      	lsls	r4, r0
1000129c:	618c      	str	r4, [r1, #24]
1000129e:	4093      	lsls	r3, r2
100012a0:	618b      	str	r3, [r1, #24]
100012a2:	e7ed      	b.n	10001280 <mmhal_set_microstepping+0x3c>
100012a4:	2301      	movs	r3, #1
100012a6:	0019      	movs	r1, r3
100012a8:	40a1      	lsls	r1, r4
100012aa:	000c      	movs	r4, r1
100012ac:	21d0      	movs	r1, #208	; 0xd0
100012ae:	0609      	lsls	r1, r1, #24
100012b0:	618c      	str	r4, [r1, #24]
100012b2:	001c      	movs	r4, r3
100012b4:	4084      	lsls	r4, r0
100012b6:	614c      	str	r4, [r1, #20]
100012b8:	4093      	lsls	r3, r2
100012ba:	618b      	str	r3, [r1, #24]
100012bc:	e7e0      	b.n	10001280 <mmhal_set_microstepping+0x3c>
100012be:	2301      	movs	r3, #1
100012c0:	0019      	movs	r1, r3
100012c2:	40a1      	lsls	r1, r4
100012c4:	000c      	movs	r4, r1
100012c6:	21d0      	movs	r1, #208	; 0xd0
100012c8:	0609      	lsls	r1, r1, #24
100012ca:	614c      	str	r4, [r1, #20]
100012cc:	001c      	movs	r4, r3
100012ce:	4084      	lsls	r4, r0
100012d0:	614c      	str	r4, [r1, #20]
100012d2:	4093      	lsls	r3, r2
100012d4:	618b      	str	r3, [r1, #24]
100012d6:	e7d3      	b.n	10001280 <mmhal_set_microstepping+0x3c>
100012d8:	2301      	movs	r3, #1
100012da:	0019      	movs	r1, r3
100012dc:	40a1      	lsls	r1, r4
100012de:	000c      	movs	r4, r1
100012e0:	21d0      	movs	r1, #208	; 0xd0
100012e2:	0609      	lsls	r1, r1, #24
100012e4:	618c      	str	r4, [r1, #24]
100012e6:	001c      	movs	r4, r3
100012e8:	4084      	lsls	r4, r0
100012ea:	618c      	str	r4, [r1, #24]
100012ec:	4093      	lsls	r3, r2
100012ee:	614b      	str	r3, [r1, #20]
100012f0:	e7c6      	b.n	10001280 <mmhal_set_microstepping+0x3c>
100012f2:	2301      	movs	r3, #1
100012f4:	0019      	movs	r1, r3
100012f6:	40a1      	lsls	r1, r4
100012f8:	000c      	movs	r4, r1
100012fa:	21d0      	movs	r1, #208	; 0xd0
100012fc:	0609      	lsls	r1, r1, #24
100012fe:	614c      	str	r4, [r1, #20]
10001300:	001c      	movs	r4, r3
10001302:	4084      	lsls	r4, r0
10001304:	618c      	str	r4, [r1, #24]
10001306:	4093      	lsls	r3, r2
10001308:	614b      	str	r3, [r1, #20]
1000130a:	e7b9      	b.n	10001280 <mmhal_set_microstepping+0x3c>
1000130c:	100095c4 	.word	0x100095c4

10001310 <mmhal_init>:
10001310:	b5f8      	push	{r3, r4, r5, r6, r7, lr}
10001312:	2016      	movs	r0, #22
10001314:	f000 fbbc 	bl	10001a90 <gpio_init>
10001318:	23d0      	movs	r3, #208	; 0xd0
1000131a:	061b      	lsls	r3, r3, #24
1000131c:	2280      	movs	r2, #128	; 0x80
1000131e:	03d2      	lsls	r2, r2, #15
10001320:	625a      	str	r2, [r3, #36]	; 0x24
10001322:	619a      	str	r2, [r3, #24]
10001324:	2600      	movs	r6, #0
10001326:	e015      	b.n	10001354 <mmhal_init+0x44>
10001328:	00b7      	lsls	r7, r6, #2
1000132a:	4b3d      	ldr	r3, [pc, #244]	; (10001420 <mmhal_init+0x110>)
1000132c:	58fd      	ldr	r5, [r7, r3]
1000132e:	0028      	movs	r0, r5
10001330:	f000 fbae 	bl	10001a90 <gpio_init>
10001334:	2401      	movs	r4, #1
10001336:	0023      	movs	r3, r4
10001338:	40ab      	lsls	r3, r5
1000133a:	25d0      	movs	r5, #208	; 0xd0
1000133c:	062d      	lsls	r5, r5, #24
1000133e:	626b      	str	r3, [r5, #36]	; 0x24
10001340:	61ab      	str	r3, [r5, #24]
10001342:	4b38      	ldr	r3, [pc, #224]	; (10001424 <mmhal_init+0x114>)
10001344:	58ff      	ldr	r7, [r7, r3]
10001346:	0038      	movs	r0, r7
10001348:	f000 fba2 	bl	10001a90 <gpio_init>
1000134c:	40bc      	lsls	r4, r7
1000134e:	626c      	str	r4, [r5, #36]	; 0x24
10001350:	61ac      	str	r4, [r5, #24]
10001352:	3601      	adds	r6, #1
10001354:	2e02      	cmp	r6, #2
10001356:	dde7      	ble.n	10001328 <mmhal_init+0x18>
10001358:	2002      	movs	r0, #2
1000135a:	f000 fb99 	bl	10001a90 <gpio_init>
1000135e:	24d0      	movs	r4, #208	; 0xd0
10001360:	0624      	lsls	r4, r4, #24
10001362:	2304      	movs	r3, #4
10001364:	6263      	str	r3, [r4, #36]	; 0x24
10001366:	61a3      	str	r3, [r4, #24]
10001368:	2003      	movs	r0, #3
1000136a:	f000 fb91 	bl	10001a90 <gpio_init>
1000136e:	2308      	movs	r3, #8
10001370:	6263      	str	r3, [r4, #36]	; 0x24
10001372:	61a3      	str	r3, [r4, #24]
10001374:	2004      	movs	r0, #4
10001376:	f000 fb8b 	bl	10001a90 <gpio_init>
1000137a:	2310      	movs	r3, #16
1000137c:	6263      	str	r3, [r4, #36]	; 0x24
1000137e:	61a3      	str	r3, [r4, #24]
10001380:	2008      	movs	r0, #8
10001382:	f000 fb85 	bl	10001a90 <gpio_init>
10001386:	2380      	movs	r3, #128	; 0x80
10001388:	005b      	lsls	r3, r3, #1
1000138a:	6263      	str	r3, [r4, #36]	; 0x24
1000138c:	61a3      	str	r3, [r4, #24]
1000138e:	2009      	movs	r0, #9
10001390:	f000 fb7e 	bl	10001a90 <gpio_init>
10001394:	2380      	movs	r3, #128	; 0x80
10001396:	009b      	lsls	r3, r3, #2
10001398:	6263      	str	r3, [r4, #36]	; 0x24
1000139a:	61a3      	str	r3, [r4, #24]
1000139c:	200a      	movs	r0, #10
1000139e:	f000 fb77 	bl	10001a90 <gpio_init>
100013a2:	2380      	movs	r3, #128	; 0x80
100013a4:	00db      	lsls	r3, r3, #3
100013a6:	6263      	str	r3, [r4, #36]	; 0x24
100013a8:	61a3      	str	r3, [r4, #24]
100013aa:	2007      	movs	r0, #7
100013ac:	f000 fb70 	bl	10001a90 <gpio_init>
100013b0:	2380      	movs	r3, #128	; 0x80
100013b2:	62a3      	str	r3, [r4, #40]	; 0x28
100013b4:	2200      	movs	r2, #0
100013b6:	2101      	movs	r1, #1
100013b8:	2007      	movs	r0, #7
100013ba:	f000 fb4f 	bl	10001a5c <gpio_set_pulls>
100013be:	200d      	movs	r0, #13
100013c0:	f000 fb66 	bl	10001a90 <gpio_init>
100013c4:	2380      	movs	r3, #128	; 0x80
100013c6:	019b      	lsls	r3, r3, #6
100013c8:	62a3      	str	r3, [r4, #40]	; 0x28
100013ca:	2200      	movs	r2, #0
100013cc:	2101      	movs	r1, #1
100013ce:	200d      	movs	r0, #13
100013d0:	f000 fb44 	bl	10001a5c <gpio_set_pulls>
100013d4:	2010      	movs	r0, #16
100013d6:	f000 fb5b 	bl	10001a90 <gpio_init>
100013da:	2380      	movs	r3, #128	; 0x80
100013dc:	025b      	lsls	r3, r3, #9
100013de:	62a3      	str	r3, [r4, #40]	; 0x28
100013e0:	2200      	movs	r2, #0
100013e2:	2101      	movs	r1, #1
100013e4:	2010      	movs	r0, #16
100013e6:	f000 fb39 	bl	10001a5c <gpio_set_pulls>
100013ea:	2104      	movs	r1, #4
100013ec:	2011      	movs	r0, #17
100013ee:	f000 fb1d 	bl	10001a2c <gpio_set_function>
100013f2:	4a0d      	ldr	r2, [pc, #52]	; (10001428 <mmhal_init+0x118>)
100013f4:	23ff      	movs	r3, #255	; 0xff
100013f6:	6113      	str	r3, [r2, #16]
100013f8:	4b0c      	ldr	r3, [pc, #48]	; (1000142c <mmhal_init+0x11c>)
100013fa:	681b      	ldr	r3, [r3, #0]
100013fc:	0c1b      	lsrs	r3, r3, #16
100013fe:	041b      	lsls	r3, r3, #16
10001400:	490b      	ldr	r1, [pc, #44]	; (10001430 <mmhal_init+0x120>)
10001402:	600b      	str	r3, [r1, #0]
10001404:	6812      	ldr	r2, [r2, #0]
10001406:	2301      	movs	r3, #1
10001408:	4393      	bics	r3, r2
1000140a:	4a0a      	ldr	r2, [pc, #40]	; (10001434 <mmhal_init+0x124>)
1000140c:	6013      	str	r3, [r2, #0]
1000140e:	2100      	movs	r1, #0
10001410:	2000      	movs	r0, #0
10001412:	f7ff ff17 	bl	10001244 <mmhal_set_microstepping>
10001416:	2100      	movs	r1, #0
10001418:	2001      	movs	r0, #1
1000141a:	f7ff ff13 	bl	10001244 <mmhal_set_microstepping>
1000141e:	bdf8      	pop	{r3, r4, r5, r6, r7, pc}
10001420:	100095e8 	.word	0x100095e8
10001424:	100095dc 	.word	0x100095dc
10001428:	40050000 	.word	0x40050000
1000142c:	4005000c 	.word	0x4005000c
10001430:	4005100c 	.word	0x4005100c
10001434:	40051000 	.word	0x40051000

10001438 <mmhal_step_motors>:
10001438:	b500      	push	{lr}
1000143a:	b085      	sub	sp, #20
1000143c:	9001      	str	r0, [sp, #4]
1000143e:	9102      	str	r1, [sp, #8]
10001440:	9203      	str	r2, [sp, #12]
10001442:	a801      	add	r0, sp, #4
10001444:	f7ff fe84 	bl	10001150 <mmhal_step_motors_impl>
10001448:	b005      	add	sp, #20
1000144a:	bd00      	pop	{pc}

1000144c <draw_box>:
1000144c:	b5f0      	push	{r4, r5, r6, r7, lr}
1000144e:	46de      	mov	lr, fp
10001450:	4657      	mov	r7, sl
10001452:	464e      	mov	r6, r9
10001454:	4645      	mov	r5, r8
10001456:	b5e0      	push	{r5, r6, r7, lr}
10001458:	b083      	sub	sp, #12
1000145a:	0007      	movs	r7, r0
1000145c:	000e      	movs	r6, r1
1000145e:	0015      	movs	r5, r2
10001460:	9300      	str	r3, [sp, #0]
10001462:	ab0c      	add	r3, sp, #48	; 0x30
10001464:	cb04      	ldmia	r3!, {r2}
10001466:	9201      	str	r2, [sp, #4]
10001468:	881b      	ldrh	r3, [r3, #0]
1000146a:	2b27      	cmp	r3, #39	; 0x27
1000146c:	d80c      	bhi.n	10001488 <draw_box+0x3c>
1000146e:	220a      	movs	r2, #10
10001470:	189b      	adds	r3, r3, r2
10001472:	221e      	movs	r2, #30
10001474:	4951      	ldr	r1, [pc, #324]	; (100015bc <draw_box+0x170>)
10001476:	4852      	ldr	r0, [pc, #328]	; (100015c0 <draw_box+0x174>)
10001478:	f004 fd8c 	bl	10005f94 <__wrap_printf>
1000147c:	2400      	movs	r4, #0
1000147e:	46bb      	mov	fp, r7
10001480:	46b1      	mov	r9, r6
10001482:	0026      	movs	r6, r4
10001484:	46aa      	mov	sl, r5
10001486:	e023      	b.n	100014d0 <draw_box+0x84>
10001488:	2200      	movs	r2, #0
1000148a:	e7f1      	b.n	10001470 <draw_box+0x24>
1000148c:	465b      	mov	r3, fp
1000148e:	199d      	adds	r5, r3, r6
10001490:	b2ad      	uxth	r5, r5
10001492:	464b      	mov	r3, r9
10001494:	b29c      	uxth	r4, r3
10001496:	041a      	lsls	r2, r3, #16
10001498:	0c12      	lsrs	r2, r2, #16
1000149a:	4b48      	ldr	r3, [pc, #288]	; (100015bc <draw_box+0x170>)
1000149c:	4698      	mov	r8, r3
1000149e:	4f49      	ldr	r7, [pc, #292]	; (100015c4 <draw_box+0x178>)
100014a0:	002b      	movs	r3, r5
100014a2:	4641      	mov	r1, r8
100014a4:	0038      	movs	r0, r7
100014a6:	f004 fd75 	bl	10005f94 <__wrap_printf>
100014aa:	202d      	movs	r0, #45	; 0x2d
100014ac:	f004 fd0e 	bl	10005ecc <__wrap_putchar>
100014b0:	0022      	movs	r2, r4
100014b2:	9b00      	ldr	r3, [sp, #0]
100014b4:	469c      	mov	ip, r3
100014b6:	4462      	add	r2, ip
100014b8:	b292      	uxth	r2, r2
100014ba:	3a01      	subs	r2, #1
100014bc:	b292      	uxth	r2, r2
100014be:	002b      	movs	r3, r5
100014c0:	4641      	mov	r1, r8
100014c2:	0038      	movs	r0, r7
100014c4:	f004 fd66 	bl	10005f94 <__wrap_printf>
100014c8:	202d      	movs	r0, #45	; 0x2d
100014ca:	f004 fcff 	bl	10005ecc <__wrap_putchar>
100014ce:	3601      	adds	r6, #1
100014d0:	4556      	cmp	r6, sl
100014d2:	dbdb      	blt.n	1000148c <draw_box+0x40>
100014d4:	464e      	mov	r6, r9
100014d6:	4655      	mov	r5, sl
100014d8:	2401      	movs	r4, #1
100014da:	46d9      	mov	r9, fp
100014dc:	46b2      	mov	sl, r6
100014de:	0026      	movs	r6, r4
100014e0:	46ab      	mov	fp, r5
100014e2:	e020      	b.n	10001526 <draw_box+0xda>
100014e4:	464b      	mov	r3, r9
100014e6:	b29c      	uxth	r4, r3
100014e8:	4653      	mov	r3, sl
100014ea:	199d      	adds	r5, r3, r6
100014ec:	b2ad      	uxth	r5, r5
100014ee:	464b      	mov	r3, r9
100014f0:	041b      	lsls	r3, r3, #16
100014f2:	0c1b      	lsrs	r3, r3, #16
100014f4:	4a31      	ldr	r2, [pc, #196]	; (100015bc <draw_box+0x170>)
100014f6:	4690      	mov	r8, r2
100014f8:	4f32      	ldr	r7, [pc, #200]	; (100015c4 <draw_box+0x178>)
100014fa:	002a      	movs	r2, r5
100014fc:	4641      	mov	r1, r8
100014fe:	0038      	movs	r0, r7
10001500:	f004 fd48 	bl	10005f94 <__wrap_printf>
10001504:	207c      	movs	r0, #124	; 0x7c
10001506:	f004 fce1 	bl	10005ecc <__wrap_putchar>
1000150a:	0023      	movs	r3, r4
1000150c:	445b      	add	r3, fp
1000150e:	b29b      	uxth	r3, r3
10001510:	3b01      	subs	r3, #1
10001512:	b29b      	uxth	r3, r3
10001514:	002a      	movs	r2, r5
10001516:	4641      	mov	r1, r8
10001518:	0038      	movs	r0, r7
1000151a:	f004 fd3b 	bl	10005f94 <__wrap_printf>
1000151e:	207c      	movs	r0, #124	; 0x7c
10001520:	f004 fcd4 	bl	10005ecc <__wrap_putchar>
10001524:	3601      	adds	r6, #1
10001526:	9b00      	ldr	r3, [sp, #0]
10001528:	3b01      	subs	r3, #1
1000152a:	42b3      	cmp	r3, r6
1000152c:	dcda      	bgt.n	100014e4 <draw_box+0x98>
1000152e:	4698      	mov	r8, r3
10001530:	464f      	mov	r7, r9
10001532:	2301      	movs	r3, #1
10001534:	001d      	movs	r5, r3
10001536:	46d1      	mov	r9, sl
10001538:	465e      	mov	r6, fp
1000153a:	e010      	b.n	1000155e <draw_box+0x112>
1000153c:	193b      	adds	r3, r7, r4
1000153e:	b29b      	uxth	r3, r3
10001540:	464a      	mov	r2, r9
10001542:	1952      	adds	r2, r2, r5
10001544:	b292      	uxth	r2, r2
10001546:	491d      	ldr	r1, [pc, #116]	; (100015bc <draw_box+0x170>)
10001548:	481e      	ldr	r0, [pc, #120]	; (100015c4 <draw_box+0x178>)
1000154a:	f004 fd23 	bl	10005f94 <__wrap_printf>
1000154e:	2020      	movs	r0, #32
10001550:	f004 fcbc 	bl	10005ecc <__wrap_putchar>
10001554:	3401      	adds	r4, #1
10001556:	1e73      	subs	r3, r6, #1
10001558:	42a3      	cmp	r3, r4
1000155a:	dcef      	bgt.n	1000153c <draw_box+0xf0>
1000155c:	3501      	adds	r5, #1
1000155e:	45a8      	cmp	r8, r5
10001560:	dd01      	ble.n	10001566 <draw_box+0x11a>
10001562:	2401      	movs	r4, #1
10001564:	e7f7      	b.n	10001556 <draw_box+0x10a>
10001566:	0035      	movs	r5, r6
10001568:	464e      	mov	r6, r9
1000156a:	9801      	ldr	r0, [sp, #4]
1000156c:	2800      	cmp	r0, #0
1000156e:	d016      	beq.n	1000159e <draw_box+0x152>
10001570:	7803      	ldrb	r3, [r0, #0]
10001572:	2b00      	cmp	r3, #0
10001574:	d013      	beq.n	1000159e <draw_box+0x152>
10001576:	f005 fa45 	bl	10006a04 <strlen>
1000157a:	1a2d      	subs	r5, r5, r0
1000157c:	0feb      	lsrs	r3, r5, #31
1000157e:	195b      	adds	r3, r3, r5
10001580:	105b      	asrs	r3, r3, #1
10001582:	2d01      	cmp	r5, #1
10001584:	dd18      	ble.n	100015b8 <draw_box+0x16c>
10001586:	18fb      	adds	r3, r7, r3
10001588:	b29b      	uxth	r3, r3
1000158a:	0432      	lsls	r2, r6, #16
1000158c:	0c12      	lsrs	r2, r2, #16
1000158e:	490b      	ldr	r1, [pc, #44]	; (100015bc <draw_box+0x170>)
10001590:	480c      	ldr	r0, [pc, #48]	; (100015c4 <draw_box+0x178>)
10001592:	f004 fcff 	bl	10005f94 <__wrap_printf>
10001596:	9901      	ldr	r1, [sp, #4]
10001598:	480b      	ldr	r0, [pc, #44]	; (100015c8 <draw_box+0x17c>)
1000159a:	f004 fcfb 	bl	10005f94 <__wrap_printf>
1000159e:	2328      	movs	r3, #40	; 0x28
100015a0:	2225      	movs	r2, #37	; 0x25
100015a2:	4906      	ldr	r1, [pc, #24]	; (100015bc <draw_box+0x170>)
100015a4:	4806      	ldr	r0, [pc, #24]	; (100015c0 <draw_box+0x174>)
100015a6:	f004 fcf5 	bl	10005f94 <__wrap_printf>
100015aa:	b003      	add	sp, #12
100015ac:	bcf0      	pop	{r4, r5, r6, r7}
100015ae:	46bb      	mov	fp, r7
100015b0:	46b2      	mov	sl, r6
100015b2:	46a9      	mov	r9, r5
100015b4:	46a0      	mov	r8, r4
100015b6:	bdf0      	pop	{r4, r5, r6, r7, pc}
100015b8:	2301      	movs	r3, #1
100015ba:	e7e4      	b.n	10001586 <draw_box+0x13a>
100015bc:	1000997c 	.word	0x1000997c
100015c0:	10009600 	.word	0x10009600
100015c4:	1000960c 	.word	0x1000960c
100015c8:	100093b8 	.word	0x100093b8

100015cc <ui_draw_background>:
100015cc:	b570      	push	{r4, r5, r6, lr}
100015ce:	b082      	sub	sp, #8
100015d0:	4c27      	ldr	r4, [pc, #156]	; (10001670 <ui_draw_background+0xa4>)
100015d2:	2328      	movs	r3, #40	; 0x28
100015d4:	2225      	movs	r2, #37	; 0x25
100015d6:	0021      	movs	r1, r4
100015d8:	4826      	ldr	r0, [pc, #152]	; (10001674 <ui_draw_background+0xa8>)
100015da:	f004 fcdb 	bl	10005f94 <__wrap_printf>
100015de:	4a26      	ldr	r2, [pc, #152]	; (10001678 <ui_draw_background+0xac>)
100015e0:	0021      	movs	r1, r4
100015e2:	4826      	ldr	r0, [pc, #152]	; (1000167c <ui_draw_background+0xb0>)
100015e4:	f004 fcd6 	bl	10005f94 <__wrap_printf>
100015e8:	2324      	movs	r3, #36	; 0x24
100015ea:	9301      	str	r3, [sp, #4]
100015ec:	4b24      	ldr	r3, [pc, #144]	; (10001680 <ui_draw_background+0xb4>)
100015ee:	9300      	str	r3, [sp, #0]
100015f0:	2310      	movs	r3, #16
100015f2:	2226      	movs	r2, #38	; 0x26
100015f4:	2101      	movs	r1, #1
100015f6:	2001      	movs	r0, #1
100015f8:	f7ff ff28 	bl	1000144c <draw_box>
100015fc:	261e      	movs	r6, #30
100015fe:	9601      	str	r6, [sp, #4]
10001600:	4d20      	ldr	r5, [pc, #128]	; (10001684 <ui_draw_background+0xb8>)
10001602:	9500      	str	r5, [sp, #0]
10001604:	230e      	movs	r3, #14
10001606:	2224      	movs	r2, #36	; 0x24
10001608:	2102      	movs	r1, #2
1000160a:	2002      	movs	r0, #2
1000160c:	f7ff ff1e 	bl	1000144c <draw_box>
10001610:	2320      	movs	r3, #32
10001612:	9301      	str	r3, [sp, #4]
10001614:	4b1c      	ldr	r3, [pc, #112]	; (10001688 <ui_draw_background+0xbc>)
10001616:	9300      	str	r3, [sp, #0]
10001618:	2310      	movs	r3, #16
1000161a:	2215      	movs	r2, #21
1000161c:	2101      	movs	r1, #1
1000161e:	2028      	movs	r0, #40	; 0x28
10001620:	f7ff ff14 	bl	1000144c <draw_box>
10001624:	9601      	str	r6, [sp, #4]
10001626:	9500      	str	r5, [sp, #0]
10001628:	230e      	movs	r3, #14
1000162a:	2213      	movs	r2, #19
1000162c:	2102      	movs	r1, #2
1000162e:	2029      	movs	r0, #41	; 0x29
10001630:	f7ff ff0c 	bl	1000144c <draw_box>
10001634:	2321      	movs	r3, #33	; 0x21
10001636:	9301      	str	r3, [sp, #4]
10001638:	4b14      	ldr	r3, [pc, #80]	; (1000168c <ui_draw_background+0xc0>)
1000163a:	9300      	str	r3, [sp, #0]
1000163c:	2304      	movs	r3, #4
1000163e:	223c      	movs	r2, #60	; 0x3c
10001640:	2112      	movs	r1, #18
10001642:	2001      	movs	r0, #1
10001644:	f7ff ff02 	bl	1000144c <draw_box>
10001648:	9601      	str	r6, [sp, #4]
1000164a:	9500      	str	r5, [sp, #0]
1000164c:	2302      	movs	r3, #2
1000164e:	223a      	movs	r2, #58	; 0x3a
10001650:	2113      	movs	r1, #19
10001652:	2002      	movs	r0, #2
10001654:	f7ff fefa 	bl	1000144c <draw_box>
10001658:	2301      	movs	r3, #1
1000165a:	2218      	movs	r2, #24
1000165c:	0021      	movs	r1, r4
1000165e:	480c      	ldr	r0, [pc, #48]	; (10001690 <ui_draw_background+0xc4>)
10001660:	f004 fc98 	bl	10005f94 <__wrap_printf>
10001664:	203e      	movs	r0, #62	; 0x3e
10001666:	f004 fc31 	bl	10005ecc <__wrap_putchar>
1000166a:	b002      	add	sp, #8
1000166c:	bd70      	pop	{r4, r5, r6, pc}
1000166e:	46c0      	nop			; (mov r8, r8)
10001670:	1000997c 	.word	0x1000997c
10001674:	10009600 	.word	0x10009600
10001678:	10009978 	.word	0x10009978
1000167c:	10009618 	.word	0x10009618
10001680:	10009620 	.word	0x10009620
10001684:	1000a4b4 	.word	0x1000a4b4
10001688:	10009628 	.word	0x10009628
1000168c:	10009634 	.word	0x10009634
10001690:	1000960c 	.word	0x1000960c

10001694 <ui_draw_help_manual>:
10001694:	b570      	push	{r4, r5, r6, lr}
10001696:	4d21      	ldr	r5, [pc, #132]	; (1000171c <ui_draw_help_manual+0x88>)
10001698:	4c21      	ldr	r4, [pc, #132]	; (10001720 <ui_draw_help_manual+0x8c>)
1000169a:	2303      	movs	r3, #3
1000169c:	2202      	movs	r2, #2
1000169e:	0029      	movs	r1, r5
100016a0:	0020      	movs	r0, r4
100016a2:	f004 fc77 	bl	10005f94 <__wrap_printf>
100016a6:	481f      	ldr	r0, [pc, #124]	; (10001724 <ui_draw_help_manual+0x90>)
100016a8:	f004 fc74 	bl	10005f94 <__wrap_printf>
100016ac:	2303      	movs	r3, #3
100016ae:	2203      	movs	r2, #3
100016b0:	0029      	movs	r1, r5
100016b2:	0020      	movs	r0, r4
100016b4:	f004 fc6e 	bl	10005f94 <__wrap_printf>
100016b8:	481b      	ldr	r0, [pc, #108]	; (10001728 <ui_draw_help_manual+0x94>)
100016ba:	f004 fc6b 	bl	10005f94 <__wrap_printf>
100016be:	2303      	movs	r3, #3
100016c0:	2204      	movs	r2, #4
100016c2:	0029      	movs	r1, r5
100016c4:	0020      	movs	r0, r4
100016c6:	f004 fc65 	bl	10005f94 <__wrap_printf>
100016ca:	4818      	ldr	r0, [pc, #96]	; (1000172c <ui_draw_help_manual+0x98>)
100016cc:	f004 fc62 	bl	10005f94 <__wrap_printf>
100016d0:	2303      	movs	r3, #3
100016d2:	2205      	movs	r2, #5
100016d4:	0029      	movs	r1, r5
100016d6:	0020      	movs	r0, r4
100016d8:	f004 fc5c 	bl	10005f94 <__wrap_printf>
100016dc:	4814      	ldr	r0, [pc, #80]	; (10001730 <ui_draw_help_manual+0x9c>)
100016de:	f004 fc59 	bl	10005f94 <__wrap_printf>
100016e2:	2303      	movs	r3, #3
100016e4:	2206      	movs	r2, #6
100016e6:	0029      	movs	r1, r5
100016e8:	0020      	movs	r0, r4
100016ea:	f004 fc53 	bl	10005f94 <__wrap_printf>
100016ee:	4811      	ldr	r0, [pc, #68]	; (10001734 <ui_draw_help_manual+0xa0>)
100016f0:	f004 fc50 	bl	10005f94 <__wrap_printf>
100016f4:	2303      	movs	r3, #3
100016f6:	2207      	movs	r2, #7
100016f8:	0029      	movs	r1, r5
100016fa:	0020      	movs	r0, r4
100016fc:	f004 fc4a 	bl	10005f94 <__wrap_printf>
10001700:	480d      	ldr	r0, [pc, #52]	; (10001738 <ui_draw_help_manual+0xa4>)
10001702:	f004 fc47 	bl	10005f94 <__wrap_printf>
10001706:	2303      	movs	r3, #3
10001708:	2208      	movs	r2, #8
1000170a:	0029      	movs	r1, r5
1000170c:	0020      	movs	r0, r4
1000170e:	f004 fc41 	bl	10005f94 <__wrap_printf>
10001712:	480a      	ldr	r0, [pc, #40]	; (1000173c <ui_draw_help_manual+0xa8>)
10001714:	f004 fc3e 	bl	10005f94 <__wrap_printf>
10001718:	bd70      	pop	{r4, r5, r6, pc}
1000171a:	46c0      	nop			; (mov r8, r8)
1000171c:	1000997c 	.word	0x1000997c
10001720:	1000960c 	.word	0x1000960c
10001724:	1000963c 	.word	0x1000963c
10001728:	10009650 	.word	0x10009650
1000172c:	10009664 	.word	0x10009664
10001730:	10009678 	.word	0x10009678
10001734:	10009694 	.word	0x10009694
10001738:	100096ac 	.word	0x100096ac
1000173c:	100096c4 	.word	0x100096c4

10001740 <ui_draw_help_command>:
10001740:	b570      	push	{r4, r5, r6, lr}
10001742:	4d40      	ldr	r5, [pc, #256]	; (10001844 <ui_draw_help_command+0x104>)
10001744:	4c40      	ldr	r4, [pc, #256]	; (10001848 <ui_draw_help_command+0x108>)
10001746:	2303      	movs	r3, #3
10001748:	2202      	movs	r2, #2
1000174a:	0029      	movs	r1, r5
1000174c:	0020      	movs	r0, r4
1000174e:	f004 fc21 	bl	10005f94 <__wrap_printf>
10001752:	483e      	ldr	r0, [pc, #248]	; (1000184c <ui_draw_help_command+0x10c>)
10001754:	f004 fc1e 	bl	10005f94 <__wrap_printf>
10001758:	2303      	movs	r3, #3
1000175a:	2203      	movs	r2, #3
1000175c:	0029      	movs	r1, r5
1000175e:	0020      	movs	r0, r4
10001760:	f004 fc18 	bl	10005f94 <__wrap_printf>
10001764:	483a      	ldr	r0, [pc, #232]	; (10001850 <ui_draw_help_command+0x110>)
10001766:	f004 fc15 	bl	10005f94 <__wrap_printf>
1000176a:	2303      	movs	r3, #3
1000176c:	2204      	movs	r2, #4
1000176e:	0029      	movs	r1, r5
10001770:	0020      	movs	r0, r4
10001772:	f004 fc0f 	bl	10005f94 <__wrap_printf>
10001776:	4837      	ldr	r0, [pc, #220]	; (10001854 <ui_draw_help_command+0x114>)
10001778:	f004 fc0c 	bl	10005f94 <__wrap_printf>
1000177c:	2303      	movs	r3, #3
1000177e:	2205      	movs	r2, #5
10001780:	0029      	movs	r1, r5
10001782:	0020      	movs	r0, r4
10001784:	f004 fc06 	bl	10005f94 <__wrap_printf>
10001788:	4833      	ldr	r0, [pc, #204]	; (10001858 <ui_draw_help_command+0x118>)
1000178a:	f004 fc03 	bl	10005f94 <__wrap_printf>
1000178e:	2303      	movs	r3, #3
10001790:	2206      	movs	r2, #6
10001792:	0029      	movs	r1, r5
10001794:	0020      	movs	r0, r4
10001796:	f004 fbfd 	bl	10005f94 <__wrap_printf>
1000179a:	4830      	ldr	r0, [pc, #192]	; (1000185c <ui_draw_help_command+0x11c>)
1000179c:	f004 fbfa 	bl	10005f94 <__wrap_printf>
100017a0:	2303      	movs	r3, #3
100017a2:	2207      	movs	r2, #7
100017a4:	0029      	movs	r1, r5
100017a6:	0020      	movs	r0, r4
100017a8:	f004 fbf4 	bl	10005f94 <__wrap_printf>
100017ac:	482c      	ldr	r0, [pc, #176]	; (10001860 <ui_draw_help_command+0x120>)
100017ae:	f004 fbf1 	bl	10005f94 <__wrap_printf>
100017b2:	2303      	movs	r3, #3
100017b4:	2208      	movs	r2, #8
100017b6:	0029      	movs	r1, r5
100017b8:	0020      	movs	r0, r4
100017ba:	f004 fbeb 	bl	10005f94 <__wrap_printf>
100017be:	4829      	ldr	r0, [pc, #164]	; (10001864 <ui_draw_help_command+0x124>)
100017c0:	f004 fbe8 	bl	10005f94 <__wrap_printf>
100017c4:	2303      	movs	r3, #3
100017c6:	2209      	movs	r2, #9
100017c8:	0029      	movs	r1, r5
100017ca:	0020      	movs	r0, r4
100017cc:	f004 fbe2 	bl	10005f94 <__wrap_printf>
100017d0:	4825      	ldr	r0, [pc, #148]	; (10001868 <ui_draw_help_command+0x128>)
100017d2:	f004 fbdf 	bl	10005f94 <__wrap_printf>
100017d6:	2303      	movs	r3, #3
100017d8:	220a      	movs	r2, #10
100017da:	0029      	movs	r1, r5
100017dc:	0020      	movs	r0, r4
100017de:	f004 fbd9 	bl	10005f94 <__wrap_printf>
100017e2:	4822      	ldr	r0, [pc, #136]	; (1000186c <ui_draw_help_command+0x12c>)
100017e4:	f004 fbd6 	bl	10005f94 <__wrap_printf>
100017e8:	2303      	movs	r3, #3
100017ea:	220b      	movs	r2, #11
100017ec:	0029      	movs	r1, r5
100017ee:	0020      	movs	r0, r4
100017f0:	f004 fbd0 	bl	10005f94 <__wrap_printf>
100017f4:	481e      	ldr	r0, [pc, #120]	; (10001870 <ui_draw_help_command+0x130>)
100017f6:	f004 fbcd 	bl	10005f94 <__wrap_printf>
100017fa:	2303      	movs	r3, #3
100017fc:	220c      	movs	r2, #12
100017fe:	0029      	movs	r1, r5
10001800:	0020      	movs	r0, r4
10001802:	f004 fbc7 	bl	10005f94 <__wrap_printf>
10001806:	481b      	ldr	r0, [pc, #108]	; (10001874 <ui_draw_help_command+0x134>)
10001808:	f004 fbc4 	bl	10005f94 <__wrap_printf>
1000180c:	2303      	movs	r3, #3
1000180e:	220d      	movs	r2, #13
10001810:	0029      	movs	r1, r5
10001812:	0020      	movs	r0, r4
10001814:	f004 fbbe 	bl	10005f94 <__wrap_printf>
10001818:	4817      	ldr	r0, [pc, #92]	; (10001878 <ui_draw_help_command+0x138>)
1000181a:	f004 fbbb 	bl	10005f94 <__wrap_printf>
1000181e:	2303      	movs	r3, #3
10001820:	220e      	movs	r2, #14
10001822:	0029      	movs	r1, r5
10001824:	0020      	movs	r0, r4
10001826:	f004 fbb5 	bl	10005f94 <__wrap_printf>
1000182a:	4814      	ldr	r0, [pc, #80]	; (1000187c <ui_draw_help_command+0x13c>)
1000182c:	f004 fbb2 	bl	10005f94 <__wrap_printf>
10001830:	2303      	movs	r3, #3
10001832:	220f      	movs	r2, #15
10001834:	0029      	movs	r1, r5
10001836:	0020      	movs	r0, r4
10001838:	f004 fbac 	bl	10005f94 <__wrap_printf>
1000183c:	4810      	ldr	r0, [pc, #64]	; (10001880 <ui_draw_help_command+0x140>)
1000183e:	f004 fba9 	bl	10005f94 <__wrap_printf>
10001842:	bd70      	pop	{r4, r5, r6, pc}
10001844:	1000997c 	.word	0x1000997c
10001848:	1000960c 	.word	0x1000960c
1000184c:	100096dc 	.word	0x100096dc
10001850:	10009708 	.word	0x10009708
10001854:	10009734 	.word	0x10009734
10001858:	10009758 	.word	0x10009758
1000185c:	10009784 	.word	0x10009784
10001860:	100097b0 	.word	0x100097b0
10001864:	100097e4 	.word	0x100097e4
10001868:	10009814 	.word	0x10009814
1000186c:	10009834 	.word	0x10009834
10001870:	10009858 	.word	0x10009858
10001874:	1000987c 	.word	0x1000987c
10001878:	100098a8 	.word	0x100098a8
1000187c:	100098c4 	.word	0x100098c4
10001880:	100098f0 	.word	0x100098f0

10001884 <ui_update_positions>:
10001884:	b5f0      	push	{r4, r5, r6, r7, lr}
10001886:	46d6      	mov	lr, sl
10001888:	464f      	mov	r7, r9
1000188a:	4646      	mov	r6, r8
1000188c:	b5c0      	push	{r6, r7, lr}
1000188e:	4681      	mov	r9, r0
10001890:	4688      	mov	r8, r1
10001892:	0017      	movs	r7, r2
10001894:	001e      	movs	r6, r3
10001896:	ab08      	add	r3, sp, #32
10001898:	781b      	ldrb	r3, [r3, #0]
1000189a:	2b00      	cmp	r3, #0
1000189c:	d03a      	beq.n	10001914 <ui_update_positions+0x90>
1000189e:	4b1f      	ldr	r3, [pc, #124]	; (1000191c <ui_update_positions+0x98>)
100018a0:	469a      	mov	sl, r3
100018a2:	4d1f      	ldr	r5, [pc, #124]	; (10001920 <ui_update_positions+0x9c>)
100018a4:	4c1f      	ldr	r4, [pc, #124]	; (10001924 <ui_update_positions+0xa0>)
100018a6:	232a      	movs	r3, #42	; 0x2a
100018a8:	2202      	movs	r2, #2
100018aa:	0029      	movs	r1, r5
100018ac:	0020      	movs	r0, r4
100018ae:	f004 fb71 	bl	10005f94 <__wrap_printf>
100018b2:	4651      	mov	r1, sl
100018b4:	481c      	ldr	r0, [pc, #112]	; (10001928 <ui_update_positions+0xa4>)
100018b6:	f004 fb6d 	bl	10005f94 <__wrap_printf>
100018ba:	232a      	movs	r3, #42	; 0x2a
100018bc:	2204      	movs	r2, #4
100018be:	0029      	movs	r1, r5
100018c0:	0020      	movs	r0, r4
100018c2:	f004 fb67 	bl	10005f94 <__wrap_printf>
100018c6:	4649      	mov	r1, r9
100018c8:	4818      	ldr	r0, [pc, #96]	; (1000192c <ui_update_positions+0xa8>)
100018ca:	f004 fb63 	bl	10005f94 <__wrap_printf>
100018ce:	232a      	movs	r3, #42	; 0x2a
100018d0:	2205      	movs	r2, #5
100018d2:	0029      	movs	r1, r5
100018d4:	0020      	movs	r0, r4
100018d6:	f004 fb5d 	bl	10005f94 <__wrap_printf>
100018da:	4641      	mov	r1, r8
100018dc:	4814      	ldr	r0, [pc, #80]	; (10001930 <ui_update_positions+0xac>)
100018de:	f004 fb59 	bl	10005f94 <__wrap_printf>
100018e2:	232a      	movs	r3, #42	; 0x2a
100018e4:	2206      	movs	r2, #6
100018e6:	0029      	movs	r1, r5
100018e8:	0020      	movs	r0, r4
100018ea:	f004 fb53 	bl	10005f94 <__wrap_printf>
100018ee:	0039      	movs	r1, r7
100018f0:	4810      	ldr	r0, [pc, #64]	; (10001934 <ui_update_positions+0xb0>)
100018f2:	f004 fb4f 	bl	10005f94 <__wrap_printf>
100018f6:	232a      	movs	r3, #42	; 0x2a
100018f8:	2208      	movs	r2, #8
100018fa:	0029      	movs	r1, r5
100018fc:	0020      	movs	r0, r4
100018fe:	f004 fb49 	bl	10005f94 <__wrap_printf>
10001902:	0031      	movs	r1, r6
10001904:	480c      	ldr	r0, [pc, #48]	; (10001938 <ui_update_positions+0xb4>)
10001906:	f004 fb45 	bl	10005f94 <__wrap_printf>
1000190a:	bce0      	pop	{r5, r6, r7}
1000190c:	46ba      	mov	sl, r7
1000190e:	46b1      	mov	r9, r6
10001910:	46a8      	mov	r8, r5
10001912:	bdf0      	pop	{r4, r5, r6, r7, pc}
10001914:	4b09      	ldr	r3, [pc, #36]	; (1000193c <ui_update_positions+0xb8>)
10001916:	469a      	mov	sl, r3
10001918:	e7c3      	b.n	100018a2 <ui_update_positions+0x1e>
1000191a:	46c0      	nop			; (mov r8, r8)
1000191c:	10009928 	.word	0x10009928
10001920:	1000997c 	.word	0x1000997c
10001924:	1000960c 	.word	0x1000960c
10001928:	10009930 	.word	0x10009930
1000192c:	1000993c 	.word	0x1000993c
10001930:	10009944 	.word	0x10009944
10001934:	1000994c 	.word	0x1000994c
10001938:	10009954 	.word	0x10009954
1000193c:	10009920 	.word	0x10009920

10001940 <ui_show_status>:
10001940:	b570      	push	{r4, r5, r6, lr}
10001942:	0005      	movs	r5, r0
10001944:	2401      	movs	r4, #1
10001946:	e00d      	b.n	10001964 <ui_show_status+0x24>
10001948:	0022      	movs	r2, r4
1000194a:	3212      	adds	r2, #18
1000194c:	b292      	uxth	r2, r2
1000194e:	2302      	movs	r3, #2
10001950:	490b      	ldr	r1, [pc, #44]	; (10001980 <ui_show_status+0x40>)
10001952:	480c      	ldr	r0, [pc, #48]	; (10001984 <ui_show_status+0x44>)
10001954:	f004 fb1e 	bl	10005f94 <__wrap_printf>
10001958:	4a0b      	ldr	r2, [pc, #44]	; (10001988 <ui_show_status+0x48>)
1000195a:	213a      	movs	r1, #58	; 0x3a
1000195c:	480b      	ldr	r0, [pc, #44]	; (1000198c <ui_show_status+0x4c>)
1000195e:	f004 fb19 	bl	10005f94 <__wrap_printf>
10001962:	3401      	adds	r4, #1
10001964:	2c02      	cmp	r4, #2
10001966:	ddef      	ble.n	10001948 <ui_show_status+0x8>
10001968:	2303      	movs	r3, #3
1000196a:	2213      	movs	r2, #19
1000196c:	4904      	ldr	r1, [pc, #16]	; (10001980 <ui_show_status+0x40>)
1000196e:	4805      	ldr	r0, [pc, #20]	; (10001984 <ui_show_status+0x44>)
10001970:	f004 fb10 	bl	10005f94 <__wrap_printf>
10001974:	002a      	movs	r2, r5
10001976:	2138      	movs	r1, #56	; 0x38
10001978:	4804      	ldr	r0, [pc, #16]	; (1000198c <ui_show_status+0x4c>)
1000197a:	f004 fb0b 	bl	10005f94 <__wrap_printf>
1000197e:	bd70      	pop	{r4, r5, r6, pc}
10001980:	1000997c 	.word	0x1000997c
10001984:	1000960c 	.word	0x1000960c
10001988:	1000a4b4 	.word	0x1000a4b4
1000198c:	10009960 	.word	0x10009960

10001990 <ui_show_error>:
10001990:	b570      	push	{r4, r5, r6, lr}
10001992:	0005      	movs	r5, r0
10001994:	2401      	movs	r4, #1
10001996:	e00d      	b.n	100019b4 <ui_show_error+0x24>
10001998:	0022      	movs	r2, r4
1000199a:	3212      	adds	r2, #18
1000199c:	b292      	uxth	r2, r2
1000199e:	2302      	movs	r3, #2
100019a0:	490b      	ldr	r1, [pc, #44]	; (100019d0 <ui_show_error+0x40>)
100019a2:	480c      	ldr	r0, [pc, #48]	; (100019d4 <ui_show_error+0x44>)
100019a4:	f004 faf6 	bl	10005f94 <__wrap_printf>
100019a8:	4a0b      	ldr	r2, [pc, #44]	; (100019d8 <ui_show_error+0x48>)
100019aa:	213a      	movs	r1, #58	; 0x3a
100019ac:	480b      	ldr	r0, [pc, #44]	; (100019dc <ui_show_error+0x4c>)
100019ae:	f004 faf1 	bl	10005f94 <__wrap_printf>
100019b2:	3401      	adds	r4, #1
100019b4:	2c02      	cmp	r4, #2
100019b6:	ddef      	ble.n	10001998 <ui_show_error+0x8>
100019b8:	2303      	movs	r3, #3
100019ba:	2213      	movs	r2, #19
100019bc:	4904      	ldr	r1, [pc, #16]	; (100019d0 <ui_show_error+0x40>)
100019be:	4805      	ldr	r0, [pc, #20]	; (100019d4 <ui_show_error+0x44>)
100019c0:	f004 fae8 	bl	10005f94 <__wrap_printf>
100019c4:	002a      	movs	r2, r5
100019c6:	2131      	movs	r1, #49	; 0x31
100019c8:	4805      	ldr	r0, [pc, #20]	; (100019e0 <ui_show_error+0x50>)
100019ca:	f004 fae3 	bl	10005f94 <__wrap_printf>
100019ce:	bd70      	pop	{r4, r5, r6, pc}
100019d0:	1000997c 	.word	0x1000997c
100019d4:	1000960c 	.word	0x1000960c
100019d8:	1000a4b4 	.word	0x1000a4b4
100019dc:	10009960 	.word	0x10009960
100019e0:	10009968 	.word	0x10009968

100019e4 <ui_clear_input_line>:
100019e4:	b510      	push	{r4, lr}
100019e6:	4c07      	ldr	r4, [pc, #28]	; (10001a04 <ui_clear_input_line+0x20>)
100019e8:	2301      	movs	r3, #1
100019ea:	2218      	movs	r2, #24
100019ec:	0021      	movs	r1, r4
100019ee:	4806      	ldr	r0, [pc, #24]	; (10001a08 <ui_clear_input_line+0x24>)
100019f0:	f004 fad0 	bl	10005f94 <__wrap_printf>
100019f4:	0021      	movs	r1, r4
100019f6:	4805      	ldr	r0, [pc, #20]	; (10001a0c <ui_clear_input_line+0x28>)
100019f8:	f004 facc 	bl	10005f94 <__wrap_printf>
100019fc:	203e      	movs	r0, #62	; 0x3e
100019fe:	f004 fa65 	bl	10005ecc <__wrap_putchar>
10001a02:	bd10      	pop	{r4, pc}
10001a04:	1000997c 	.word	0x1000997c
10001a08:	1000960c 	.word	0x1000960c
10001a0c:	10009974 	.word	0x10009974

10001a10 <ui_place_input_cursor>:
10001a10:	b510      	push	{r4, lr}
10001a12:	3002      	adds	r0, #2
10001a14:	b283      	uxth	r3, r0
10001a16:	2218      	movs	r2, #24
10001a18:	4902      	ldr	r1, [pc, #8]	; (10001a24 <ui_place_input_cursor+0x14>)
10001a1a:	4803      	ldr	r0, [pc, #12]	; (10001a28 <ui_place_input_cursor+0x18>)
10001a1c:	f004 faba 	bl	10005f94 <__wrap_printf>
10001a20:	bd10      	pop	{r4, pc}
10001a22:	46c0      	nop			; (mov r8, r8)
10001a24:	1000997c 	.word	0x1000997c
10001a28:	1000960c 	.word	0x1000960c

10001a2c <gpio_set_function>:
10001a2c:	b510      	push	{r4, lr}
10001a2e:	0083      	lsls	r3, r0, #2
10001a30:	4a08      	ldr	r2, [pc, #32]	; (10001a54 <gpio_set_function+0x28>)
10001a32:	4694      	mov	ip, r2
10001a34:	4463      	add	r3, ip
10001a36:	681c      	ldr	r4, [r3, #0]
10001a38:	2240      	movs	r2, #64	; 0x40
10001a3a:	4062      	eors	r2, r4
10001a3c:	24c0      	movs	r4, #192	; 0xc0
10001a3e:	4014      	ands	r4, r2
10001a40:	2280      	movs	r2, #128	; 0x80
10001a42:	0152      	lsls	r2, r2, #5
10001a44:	4313      	orrs	r3, r2
10001a46:	601c      	str	r4, [r3, #0]
10001a48:	00c0      	lsls	r0, r0, #3
10001a4a:	4b03      	ldr	r3, [pc, #12]	; (10001a58 <gpio_set_function+0x2c>)
10001a4c:	469c      	mov	ip, r3
10001a4e:	4460      	add	r0, ip
10001a50:	6041      	str	r1, [r0, #4]
10001a52:	bd10      	pop	{r4, pc}
10001a54:	4001c004 	.word	0x4001c004
10001a58:	40014000 	.word	0x40014000

10001a5c <gpio_set_pulls>:
10001a5c:	0080      	lsls	r0, r0, #2
10001a5e:	4b0b      	ldr	r3, [pc, #44]	; (10001a8c <gpio_set_pulls+0x30>)
10001a60:	469c      	mov	ip, r3
10001a62:	4460      	add	r0, ip
10001a64:	2900      	cmp	r1, #0
10001a66:	d00d      	beq.n	10001a84 <gpio_set_pulls+0x28>
10001a68:	2308      	movs	r3, #8
10001a6a:	2a00      	cmp	r2, #0
10001a6c:	d00c      	beq.n	10001a88 <gpio_set_pulls+0x2c>
10001a6e:	2204      	movs	r2, #4
10001a70:	4313      	orrs	r3, r2
10001a72:	6802      	ldr	r2, [r0, #0]
10001a74:	4053      	eors	r3, r2
10001a76:	220c      	movs	r2, #12
10001a78:	4013      	ands	r3, r2
10001a7a:	2280      	movs	r2, #128	; 0x80
10001a7c:	0152      	lsls	r2, r2, #5
10001a7e:	4310      	orrs	r0, r2
10001a80:	6003      	str	r3, [r0, #0]
10001a82:	4770      	bx	lr
10001a84:	2300      	movs	r3, #0
10001a86:	e7f0      	b.n	10001a6a <gpio_set_pulls+0xe>
10001a88:	2200      	movs	r2, #0
10001a8a:	e7f1      	b.n	10001a70 <gpio_set_pulls+0x14>
10001a8c:	4001c004 	.word	0x4001c004

10001a90 <gpio_init>:
10001a90:	b510      	push	{r4, lr}
10001a92:	2301      	movs	r3, #1
10001a94:	4083      	lsls	r3, r0
10001a96:	22d0      	movs	r2, #208	; 0xd0
10001a98:	0612      	lsls	r2, r2, #24
10001a9a:	6293      	str	r3, [r2, #40]	; 0x28
10001a9c:	6193      	str	r3, [r2, #24]
10001a9e:	2105      	movs	r1, #5
10001aa0:	f7ff ffc4 	bl	10001a2c <gpio_set_function>
10001aa4:	bd10      	pop	{r4, pc}
	...

10001aa8 <running_on_fpga>:
10001aa8:	4b03      	ldr	r3, [pc, #12]	; (10001ab8 <running_on_fpga+0x10>)
10001aaa:	681b      	ldr	r3, [r3, #0]
10001aac:	2002      	movs	r0, #2
10001aae:	4018      	ands	r0, r3
10001ab0:	1e43      	subs	r3, r0, #1
10001ab2:	4198      	sbcs	r0, r3
10001ab4:	b2c0      	uxtb	r0, r0
10001ab6:	4770      	bx	lr
10001ab8:	4006c000 	.word	0x4006c000

10001abc <hw_claim_lock>:
10001abc:	f3ef 8010 	mrs	r0, PRIMASK
10001ac0:	b672      	cpsid	i
10001ac2:	4b03      	ldr	r3, [pc, #12]	; (10001ad0 <hw_claim_lock+0x14>)
10001ac4:	681b      	ldr	r3, [r3, #0]
10001ac6:	2b00      	cmp	r3, #0
10001ac8:	d0fb      	beq.n	10001ac2 <hw_claim_lock+0x6>
10001aca:	f3bf 8f5f 	dmb	sy
10001ace:	4770      	bx	lr
10001ad0:	d000012c 	.word	0xd000012c

10001ad4 <hw_claim_unlock>:
10001ad4:	f3bf 8f5f 	dmb	sy
10001ad8:	4b02      	ldr	r3, [pc, #8]	; (10001ae4 <hw_claim_unlock+0x10>)
10001ada:	2200      	movs	r2, #0
10001adc:	601a      	str	r2, [r3, #0]
10001ade:	f380 8810 	msr	PRIMASK, r0
10001ae2:	4770      	bx	lr
10001ae4:	d000012c 	.word	0xd000012c

10001ae8 <hw_claim_or_assert>:
10001ae8:	b5f8      	push	{r3, r4, r5, r6, r7, lr}
10001aea:	0006      	movs	r6, r0
10001aec:	000c      	movs	r4, r1
10001aee:	0015      	movs	r5, r2
10001af0:	f7ff ffe4 	bl	10001abc <hw_claim_lock>
10001af4:	08e3      	lsrs	r3, r4, #3
10001af6:	18f7      	adds	r7, r6, r3
10001af8:	5cf1      	ldrb	r1, [r6, r3]
10001afa:	2207      	movs	r2, #7
10001afc:	4022      	ands	r2, r4
10001afe:	2301      	movs	r3, #1
10001b00:	4093      	lsls	r3, r2
10001b02:	420b      	tst	r3, r1
10001b04:	d105      	bne.n	10001b12 <hw_claim_or_assert+0x2a>
10001b06:	b2db      	uxtb	r3, r3
10001b08:	430b      	orrs	r3, r1
10001b0a:	703b      	strb	r3, [r7, #0]
10001b0c:	f7ff ffe2 	bl	10001ad4 <hw_claim_unlock>
10001b10:	bdf8      	pop	{r3, r4, r5, r6, r7, pc}
10001b12:	0021      	movs	r1, r4
10001b14:	0028      	movs	r0, r5
10001b16:	f001 fed1 	bl	100038bc <panic>
	...

10001b1c <spin_locks_reset>:
10001b1c:	2300      	movs	r3, #0
10001b1e:	e007      	b.n	10001b30 <spin_locks_reset+0x14>
10001b20:	4a05      	ldr	r2, [pc, #20]	; (10001b38 <spin_locks_reset+0x1c>)
10001b22:	189a      	adds	r2, r3, r2
10001b24:	0092      	lsls	r2, r2, #2
10001b26:	f3bf 8f5f 	dmb	sy
10001b2a:	2100      	movs	r1, #0
10001b2c:	6011      	str	r1, [r2, #0]
10001b2e:	3301      	adds	r3, #1
10001b30:	2b1f      	cmp	r3, #31
10001b32:	d9f5      	bls.n	10001b20 <spin_locks_reset+0x4>
10001b34:	4770      	bx	lr
10001b36:	46c0      	nop			; (mov r8, r8)
10001b38:	34000040 	.word	0x34000040

10001b3c <next_striped_spin_lock_num>:
10001b3c:	4a05      	ldr	r2, [pc, #20]	; (10001b54 <next_striped_spin_lock_num+0x18>)
10001b3e:	7810      	ldrb	r0, [r2, #0]
10001b40:	1c43      	adds	r3, r0, #1
10001b42:	b2db      	uxtb	r3, r3
10001b44:	7013      	strb	r3, [r2, #0]
10001b46:	2b17      	cmp	r3, #23
10001b48:	d902      	bls.n	10001b50 <next_striped_spin_lock_num+0x14>
10001b4a:	0013      	movs	r3, r2
10001b4c:	2210      	movs	r2, #16
10001b4e:	701a      	strb	r2, [r3, #0]
10001b50:	4770      	bx	lr
10001b52:	46c0      	nop			; (mov r8, r8)
10001b54:	20000244 	.word	0x20000244

10001b58 <set_raw_irq_handler_and_unlock>:
10001b58:	4b07      	ldr	r3, [pc, #28]	; (10001b78 <set_raw_irq_handler_and_unlock+0x20>)
10001b5a:	689b      	ldr	r3, [r3, #8]
10001b5c:	3010      	adds	r0, #16
10001b5e:	0080      	lsls	r0, r0, #2
10001b60:	5019      	str	r1, [r3, r0]
10001b62:	f3bf 8f5f 	dmb	sy
10001b66:	f3bf 8f5f 	dmb	sy
10001b6a:	4b04      	ldr	r3, [pc, #16]	; (10001b7c <set_raw_irq_handler_and_unlock+0x24>)
10001b6c:	2100      	movs	r1, #0
10001b6e:	6019      	str	r1, [r3, #0]
10001b70:	f382 8810 	msr	PRIMASK, r2
10001b74:	4770      	bx	lr
10001b76:	46c0      	nop			; (mov r8, r8)
10001b78:	e000ed00 	.word	0xe000ed00
10001b7c:	d0000124 	.word	0xd0000124

10001b80 <make_branch>:
10001b80:	b510      	push	{r4, lr}
10001b82:	1a09      	subs	r1, r1, r0
10001b84:	1f08      	subs	r0, r1, #4
10001b86:	4b0a      	ldr	r3, [pc, #40]	; (10001bb0 <make_branch+0x30>)
10001b88:	469c      	mov	ip, r3
10001b8a:	4461      	add	r1, ip
10001b8c:	4a09      	ldr	r2, [pc, #36]	; (10001bb4 <make_branch+0x34>)
10001b8e:	4291      	cmp	r1, r2
10001b90:	d808      	bhi.n	10001ba4 <make_branch+0x24>
10001b92:	07c3      	lsls	r3, r0, #31
10001b94:	d406      	bmi.n	10001ba4 <make_branch+0x24>
10001b96:	1040      	asrs	r0, r0, #1
10001b98:	0540      	lsls	r0, r0, #21
10001b9a:	0d40      	lsrs	r0, r0, #21
10001b9c:	4b06      	ldr	r3, [pc, #24]	; (10001bb8 <make_branch+0x38>)
10001b9e:	4318      	orrs	r0, r3
10001ba0:	b280      	uxth	r0, r0
10001ba2:	bd10      	pop	{r4, pc}
10001ba4:	4b05      	ldr	r3, [pc, #20]	; (10001bbc <make_branch+0x3c>)
10001ba6:	4a06      	ldr	r2, [pc, #24]	; (10001bc0 <make_branch+0x40>)
10001ba8:	21a3      	movs	r1, #163	; 0xa3
10001baa:	4806      	ldr	r0, [pc, #24]	; (10001bc4 <make_branch+0x44>)
10001bac:	f001 fdec 	bl	10003788 <__assert_func>
10001bb0:	000007fc 	.word	0x000007fc
10001bb4:	00000ffe 	.word	0x00000ffe
10001bb8:	ffffe000 	.word	0xffffe000
10001bbc:	10009980 	.word	0x10009980
10001bc0:	10009bf0 	.word	0x10009bf0
10001bc4:	100099b0 	.word	0x100099b0

10001bc8 <insert_branch_and_link>:
10001bc8:	b510      	push	{r4, lr}
10001bca:	1a09      	subs	r1, r1, r0
10001bcc:	3904      	subs	r1, #4
10001bce:	084c      	lsrs	r4, r1, #1
10001bd0:	0b09      	lsrs	r1, r1, #12
10001bd2:	d108      	bne.n	10001be6 <insert_branch_and_link+0x1e>
10001bd4:	0549      	lsls	r1, r1, #21
10001bd6:	0d49      	lsrs	r1, r1, #21
10001bd8:	4a06      	ldr	r2, [pc, #24]	; (10001bf4 <insert_branch_and_link+0x2c>)
10001bda:	4311      	orrs	r1, r2
10001bdc:	8001      	strh	r1, [r0, #0]
10001bde:	4b06      	ldr	r3, [pc, #24]	; (10001bf8 <insert_branch_and_link+0x30>)
10001be0:	4323      	orrs	r3, r4
10001be2:	8043      	strh	r3, [r0, #2]
10001be4:	bd10      	pop	{r4, pc}
10001be6:	4b05      	ldr	r3, [pc, #20]	; (10001bfc <insert_branch_and_link+0x34>)
10001be8:	4a05      	ldr	r2, [pc, #20]	; (10001c00 <insert_branch_and_link+0x38>)
10001bea:	21ab      	movs	r1, #171	; 0xab
10001bec:	4805      	ldr	r0, [pc, #20]	; (10001c04 <insert_branch_and_link+0x3c>)
10001bee:	f001 fdcb 	bl	10003788 <__assert_func>
10001bf2:	46c0      	nop			; (mov r8, r8)
10001bf4:	fffff000 	.word	0xfffff000
10001bf8:	fffff800 	.word	0xfffff800
10001bfc:	10009a0c 	.word	0x10009a0c
10001c00:	10009bc4 	.word	0x10009bc4
10001c04:	100099b0 	.word	0x100099b0

10001c08 <irq_is_enabled>:
10001c08:	2301      	movs	r3, #1
10001c0a:	4083      	lsls	r3, r0
10001c0c:	4a03      	ldr	r2, [pc, #12]	; (10001c1c <irq_is_enabled+0x14>)
10001c0e:	6810      	ldr	r0, [r2, #0]
10001c10:	4018      	ands	r0, r3
10001c12:	1e43      	subs	r3, r0, #1
10001c14:	4198      	sbcs	r0, r3
10001c16:	b2c0      	uxtb	r0, r0
10001c18:	4770      	bx	lr
10001c1a:	46c0      	nop			; (mov r8, r8)
10001c1c:	e000e100 	.word	0xe000e100

10001c20 <irq_set_mask_enabled>:
10001c20:	2900      	cmp	r1, #0
10001c22:	d004      	beq.n	10001c2e <irq_set_mask_enabled+0xe>
10001c24:	4b03      	ldr	r3, [pc, #12]	; (10001c34 <irq_set_mask_enabled+0x14>)
10001c26:	6018      	str	r0, [r3, #0]
10001c28:	4b03      	ldr	r3, [pc, #12]	; (10001c38 <irq_set_mask_enabled+0x18>)
10001c2a:	6018      	str	r0, [r3, #0]
10001c2c:	4770      	bx	lr
10001c2e:	4b03      	ldr	r3, [pc, #12]	; (10001c3c <irq_set_mask_enabled+0x1c>)
10001c30:	6018      	str	r0, [r3, #0]
10001c32:	e7fb      	b.n	10001c2c <irq_set_mask_enabled+0xc>
10001c34:	e000e280 	.word	0xe000e280
10001c38:	e000e100 	.word	0xe000e100
10001c3c:	e000e180 	.word	0xe000e180

10001c40 <irq_set_enabled>:
10001c40:	b510      	push	{r4, lr}
10001c42:	2301      	movs	r3, #1
10001c44:	4083      	lsls	r3, r0
10001c46:	0018      	movs	r0, r3
10001c48:	f7ff ffea 	bl	10001c20 <irq_set_mask_enabled>
10001c4c:	bd10      	pop	{r4, pc}
	...

10001c50 <irq_get_vtable_handler>:
10001c50:	4b02      	ldr	r3, [pc, #8]	; (10001c5c <irq_get_vtable_handler+0xc>)
10001c52:	689b      	ldr	r3, [r3, #8]
10001c54:	3010      	adds	r0, #16
10001c56:	0080      	lsls	r0, r0, #2
10001c58:	58c0      	ldr	r0, [r0, r3]
10001c5a:	4770      	bx	lr
10001c5c:	e000ed00 	.word	0xe000ed00

10001c60 <irq_set_exclusive_handler>:
10001c60:	b570      	push	{r4, r5, r6, lr}
10001c62:	0004      	movs	r4, r0
10001c64:	000d      	movs	r5, r1
10001c66:	f3ef 8610 	mrs	r6, PRIMASK
10001c6a:	b672      	cpsid	i
10001c6c:	4b0c      	ldr	r3, [pc, #48]	; (10001ca0 <irq_set_exclusive_handler+0x40>)
10001c6e:	681b      	ldr	r3, [r3, #0]
10001c70:	2b00      	cmp	r3, #0
10001c72:	d0fb      	beq.n	10001c6c <irq_set_exclusive_handler+0xc>
10001c74:	f3bf 8f5f 	dmb	sy
10001c78:	0020      	movs	r0, r4
10001c7a:	f7ff ffe9 	bl	10001c50 <irq_get_vtable_handler>
10001c7e:	4b09      	ldr	r3, [pc, #36]	; (10001ca4 <irq_set_exclusive_handler+0x44>)
10001c80:	4298      	cmp	r0, r3
10001c82:	d001      	beq.n	10001c88 <irq_set_exclusive_handler+0x28>
10001c84:	42a8      	cmp	r0, r5
10001c86:	d105      	bne.n	10001c94 <irq_set_exclusive_handler+0x34>
10001c88:	0032      	movs	r2, r6
10001c8a:	0029      	movs	r1, r5
10001c8c:	0020      	movs	r0, r4
10001c8e:	f7ff ff63 	bl	10001b58 <set_raw_irq_handler_and_unlock>
10001c92:	bd70      	pop	{r4, r5, r6, pc}
10001c94:	4b04      	ldr	r3, [pc, #16]	; (10001ca8 <irq_set_exclusive_handler+0x48>)
10001c96:	4a05      	ldr	r2, [pc, #20]	; (10001cac <irq_set_exclusive_handler+0x4c>)
10001c98:	2186      	movs	r1, #134	; 0x86
10001c9a:	4805      	ldr	r0, [pc, #20]	; (10001cb0 <irq_set_exclusive_handler+0x50>)
10001c9c:	f001 fd74 	bl	10003788 <__assert_func>
10001ca0:	d0000124 	.word	0xd0000124
10001ca4:	100001cd 	.word	0x100001cd
10001ca8:	10009a1c 	.word	0x10009a1c
10001cac:	10009c0c 	.word	0x10009c0c
10001cb0:	100099b0 	.word	0x100099b0

10001cb4 <irq_remove_handler>:
10001cb4:	b5f0      	push	{r4, r5, r6, r7, lr}
10001cb6:	46ce      	mov	lr, r9
10001cb8:	4647      	mov	r7, r8
10001cba:	b580      	push	{r7, lr}
10001cbc:	b083      	sub	sp, #12
10001cbe:	0006      	movs	r6, r0
10001cc0:	000d      	movs	r5, r1
10001cc2:	f3ef 8810 	mrs	r8, PRIMASK
10001cc6:	b672      	cpsid	i
10001cc8:	4b56      	ldr	r3, [pc, #344]	; (10001e24 <irq_remove_handler+0x170>)
10001cca:	681b      	ldr	r3, [r3, #0]
10001ccc:	2b00      	cmp	r3, #0
10001cce:	d0fb      	beq.n	10001cc8 <irq_remove_handler+0x14>
10001cd0:	f3bf 8f5f 	dmb	sy
10001cd4:	4b54      	ldr	r3, [pc, #336]	; (10001e28 <irq_remove_handler+0x174>)
10001cd6:	689a      	ldr	r2, [r3, #8]
10001cd8:	0034      	movs	r4, r6
10001cda:	3410      	adds	r4, #16
10001cdc:	00a3      	lsls	r3, r4, #2
10001cde:	58d7      	ldr	r7, [r2, r3]
10001ce0:	4b52      	ldr	r3, [pc, #328]	; (10001e2c <irq_remove_handler+0x178>)
10001ce2:	429f      	cmp	r7, r3
10001ce4:	d007      	beq.n	10001cf6 <irq_remove_handler+0x42>
10001ce6:	42af      	cmp	r7, r5
10001ce8:	d100      	bne.n	10001cec <irq_remove_handler+0x38>
10001cea:	e098      	b.n	10001e1e <irq_remove_handler+0x16a>
10001cec:	9701      	str	r7, [sp, #4]
10001cee:	4b50      	ldr	r3, [pc, #320]	; (10001e30 <irq_remove_handler+0x17c>)
10001cf0:	1afb      	subs	r3, r7, r3
10001cf2:	2b2f      	cmp	r3, #47	; 0x2f
10001cf4:	d909      	bls.n	10001d0a <irq_remove_handler+0x56>
10001cf6:	4642      	mov	r2, r8
10001cf8:	0039      	movs	r1, r7
10001cfa:	0030      	movs	r0, r6
10001cfc:	f7ff ff2c 	bl	10001b58 <set_raw_irq_handler_and_unlock>
10001d00:	b003      	add	sp, #12
10001d02:	bcc0      	pop	{r6, r7}
10001d04:	46b9      	mov	r9, r7
10001d06:	46b0      	mov	r8, r6
10001d08:	bdf0      	pop	{r4, r5, r6, r7, pc}
10001d0a:	0030      	movs	r0, r6
10001d0c:	f7ff ff7c 	bl	10001c08 <irq_is_enabled>
10001d10:	4681      	mov	r9, r0
10001d12:	2100      	movs	r1, #0
10001d14:	0030      	movs	r0, r6
10001d16:	f7ff ff93 	bl	10001c40 <irq_set_enabled>
10001d1a:	f3bf 8f5f 	dmb	sy
10001d1e:	f3ef 8105 	mrs	r1, IPSR
10001d22:	2900      	cmp	r1, #0
10001d24:	d001      	beq.n	10001d2a <irq_remove_handler+0x76>
10001d26:	428c      	cmp	r4, r1
10001d28:	d111      	bne.n	10001d4e <irq_remove_handler+0x9a>
10001d2a:	2301      	movs	r3, #1
10001d2c:	9c01      	ldr	r4, [sp, #4]
10001d2e:	439c      	bics	r4, r3
10001d30:	2200      	movs	r2, #0
10001d32:	68a3      	ldr	r3, [r4, #8]
10001d34:	42ab      	cmp	r3, r5
10001d36:	d012      	beq.n	10001d5e <irq_remove_handler+0xaa>
10001d38:	2206      	movs	r2, #6
10001d3a:	56a2      	ldrsb	r2, [r4, r2]
10001d3c:	2a00      	cmp	r2, #0
10001d3e:	db0d      	blt.n	10001d5c <irq_remove_handler+0xa8>
10001d40:	0053      	lsls	r3, r2, #1
10001d42:	189b      	adds	r3, r3, r2
10001d44:	009b      	lsls	r3, r3, #2
10001d46:	0022      	movs	r2, r4
10001d48:	4c39      	ldr	r4, [pc, #228]	; (10001e30 <irq_remove_handler+0x17c>)
10001d4a:	18e4      	adds	r4, r4, r3
10001d4c:	e7f1      	b.n	10001d32 <irq_remove_handler+0x7e>
10001d4e:	2136      	movs	r1, #54	; 0x36
10001d50:	4b38      	ldr	r3, [pc, #224]	; (10001e34 <irq_remove_handler+0x180>)
10001d52:	4a39      	ldr	r2, [pc, #228]	; (10001e38 <irq_remove_handler+0x184>)
10001d54:	31ff      	adds	r1, #255	; 0xff
10001d56:	4839      	ldr	r0, [pc, #228]	; (10001e3c <irq_remove_handler+0x188>)
10001d58:	f001 fd16 	bl	10003788 <__assert_func>
10001d5c:	0022      	movs	r2, r4
10001d5e:	42ab      	cmp	r3, r5
10001d60:	d156      	bne.n	10001e10 <irq_remove_handler+0x15c>
10001d62:	2506      	movs	r5, #6
10001d64:	5765      	ldrsb	r5, [r4, r5]
10001d66:	2d00      	cmp	r5, #0
10001d68:	db38      	blt.n	10001ddc <irq_remove_handler+0x128>
10001d6a:	006b      	lsls	r3, r5, #1
10001d6c:	195b      	adds	r3, r3, r5
10001d6e:	009a      	lsls	r2, r3, #2
10001d70:	4b2f      	ldr	r3, [pc, #188]	; (10001e30 <irq_remove_handler+0x17c>)
10001d72:	189b      	adds	r3, r3, r2
10001d74:	689a      	ldr	r2, [r3, #8]
10001d76:	60a2      	str	r2, [r4, #8]
10001d78:	79da      	ldrb	r2, [r3, #7]
10001d7a:	71e2      	strb	r2, [r4, #7]
10001d7c:	2206      	movs	r2, #6
10001d7e:	569a      	ldrsb	r2, [r3, r2]
10001d80:	71a2      	strb	r2, [r4, #6]
10001d82:	799b      	ldrb	r3, [r3, #6]
10001d84:	b25b      	sxtb	r3, r3
10001d86:	2b00      	cmp	r3, #0
10001d88:	da0f      	bge.n	10001daa <irq_remove_handler+0xf6>
10001d8a:	482d      	ldr	r0, [pc, #180]	; (10001e40 <irq_remove_handler+0x18c>)
10001d8c:	80a0      	strh	r0, [r4, #4]
10001d8e:	006b      	lsls	r3, r5, #1
10001d90:	195b      	adds	r3, r3, r5
10001d92:	009b      	lsls	r3, r3, #2
10001d94:	4a26      	ldr	r2, [pc, #152]	; (10001e30 <irq_remove_handler+0x17c>)
10001d96:	18d3      	adds	r3, r2, r3
10001d98:	4a2a      	ldr	r2, [pc, #168]	; (10001e44 <irq_remove_handler+0x190>)
10001d9a:	7811      	ldrb	r1, [r2, #0]
10001d9c:	7199      	strb	r1, [r3, #6]
10001d9e:	7015      	strb	r5, [r2, #0]
10001da0:	4649      	mov	r1, r9
10001da2:	0030      	movs	r0, r6
10001da4:	f7ff ff4c 	bl	10001c40 <irq_set_enabled>
10001da8:	e7a5      	b.n	10001cf6 <irq_remove_handler+0x42>
10001daa:	1d20      	adds	r0, r4, #4
10001dac:	006b      	lsls	r3, r5, #1
10001dae:	195b      	adds	r3, r3, r5
10001db0:	009b      	lsls	r3, r3, #2
10001db2:	4a1f      	ldr	r2, [pc, #124]	; (10001e30 <irq_remove_handler+0x17c>)
10001db4:	189b      	adds	r3, r3, r2
10001db6:	1d1a      	adds	r2, r3, #4
10001db8:	889b      	ldrh	r3, [r3, #4]
10001dba:	0ad9      	lsrs	r1, r3, #11
10001dbc:	291c      	cmp	r1, #28
10001dbe:	d107      	bne.n	10001dd0 <irq_remove_handler+0x11c>
10001dc0:	055b      	lsls	r3, r3, #21
10001dc2:	155b      	asrs	r3, r3, #21
10001dc4:	3302      	adds	r3, #2
10001dc6:	0059      	lsls	r1, r3, #1
10001dc8:	1851      	adds	r1, r2, r1
10001dca:	f7ff fed9 	bl	10001b80 <make_branch>
10001dce:	e7dd      	b.n	10001d8c <irq_remove_handler+0xd8>
10001dd0:	4b1d      	ldr	r3, [pc, #116]	; (10001e48 <irq_remove_handler+0x194>)
10001dd2:	4a1e      	ldr	r2, [pc, #120]	; (10001e4c <irq_remove_handler+0x198>)
10001dd4:	21b1      	movs	r1, #177	; 0xb1
10001dd6:	4819      	ldr	r0, [pc, #100]	; (10001e3c <irq_remove_handler+0x188>)
10001dd8:	f001 fcd6 	bl	10003788 <__assert_func>
10001ddc:	2900      	cmp	r1, #0
10001dde:	d112      	bne.n	10001e06 <irq_remove_handler+0x152>
10001de0:	2a00      	cmp	r2, #0
10001de2:	d00e      	beq.n	10001e02 <irq_remove_handler+0x14e>
10001de4:	23ff      	movs	r3, #255	; 0xff
10001de6:	7193      	strb	r3, [r2, #6]
10001de8:	4b19      	ldr	r3, [pc, #100]	; (10001e50 <irq_remove_handler+0x19c>)
10001dea:	8093      	strh	r3, [r2, #4]
10001dec:	4a15      	ldr	r2, [pc, #84]	; (10001e44 <irq_remove_handler+0x190>)
10001dee:	7813      	ldrb	r3, [r2, #0]
10001df0:	71a3      	strb	r3, [r4, #6]
10001df2:	4b18      	ldr	r3, [pc, #96]	; (10001e54 <irq_remove_handler+0x1a0>)
10001df4:	490e      	ldr	r1, [pc, #56]	; (10001e30 <irq_remove_handler+0x17c>)
10001df6:	1a64      	subs	r4, r4, r1
10001df8:	4164      	adcs	r4, r4
10001dfa:	4363      	muls	r3, r4
10001dfc:	0d1b      	lsrs	r3, r3, #20
10001dfe:	7013      	strb	r3, [r2, #0]
10001e00:	e7ce      	b.n	10001da0 <irq_remove_handler+0xec>
10001e02:	4f0a      	ldr	r7, [pc, #40]	; (10001e2c <irq_remove_handler+0x178>)
10001e04:	e7f2      	b.n	10001dec <irq_remove_handler+0x138>
10001e06:	1d20      	adds	r0, r4, #4
10001e08:	4913      	ldr	r1, [pc, #76]	; (10001e58 <irq_remove_handler+0x1a4>)
10001e0a:	f7ff fedd 	bl	10001bc8 <insert_branch_and_link>
10001e0e:	e7c7      	b.n	10001da0 <irq_remove_handler+0xec>
10001e10:	216a      	movs	r1, #106	; 0x6a
10001e12:	4b12      	ldr	r3, [pc, #72]	; (10001e5c <irq_remove_handler+0x1a8>)
10001e14:	4a08      	ldr	r2, [pc, #32]	; (10001e38 <irq_remove_handler+0x184>)
10001e16:	31ff      	adds	r1, #255	; 0xff
10001e18:	4808      	ldr	r0, [pc, #32]	; (10001e3c <irq_remove_handler+0x188>)
10001e1a:	f001 fcb5 	bl	10003788 <__assert_func>
10001e1e:	4f03      	ldr	r7, [pc, #12]	; (10001e2c <irq_remove_handler+0x178>)
10001e20:	e769      	b.n	10001cf6 <irq_remove_handler+0x42>
10001e22:	46c0      	nop			; (mov r8, r8)
10001e24:	d0000124 	.word	0xd0000124
10001e28:	e000ed00 	.word	0xe000ed00
10001e2c:	100001cd 	.word	0x100001cd
10001e30:	20000248 	.word	0x20000248
10001e34:	10009b30 	.word	0x10009b30
10001e38:	10009bdc 	.word	0x10009bdc
10001e3c:	100099b0 	.word	0x100099b0
10001e40:	0000bd01 	.word	0x0000bd01
10001e44:	2000113b 	.word	0x2000113b
10001e48:	10009b18 	.word	0x10009b18
10001e4c:	10009bfc 	.word	0x10009bfc
10001e50:	ffffbd01 	.word	0xffffbd01
10001e54:	0000aaaa 	.word	0x0000aaaa
10001e58:	20000282 	.word	0x20000282
10001e5c:	10009b64 	.word	0x10009b64

10001e60 <irq_add_tail_to_free_list>:
10001e60:	b570      	push	{r4, r5, r6, lr}
10001e62:	2101      	movs	r1, #1
10001e64:	4301      	orrs	r1, r0
10001e66:	4b2e      	ldr	r3, [pc, #184]	; (10001f20 <irq_add_tail_to_free_list+0xc0>)
10001e68:	1acb      	subs	r3, r1, r3
10001e6a:	2b2f      	cmp	r3, #47	; 0x2f
10001e6c:	d828      	bhi.n	10001ec0 <irq_add_tail_to_free_list+0x60>
10001e6e:	f3ef 8305 	mrs	r3, IPSR
10001e72:	2b00      	cmp	r3, #0
10001e74:	d02b      	beq.n	10001ece <irq_add_tail_to_free_list+0x6e>
10001e76:	f3ef 8c10 	mrs	ip, PRIMASK
10001e7a:	b672      	cpsid	i
10001e7c:	4a29      	ldr	r2, [pc, #164]	; (10001f24 <irq_add_tail_to_free_list+0xc4>)
10001e7e:	6812      	ldr	r2, [r2, #0]
10001e80:	2a00      	cmp	r2, #0
10001e82:	d0fb      	beq.n	10001e7c <irq_add_tail_to_free_list+0x1c>
10001e84:	f3bf 8f5f 	dmb	sy
10001e88:	4a27      	ldr	r2, [pc, #156]	; (10001f28 <irq_add_tail_to_free_list+0xc8>)
10001e8a:	0004      	movs	r4, r0
10001e8c:	4d24      	ldr	r5, [pc, #144]	; (10001f20 <irq_add_tail_to_free_list+0xc0>)
10001e8e:	1b64      	subs	r4, r4, r5
10001e90:	4164      	adcs	r4, r4
10001e92:	4362      	muls	r2, r4
10001e94:	0d12      	lsrs	r2, r2, #20
10001e96:	b254      	sxtb	r4, r2
10001e98:	4a24      	ldr	r2, [pc, #144]	; (10001f2c <irq_add_tail_to_free_list+0xcc>)
10001e9a:	6892      	ldr	r2, [r2, #8]
10001e9c:	009b      	lsls	r3, r3, #2
10001e9e:	58d2      	ldr	r2, [r2, r3]
10001ea0:	428a      	cmp	r2, r1
10001ea2:	d01b      	beq.n	10001edc <irq_add_tail_to_free_list+0x7c>
10001ea4:	2200      	movs	r2, #0
10001ea6:	2a03      	cmp	r2, #3
10001ea8:	d832      	bhi.n	10001f10 <irq_add_tail_to_free_list+0xb0>
10001eaa:	0053      	lsls	r3, r2, #1
10001eac:	189b      	adds	r3, r3, r2
10001eae:	009b      	lsls	r3, r3, #2
10001eb0:	491b      	ldr	r1, [pc, #108]	; (10001f20 <irq_add_tail_to_free_list+0xc0>)
10001eb2:	18cb      	adds	r3, r1, r3
10001eb4:	799b      	ldrb	r3, [r3, #6]
10001eb6:	b25b      	sxtb	r3, r3
10001eb8:	42a3      	cmp	r3, r4
10001eba:	d01f      	beq.n	10001efc <irq_add_tail_to_free_list+0x9c>
10001ebc:	3201      	adds	r2, #1
10001ebe:	e7f2      	b.n	10001ea6 <irq_add_tail_to_free_list+0x46>
10001ec0:	21c7      	movs	r1, #199	; 0xc7
10001ec2:	4b1b      	ldr	r3, [pc, #108]	; (10001f30 <irq_add_tail_to_free_list+0xd0>)
10001ec4:	4a1b      	ldr	r2, [pc, #108]	; (10001f34 <irq_add_tail_to_free_list+0xd4>)
10001ec6:	0049      	lsls	r1, r1, #1
10001ec8:	481b      	ldr	r0, [pc, #108]	; (10001f38 <irq_add_tail_to_free_list+0xd8>)
10001eca:	f001 fc5d 	bl	10003788 <__assert_func>
10001ece:	2192      	movs	r1, #146	; 0x92
10001ed0:	4b1a      	ldr	r3, [pc, #104]	; (10001f3c <irq_add_tail_to_free_list+0xdc>)
10001ed2:	4a18      	ldr	r2, [pc, #96]	; (10001f34 <irq_add_tail_to_free_list+0xd4>)
10001ed4:	31ff      	adds	r1, #255	; 0xff
10001ed6:	4818      	ldr	r0, [pc, #96]	; (10001f38 <irq_add_tail_to_free_list+0xd8>)
10001ed8:	f001 fc56 	bl	10003788 <__assert_func>
10001edc:	4a13      	ldr	r2, [pc, #76]	; (10001f2c <irq_add_tail_to_free_list+0xcc>)
10001ede:	6892      	ldr	r2, [r2, #8]
10001ee0:	4917      	ldr	r1, [pc, #92]	; (10001f40 <irq_add_tail_to_free_list+0xe0>)
10001ee2:	50d1      	str	r1, [r2, r3]
10001ee4:	4b17      	ldr	r3, [pc, #92]	; (10001f44 <irq_add_tail_to_free_list+0xe4>)
10001ee6:	781a      	ldrb	r2, [r3, #0]
10001ee8:	7182      	strb	r2, [r0, #6]
10001eea:	701c      	strb	r4, [r3, #0]
10001eec:	f3bf 8f5f 	dmb	sy
10001ef0:	4b0c      	ldr	r3, [pc, #48]	; (10001f24 <irq_add_tail_to_free_list+0xc4>)
10001ef2:	2200      	movs	r2, #0
10001ef4:	601a      	str	r2, [r3, #0]
10001ef6:	f38c 8810 	msr	PRIMASK, ip
10001efa:	bd70      	pop	{r4, r5, r6, pc}
10001efc:	000d      	movs	r5, r1
10001efe:	0053      	lsls	r3, r2, #1
10001f00:	1899      	adds	r1, r3, r2
10001f02:	0089      	lsls	r1, r1, #2
10001f04:	1869      	adds	r1, r5, r1
10001f06:	26ff      	movs	r6, #255	; 0xff
10001f08:	718e      	strb	r6, [r1, #6]
10001f0a:	4a0f      	ldr	r2, [pc, #60]	; (10001f48 <irq_add_tail_to_free_list+0xe8>)
10001f0c:	808a      	strh	r2, [r1, #4]
10001f0e:	e7e9      	b.n	10001ee4 <irq_add_tail_to_free_list+0x84>
10001f10:	21d1      	movs	r1, #209	; 0xd1
10001f12:	4b0e      	ldr	r3, [pc, #56]	; (10001f4c <irq_add_tail_to_free_list+0xec>)
10001f14:	4a07      	ldr	r2, [pc, #28]	; (10001f34 <irq_add_tail_to_free_list+0xd4>)
10001f16:	0049      	lsls	r1, r1, #1
10001f18:	4807      	ldr	r0, [pc, #28]	; (10001f38 <irq_add_tail_to_free_list+0xd8>)
10001f1a:	f001 fc35 	bl	10003788 <__assert_func>
10001f1e:	46c0      	nop			; (mov r8, r8)
10001f20:	20000248 	.word	0x20000248
10001f24:	d0000124 	.word	0xd0000124
10001f28:	0000aaaa 	.word	0x0000aaaa
10001f2c:	e000ed00 	.word	0xe000ed00
10001f30:	10009b6c 	.word	0x10009b6c
10001f34:	10009ba8 	.word	0x10009ba8
10001f38:	100099b0 	.word	0x100099b0
10001f3c:	10009b94 	.word	0x10009b94
10001f40:	100001cd 	.word	0x100001cd
10001f44:	2000113b 	.word	0x2000113b
10001f48:	ffffbd01 	.word	0xffffbd01
10001f4c:	10009ba0 	.word	0x10009ba0

10001f50 <irq_init_priorities>:
10001f50:	2200      	movs	r2, #0
10001f52:	4b04      	ldr	r3, [pc, #16]	; (10001f64 <irq_init_priorities+0x14>)
10001f54:	e002      	b.n	10001f5c <irq_init_priorities+0xc>
10001f56:	4904      	ldr	r1, [pc, #16]	; (10001f68 <irq_init_priorities+0x18>)
10001f58:	c302      	stmia	r3!, {r1}
10001f5a:	3201      	adds	r2, #1
10001f5c:	2a07      	cmp	r2, #7
10001f5e:	d9fa      	bls.n	10001f56 <irq_init_priorities+0x6>
10001f60:	4770      	bx	lr
10001f62:	46c0      	nop			; (mov r8, r8)
10001f64:	e000e400 	.word	0xe000e400
10001f68:	80808080 	.word	0x80808080

10001f6c <lock_init>:
10001f6c:	4b02      	ldr	r3, [pc, #8]	; (10001f78 <lock_init+0xc>)
10001f6e:	469c      	mov	ip, r3
10001f70:	4461      	add	r1, ip
10001f72:	0089      	lsls	r1, r1, #2
10001f74:	6001      	str	r1, [r0, #0]
10001f76:	4770      	bx	lr
10001f78:	34000040 	.word	0x34000040

10001f7c <mutex_init>:
10001f7c:	b510      	push	{r4, lr}
10001f7e:	0004      	movs	r4, r0
10001f80:	f7ff fddc 	bl	10001b3c <next_striped_spin_lock_num>
10001f84:	0001      	movs	r1, r0
10001f86:	0020      	movs	r0, r4
10001f88:	f7ff fff0 	bl	10001f6c <lock_init>
10001f8c:	23ff      	movs	r3, #255	; 0xff
10001f8e:	7123      	strb	r3, [r4, #4]
10001f90:	f3bf 8f5f 	dmb	sy
10001f94:	bd10      	pop	{r4, pc}

10001f96 <recursive_mutex_init>:
10001f96:	b510      	push	{r4, lr}
10001f98:	0004      	movs	r4, r0
10001f9a:	f7ff fdcf 	bl	10001b3c <next_striped_spin_lock_num>
10001f9e:	0001      	movs	r1, r0
10001fa0:	0020      	movs	r0, r4
10001fa2:	f7ff ffe3 	bl	10001f6c <lock_init>
10001fa6:	23ff      	movs	r3, #255	; 0xff
10001fa8:	7123      	strb	r3, [r4, #4]
10001faa:	2300      	movs	r3, #0
10001fac:	7163      	strb	r3, [r4, #5]
10001fae:	f3bf 8f5f 	dmb	sy
10001fb2:	bd10      	pop	{r4, pc}

10001fb4 <alarm_pool_post_alloc_init>:
10001fb4:	b570      	push	{r4, r5, r6, lr}
10001fb6:	0005      	movs	r5, r0
10001fb8:	000c      	movs	r4, r1
10001fba:	0008      	movs	r0, r1
10001fbc:	f000 fefe 	bl	10002dbc <hardware_alarm_cancel>
10001fc0:	4909      	ldr	r1, [pc, #36]	; (10001fe8 <alarm_pool_post_alloc_init+0x34>)
10001fc2:	0020      	movs	r0, r4
10001fc4:	f000 fe3e 	bl	10002c44 <hardware_alarm_set_callback>
10001fc8:	f7ff fdb8 	bl	10001b3c <next_striped_spin_lock_num>
10001fcc:	4b07      	ldr	r3, [pc, #28]	; (10001fec <alarm_pool_post_alloc_init+0x38>)
10001fce:	469c      	mov	ip, r3
10001fd0:	4460      	add	r0, ip
10001fd2:	0080      	lsls	r0, r0, #2
10001fd4:	6068      	str	r0, [r5, #4]
10001fd6:	752c      	strb	r4, [r5, #20]
10001fd8:	23d0      	movs	r3, #208	; 0xd0
10001fda:	061b      	lsls	r3, r3, #24
10001fdc:	781b      	ldrb	r3, [r3, #0]
10001fde:	756b      	strb	r3, [r5, #21]
10001fe0:	00a4      	lsls	r4, r4, #2
10001fe2:	4b03      	ldr	r3, [pc, #12]	; (10001ff0 <alarm_pool_post_alloc_init+0x3c>)
10001fe4:	50e5      	str	r5, [r4, r3]
10001fe6:	bd70      	pop	{r4, r5, r6, pc}
10001fe8:	100022f9 	.word	0x100022f9
10001fec:	34000040 	.word	0x34000040
10001ff0:	20000efc 	.word	0x20000efc

10001ff4 <sleep_until_callback>:
10001ff4:	4b0a      	ldr	r3, [pc, #40]	; (10002020 <sleep_until_callback+0x2c>)
10001ff6:	681a      	ldr	r2, [r3, #0]
10001ff8:	f3ef 8110 	mrs	r1, PRIMASK
10001ffc:	b672      	cpsid	i
10001ffe:	6813      	ldr	r3, [r2, #0]
10002000:	2b00      	cmp	r3, #0
10002002:	d0fc      	beq.n	10001ffe <sleep_until_callback+0xa>
10002004:	f3bf 8f5f 	dmb	sy
10002008:	4b05      	ldr	r3, [pc, #20]	; (10002020 <sleep_until_callback+0x2c>)
1000200a:	681b      	ldr	r3, [r3, #0]
1000200c:	f3bf 8f5f 	dmb	sy
10002010:	2200      	movs	r2, #0
10002012:	601a      	str	r2, [r3, #0]
10002014:	f381 8810 	msr	PRIMASK, r1
10002018:	bf40      	sev
1000201a:	2000      	movs	r0, #0
1000201c:	2100      	movs	r1, #0
1000201e:	4770      	bx	lr
10002020:	2000111c 	.word	0x2000111c

10002024 <timer_pool_entry_comparator>:
10002024:	b510      	push	{r4, lr}
10002026:	2900      	cmp	r1, #0
10002028:	d022      	beq.n	10002070 <timer_pool_entry_comparator+0x4c>
1000202a:	6803      	ldr	r3, [r0, #0]
1000202c:	7b1b      	ldrb	r3, [r3, #12]
1000202e:	4299      	cmp	r1, r3
10002030:	d81e      	bhi.n	10002070 <timer_pool_entry_comparator+0x4c>
10002032:	4b17      	ldr	r3, [pc, #92]	; (10002090 <timer_pool_entry_comparator+0x6c>)
10002034:	469c      	mov	ip, r3
10002036:	4461      	add	r1, ip
10002038:	0109      	lsls	r1, r1, #4
1000203a:	6883      	ldr	r3, [r0, #8]
1000203c:	469c      	mov	ip, r3
1000203e:	4461      	add	r1, ip
10002040:	680c      	ldr	r4, [r1, #0]
10002042:	6849      	ldr	r1, [r1, #4]
10002044:	2a00      	cmp	r2, #0
10002046:	d019      	beq.n	1000207c <timer_pool_entry_comparator+0x58>
10002048:	6803      	ldr	r3, [r0, #0]
1000204a:	7b1b      	ldrb	r3, [r3, #12]
1000204c:	429a      	cmp	r2, r3
1000204e:	d815      	bhi.n	1000207c <timer_pool_entry_comparator+0x58>
10002050:	6883      	ldr	r3, [r0, #8]
10002052:	480f      	ldr	r0, [pc, #60]	; (10002090 <timer_pool_entry_comparator+0x6c>)
10002054:	4684      	mov	ip, r0
10002056:	4462      	add	r2, ip
10002058:	0112      	lsls	r2, r2, #4
1000205a:	189a      	adds	r2, r3, r2
1000205c:	6810      	ldr	r0, [r2, #0]
1000205e:	6853      	ldr	r3, [r2, #4]
10002060:	0002      	movs	r2, r0
10002062:	2001      	movs	r0, #1
10002064:	428b      	cmp	r3, r1
10002066:	d801      	bhi.n	1000206c <timer_pool_entry_comparator+0x48>
10002068:	d00e      	beq.n	10002088 <timer_pool_entry_comparator+0x64>
1000206a:	2000      	movs	r0, #0
1000206c:	b2c0      	uxtb	r0, r0
1000206e:	bd10      	pop	{r4, pc}
10002070:	4b08      	ldr	r3, [pc, #32]	; (10002094 <timer_pool_entry_comparator+0x70>)
10002072:	4a09      	ldr	r2, [pc, #36]	; (10002098 <timer_pool_entry_comparator+0x74>)
10002074:	213c      	movs	r1, #60	; 0x3c
10002076:	4809      	ldr	r0, [pc, #36]	; (1000209c <timer_pool_entry_comparator+0x78>)
10002078:	f001 fb86 	bl	10003788 <__assert_func>
1000207c:	4b05      	ldr	r3, [pc, #20]	; (10002094 <timer_pool_entry_comparator+0x70>)
1000207e:	4a06      	ldr	r2, [pc, #24]	; (10002098 <timer_pool_entry_comparator+0x74>)
10002080:	213c      	movs	r1, #60	; 0x3c
10002082:	4806      	ldr	r0, [pc, #24]	; (1000209c <timer_pool_entry_comparator+0x78>)
10002084:	f001 fb80 	bl	10003788 <__assert_func>
10002088:	42a2      	cmp	r2, r4
1000208a:	d8ef      	bhi.n	1000206c <timer_pool_entry_comparator+0x48>
1000208c:	e7ed      	b.n	1000206a <timer_pool_entry_comparator+0x46>
1000208e:	46c0      	nop			; (mov r8, r8)
10002090:	0fffffff 	.word	0x0fffffff
10002094:	10009ddc 	.word	0x10009ddc
10002098:	1000a058 	.word	0x1000a058
1000209c:	10009d88 	.word	0x10009d88

100020a0 <ph_add_child_node>:
100020a0:	b510      	push	{r4, lr}
100020a2:	2900      	cmp	r1, #0
100020a4:	d01e      	beq.n	100020e4 <ph_add_child_node+0x44>
100020a6:	7b03      	ldrb	r3, [r0, #12]
100020a8:	4299      	cmp	r1, r3
100020aa:	d81b      	bhi.n	100020e4 <ph_add_child_node+0x44>
100020ac:	004b      	lsls	r3, r1, #1
100020ae:	185b      	adds	r3, r3, r1
100020b0:	3b03      	subs	r3, #3
100020b2:	6804      	ldr	r4, [r0, #0]
100020b4:	46a4      	mov	ip, r4
100020b6:	4463      	add	r3, ip
100020b8:	2900      	cmp	r1, #0
100020ba:	d019      	beq.n	100020f0 <ph_add_child_node+0x50>
100020bc:	2a00      	cmp	r2, #0
100020be:	d01d      	beq.n	100020fc <ph_add_child_node+0x5c>
100020c0:	4291      	cmp	r1, r2
100020c2:	d021      	beq.n	10002108 <ph_add_child_node+0x68>
100020c4:	2a00      	cmp	r2, #0
100020c6:	d025      	beq.n	10002114 <ph_add_child_node+0x74>
100020c8:	7b04      	ldrb	r4, [r0, #12]
100020ca:	42a2      	cmp	r2, r4
100020cc:	d822      	bhi.n	10002114 <ph_add_child_node+0x74>
100020ce:	6804      	ldr	r4, [r0, #0]
100020d0:	0050      	lsls	r0, r2, #1
100020d2:	1880      	adds	r0, r0, r2
100020d4:	3803      	subs	r0, #3
100020d6:	1820      	adds	r0, r4, r0
100020d8:	7081      	strb	r1, [r0, #2]
100020da:	7819      	ldrb	r1, [r3, #0]
100020dc:	2900      	cmp	r1, #0
100020de:	d11f      	bne.n	10002120 <ph_add_child_node+0x80>
100020e0:	701a      	strb	r2, [r3, #0]
100020e2:	bd10      	pop	{r4, pc}
100020e4:	4b10      	ldr	r3, [pc, #64]	; (10002128 <ph_add_child_node+0x88>)
100020e6:	4a11      	ldr	r2, [pc, #68]	; (1000212c <ph_add_child_node+0x8c>)
100020e8:	2168      	movs	r1, #104	; 0x68
100020ea:	4811      	ldr	r0, [pc, #68]	; (10002130 <ph_add_child_node+0x90>)
100020ec:	f001 fb4c 	bl	10003788 <__assert_func>
100020f0:	4b10      	ldr	r3, [pc, #64]	; (10002134 <ph_add_child_node+0x94>)
100020f2:	4a11      	ldr	r2, [pc, #68]	; (10002138 <ph_add_child_node+0x98>)
100020f4:	316f      	adds	r1, #111	; 0x6f
100020f6:	480e      	ldr	r0, [pc, #56]	; (10002130 <ph_add_child_node+0x90>)
100020f8:	f001 fb46 	bl	10003788 <__assert_func>
100020fc:	4b0f      	ldr	r3, [pc, #60]	; (1000213c <ph_add_child_node+0x9c>)
100020fe:	4a0e      	ldr	r2, [pc, #56]	; (10002138 <ph_add_child_node+0x98>)
10002100:	2170      	movs	r1, #112	; 0x70
10002102:	480b      	ldr	r0, [pc, #44]	; (10002130 <ph_add_child_node+0x90>)
10002104:	f001 fb40 	bl	10003788 <__assert_func>
10002108:	4b0d      	ldr	r3, [pc, #52]	; (10002140 <ph_add_child_node+0xa0>)
1000210a:	4a0b      	ldr	r2, [pc, #44]	; (10002138 <ph_add_child_node+0x98>)
1000210c:	2171      	movs	r1, #113	; 0x71
1000210e:	4808      	ldr	r0, [pc, #32]	; (10002130 <ph_add_child_node+0x90>)
10002110:	f001 fb3a 	bl	10003788 <__assert_func>
10002114:	4b04      	ldr	r3, [pc, #16]	; (10002128 <ph_add_child_node+0x88>)
10002116:	4a05      	ldr	r2, [pc, #20]	; (1000212c <ph_add_child_node+0x8c>)
10002118:	2168      	movs	r1, #104	; 0x68
1000211a:	4805      	ldr	r0, [pc, #20]	; (10002130 <ph_add_child_node+0x90>)
1000211c:	f001 fb34 	bl	10003788 <__assert_func>
10002120:	7041      	strb	r1, [r0, #1]
10002122:	701a      	strb	r2, [r3, #0]
10002124:	e7dd      	b.n	100020e2 <ph_add_child_node+0x42>
10002126:	46c0      	nop			; (mov r8, r8)
10002128:	10009e00 	.word	0x10009e00
1000212c:	1000a0c4 	.word	0x1000a0c4
10002130:	10009e1c 	.word	0x10009e1c
10002134:	10009e84 	.word	0x10009e84
10002138:	1000a0a0 	.word	0x1000a0a0
1000213c:	10009e90 	.word	0x10009e90
10002140:	10009e9c 	.word	0x10009e9c

10002144 <ph_merge_nodes>:
10002144:	b570      	push	{r4, r5, r6, lr}
10002146:	0006      	movs	r6, r0
10002148:	000d      	movs	r5, r1
1000214a:	0014      	movs	r4, r2
1000214c:	2900      	cmp	r1, #0
1000214e:	d014      	beq.n	1000217a <ph_merge_nodes+0x36>
10002150:	2a00      	cmp	r2, #0
10002152:	d014      	beq.n	1000217e <ph_merge_nodes+0x3a>
10002154:	6880      	ldr	r0, [r0, #8]
10002156:	6873      	ldr	r3, [r6, #4]
10002158:	4798      	blx	r3
1000215a:	2800      	cmp	r0, #0
1000215c:	d006      	beq.n	1000216c <ph_merge_nodes+0x28>
1000215e:	0022      	movs	r2, r4
10002160:	0029      	movs	r1, r5
10002162:	0030      	movs	r0, r6
10002164:	f7ff ff9c 	bl	100020a0 <ph_add_child_node>
10002168:	0028      	movs	r0, r5
1000216a:	e007      	b.n	1000217c <ph_merge_nodes+0x38>
1000216c:	002a      	movs	r2, r5
1000216e:	0021      	movs	r1, r4
10002170:	0030      	movs	r0, r6
10002172:	f7ff ff95 	bl	100020a0 <ph_add_child_node>
10002176:	0020      	movs	r0, r4
10002178:	e000      	b.n	1000217c <ph_merge_nodes+0x38>
1000217a:	0010      	movs	r0, r2
1000217c:	bd70      	pop	{r4, r5, r6, pc}
1000217e:	0008      	movs	r0, r1
10002180:	e7fc      	b.n	1000217c <ph_merge_nodes+0x38>
	...

10002184 <add_alarm_under_lock>:
10002184:	b5f0      	push	{r4, r5, r6, r7, lr}
10002186:	b083      	sub	sp, #12
10002188:	0005      	movs	r5, r0
1000218a:	9200      	str	r2, [sp, #0]
1000218c:	9301      	str	r3, [sp, #4]
1000218e:	ab0a      	add	r3, sp, #40	; 0x28
10002190:	781c      	ldrb	r4, [r3, #0]
10002192:	ab0b      	add	r3, sp, #44	; 0x2c
10002194:	781f      	ldrb	r7, [r3, #0]
10002196:	2c00      	cmp	r4, #0
10002198:	d026      	beq.n	100021e8 <add_alarm_under_lock+0x64>
1000219a:	6803      	ldr	r3, [r0, #0]
1000219c:	7b5a      	ldrb	r2, [r3, #13]
1000219e:	4294      	cmp	r4, r2
100021a0:	d107      	bne.n	100021b2 <add_alarm_under_lock+0x2e>
100021a2:	2301      	movs	r3, #1
100021a4:	2b00      	cmp	r3, #0
100021a6:	d119      	bne.n	100021dc <add_alarm_under_lock+0x58>
100021a8:	2c00      	cmp	r4, #0
100021aa:	d13b      	bne.n	10002224 <add_alarm_under_lock+0xa0>
100021ac:	0020      	movs	r0, r4
100021ae:	b003      	add	sp, #12
100021b0:	bdf0      	pop	{r4, r5, r6, r7, pc}
100021b2:	2c00      	cmp	r4, #0
100021b4:	d00c      	beq.n	100021d0 <add_alarm_under_lock+0x4c>
100021b6:	7b1a      	ldrb	r2, [r3, #12]
100021b8:	4294      	cmp	r4, r2
100021ba:	d809      	bhi.n	100021d0 <add_alarm_under_lock+0x4c>
100021bc:	681a      	ldr	r2, [r3, #0]
100021be:	0063      	lsls	r3, r4, #1
100021c0:	191b      	adds	r3, r3, r4
100021c2:	3b03      	subs	r3, #3
100021c4:	18d3      	adds	r3, r2, r3
100021c6:	789b      	ldrb	r3, [r3, #2]
100021c8:	2b00      	cmp	r3, #0
100021ca:	d0eb      	beq.n	100021a4 <add_alarm_under_lock+0x20>
100021cc:	2301      	movs	r3, #1
100021ce:	e7e9      	b.n	100021a4 <add_alarm_under_lock+0x20>
100021d0:	4b3e      	ldr	r3, [pc, #248]	; (100022cc <add_alarm_under_lock+0x148>)
100021d2:	4a3f      	ldr	r2, [pc, #252]	; (100022d0 <add_alarm_under_lock+0x14c>)
100021d4:	2168      	movs	r1, #104	; 0x68
100021d6:	483f      	ldr	r0, [pc, #252]	; (100022d4 <add_alarm_under_lock+0x150>)
100021d8:	f001 fad6 	bl	10003788 <__assert_func>
100021dc:	4b3e      	ldr	r3, [pc, #248]	; (100022d8 <add_alarm_under_lock+0x154>)
100021de:	4a3f      	ldr	r2, [pc, #252]	; (100022dc <add_alarm_under_lock+0x158>)
100021e0:	2167      	movs	r1, #103	; 0x67
100021e2:	483f      	ldr	r0, [pc, #252]	; (100022e0 <add_alarm_under_lock+0x15c>)
100021e4:	f001 fad0 	bl	10003788 <__assert_func>
100021e8:	6803      	ldr	r3, [r0, #0]
100021ea:	7b9c      	ldrb	r4, [r3, #14]
100021ec:	2c00      	cmp	r4, #0
100021ee:	d0db      	beq.n	100021a8 <add_alarm_under_lock+0x24>
100021f0:	d012      	beq.n	10002218 <add_alarm_under_lock+0x94>
100021f2:	7b1a      	ldrb	r2, [r3, #12]
100021f4:	4294      	cmp	r4, r2
100021f6:	d80f      	bhi.n	10002218 <add_alarm_under_lock+0x94>
100021f8:	0062      	lsls	r2, r4, #1
100021fa:	1912      	adds	r2, r2, r4
100021fc:	3a03      	subs	r2, #3
100021fe:	6819      	ldr	r1, [r3, #0]
10002200:	468c      	mov	ip, r1
10002202:	4462      	add	r2, ip
10002204:	7851      	ldrb	r1, [r2, #1]
10002206:	7399      	strb	r1, [r3, #14]
10002208:	2900      	cmp	r1, #0
1000220a:	d100      	bne.n	1000220e <add_alarm_under_lock+0x8a>
1000220c:	73d9      	strb	r1, [r3, #15]
1000220e:	2300      	movs	r3, #0
10002210:	7093      	strb	r3, [r2, #2]
10002212:	7053      	strb	r3, [r2, #1]
10002214:	7013      	strb	r3, [r2, #0]
10002216:	e7c7      	b.n	100021a8 <add_alarm_under_lock+0x24>
10002218:	4b2c      	ldr	r3, [pc, #176]	; (100022cc <add_alarm_under_lock+0x148>)
1000221a:	4a2d      	ldr	r2, [pc, #180]	; (100022d0 <add_alarm_under_lock+0x14c>)
1000221c:	2168      	movs	r1, #104	; 0x68
1000221e:	482d      	ldr	r0, [pc, #180]	; (100022d4 <add_alarm_under_lock+0x150>)
10002220:	f001 fab2 	bl	10003788 <__assert_func>
10002224:	2c00      	cmp	r4, #0
10002226:	d03a      	beq.n	1000229e <add_alarm_under_lock+0x11a>
10002228:	682b      	ldr	r3, [r5, #0]
1000222a:	7b1b      	ldrb	r3, [r3, #12]
1000222c:	429c      	cmp	r4, r3
1000222e:	d836      	bhi.n	1000229e <add_alarm_under_lock+0x11a>
10002230:	4b2c      	ldr	r3, [pc, #176]	; (100022e4 <add_alarm_under_lock+0x160>)
10002232:	18e3      	adds	r3, r4, r3
10002234:	011b      	lsls	r3, r3, #4
10002236:	68aa      	ldr	r2, [r5, #8]
10002238:	4694      	mov	ip, r2
1000223a:	4463      	add	r3, ip
1000223c:	9a00      	ldr	r2, [sp, #0]
1000223e:	601a      	str	r2, [r3, #0]
10002240:	9a01      	ldr	r2, [sp, #4]
10002242:	605a      	str	r2, [r3, #4]
10002244:	9a08      	ldr	r2, [sp, #32]
10002246:	609a      	str	r2, [r3, #8]
10002248:	9a09      	ldr	r2, [sp, #36]	; 0x24
1000224a:	60da      	str	r2, [r3, #12]
1000224c:	682e      	ldr	r6, [r5, #0]
1000224e:	2c00      	cmp	r4, #0
10002250:	d02b      	beq.n	100022aa <add_alarm_under_lock+0x126>
10002252:	d030      	beq.n	100022b6 <add_alarm_under_lock+0x132>
10002254:	7b33      	ldrb	r3, [r6, #12]
10002256:	429c      	cmp	r4, r3
10002258:	d82d      	bhi.n	100022b6 <add_alarm_under_lock+0x132>
1000225a:	0063      	lsls	r3, r4, #1
1000225c:	191b      	adds	r3, r3, r4
1000225e:	3b03      	subs	r3, #3
10002260:	6832      	ldr	r2, [r6, #0]
10002262:	4694      	mov	ip, r2
10002264:	4463      	add	r3, ip
10002266:	2200      	movs	r2, #0
10002268:	709a      	strb	r2, [r3, #2]
1000226a:	705a      	strb	r2, [r3, #1]
1000226c:	701a      	strb	r2, [r3, #0]
1000226e:	7b71      	ldrb	r1, [r6, #13]
10002270:	0022      	movs	r2, r4
10002272:	0030      	movs	r0, r6
10002274:	f7ff ff66 	bl	10002144 <ph_merge_nodes>
10002278:	7370      	strb	r0, [r6, #13]
1000227a:	4284      	cmp	r4, r0
1000227c:	d000      	beq.n	10002280 <add_alarm_under_lock+0xfc>
1000227e:	e795      	b.n	100021ac <add_alarm_under_lock+0x28>
10002280:	7d28      	ldrb	r0, [r5, #20]
10002282:	9a00      	ldr	r2, [sp, #0]
10002284:	9b01      	ldr	r3, [sp, #4]
10002286:	f000 fd25 	bl	10002cd4 <hardware_alarm_set_target>
1000228a:	1e06      	subs	r6, r0, #0
1000228c:	d001      	beq.n	10002292 <add_alarm_under_lock+0x10e>
1000228e:	2f00      	cmp	r7, #0
10002290:	d017      	beq.n	100022c2 <add_alarm_under_lock+0x13e>
10002292:	9b0c      	ldr	r3, [sp, #48]	; 0x30
10002294:	2b00      	cmp	r3, #0
10002296:	d100      	bne.n	1000229a <add_alarm_under_lock+0x116>
10002298:	e788      	b.n	100021ac <add_alarm_under_lock+0x28>
1000229a:	701e      	strb	r6, [r3, #0]
1000229c:	e786      	b.n	100021ac <add_alarm_under_lock+0x28>
1000229e:	4b12      	ldr	r3, [pc, #72]	; (100022e8 <add_alarm_under_lock+0x164>)
100022a0:	4a12      	ldr	r2, [pc, #72]	; (100022ec <add_alarm_under_lock+0x168>)
100022a2:	213c      	movs	r1, #60	; 0x3c
100022a4:	480e      	ldr	r0, [pc, #56]	; (100022e0 <add_alarm_under_lock+0x15c>)
100022a6:	f001 fa6f 	bl	10003788 <__assert_func>
100022aa:	4b11      	ldr	r3, [pc, #68]	; (100022f0 <add_alarm_under_lock+0x16c>)
100022ac:	4a11      	ldr	r2, [pc, #68]	; (100022f4 <add_alarm_under_lock+0x170>)
100022ae:	21a5      	movs	r1, #165	; 0xa5
100022b0:	4808      	ldr	r0, [pc, #32]	; (100022d4 <add_alarm_under_lock+0x150>)
100022b2:	f001 fa69 	bl	10003788 <__assert_func>
100022b6:	4b05      	ldr	r3, [pc, #20]	; (100022cc <add_alarm_under_lock+0x148>)
100022b8:	4a05      	ldr	r2, [pc, #20]	; (100022d0 <add_alarm_under_lock+0x14c>)
100022ba:	2168      	movs	r1, #104	; 0x68
100022bc:	4805      	ldr	r0, [pc, #20]	; (100022d4 <add_alarm_under_lock+0x150>)
100022be:	f001 fa63 	bl	10003788 <__assert_func>
100022c2:	6828      	ldr	r0, [r5, #0]
100022c4:	0021      	movs	r1, r4
100022c6:	f000 ff3d 	bl	10003144 <ph_remove_and_free_node>
100022ca:	e7e2      	b.n	10002292 <add_alarm_under_lock+0x10e>
100022cc:	10009e00 	.word	0x10009e00
100022d0:	1000a0c4 	.word	0x1000a0c4
100022d4:	10009e1c 	.word	0x10009e1c
100022d8:	10009eb4 	.word	0x10009eb4
100022dc:	1000a0d0 	.word	0x1000a0d0
100022e0:	10009d88 	.word	0x10009d88
100022e4:	0fffffff 	.word	0x0fffffff
100022e8:	10009ddc 	.word	0x10009ddc
100022ec:	1000a058 	.word	0x1000a058
100022f0:	10009d84 	.word	0x10009d84
100022f4:	1000a0b4 	.word	0x1000a0b4

100022f8 <alarm_pool_alarm_callback>:
100022f8:	b5f0      	push	{r4, r5, r6, r7, lr}
100022fa:	46de      	mov	lr, fp
100022fc:	4657      	mov	r7, sl
100022fe:	464e      	mov	r6, r9
10002300:	4645      	mov	r5, r8
10002302:	b5e0      	push	{r5, r6, r7, lr}
10002304:	b08b      	sub	sp, #44	; 0x2c
10002306:	9009      	str	r0, [sp, #36]	; 0x24
10002308:	2300      	movs	r3, #0
1000230a:	9308      	str	r3, [sp, #32]
1000230c:	0082      	lsls	r2, r0, #2
1000230e:	4bb5      	ldr	r3, [pc, #724]	; (100025e4 <alarm_pool_alarm_callback+0x2ec>)
10002310:	58d6      	ldr	r6, [r2, r3]
10002312:	0037      	movs	r7, r6
10002314:	e052      	b.n	100023bc <alarm_pool_alarm_callback+0xc4>
10002316:	4bb4      	ldr	r3, [pc, #720]	; (100025e8 <alarm_pool_alarm_callback+0x2f0>)
10002318:	4ab4      	ldr	r2, [pc, #720]	; (100025ec <alarm_pool_alarm_callback+0x2f4>)
1000231a:	213f      	movs	r1, #63	; 0x3f
1000231c:	48b4      	ldr	r0, [pc, #720]	; (100025f0 <alarm_pool_alarm_callback+0x2f8>)
1000231e:	f001 fa33 	bl	10003788 <__assert_func>
10002322:	4bb4      	ldr	r3, [pc, #720]	; (100025f4 <alarm_pool_alarm_callback+0x2fc>)
10002324:	4ab4      	ldr	r2, [pc, #720]	; (100025f8 <alarm_pool_alarm_callback+0x300>)
10002326:	213c      	movs	r1, #60	; 0x3c
10002328:	48b4      	ldr	r0, [pc, #720]	; (100025fc <alarm_pool_alarm_callback+0x304>)
1000232a:	f001 fa2d 	bl	10003788 <__assert_func>
1000232e:	2900      	cmp	r1, #0
10002330:	d101      	bne.n	10002336 <alarm_pool_alarm_callback+0x3e>
10002332:	2800      	cmp	r0, #0
10002334:	d169      	bne.n	1000240a <alarm_pool_alarm_callback+0x112>
10002336:	2100      	movs	r1, #0
10002338:	4640      	mov	r0, r8
1000233a:	f000 fef9 	bl	10003130 <ph_remove_head>
1000233e:	42a0      	cmp	r0, r4
10002340:	d119      	bne.n	10002376 <alarm_pool_alarm_callback+0x7e>
10002342:	682a      	ldr	r2, [r5, #0]
10002344:	686b      	ldr	r3, [r5, #4]
10002346:	9206      	str	r2, [sp, #24]
10002348:	9307      	str	r3, [sp, #28]
1000234a:	68ab      	ldr	r3, [r5, #8]
1000234c:	4698      	mov	r8, r3
1000234e:	68eb      	ldr	r3, [r5, #12]
10002350:	469a      	mov	sl, r3
10002352:	4643      	mov	r3, r8
10002354:	2b00      	cmp	r3, #0
10002356:	d014      	beq.n	10002382 <alarm_pool_alarm_callback+0x8a>
10002358:	2c00      	cmp	r4, #0
1000235a:	d018      	beq.n	1000238e <alarm_pool_alarm_callback+0x96>
1000235c:	683b      	ldr	r3, [r7, #0]
1000235e:	7b1b      	ldrb	r3, [r3, #12]
10002360:	429c      	cmp	r4, r3
10002362:	d814      	bhi.n	1000238e <alarm_pool_alarm_callback+0x96>
10002364:	1e63      	subs	r3, r4, #1
10002366:	68fa      	ldr	r2, [r7, #12]
10002368:	5cd3      	ldrb	r3, [r2, r3]
1000236a:	9308      	str	r3, [sp, #32]
1000236c:	021b      	lsls	r3, r3, #8
1000236e:	4318      	orrs	r0, r3
10002370:	6138      	str	r0, [r7, #16]
10002372:	2000      	movs	r0, #0
10002374:	e015      	b.n	100023a2 <alarm_pool_alarm_callback+0xaa>
10002376:	4ba2      	ldr	r3, [pc, #648]	; (10002600 <alarm_pool_alarm_callback+0x308>)
10002378:	4aa2      	ldr	r2, [pc, #648]	; (10002604 <alarm_pool_alarm_callback+0x30c>)
1000237a:	218e      	movs	r1, #142	; 0x8e
1000237c:	489f      	ldr	r0, [pc, #636]	; (100025fc <alarm_pool_alarm_callback+0x304>)
1000237e:	f001 fa03 	bl	10003788 <__assert_func>
10002382:	4ba1      	ldr	r3, [pc, #644]	; (10002608 <alarm_pool_alarm_callback+0x310>)
10002384:	4a9f      	ldr	r2, [pc, #636]	; (10002604 <alarm_pool_alarm_callback+0x30c>)
10002386:	2192      	movs	r1, #146	; 0x92
10002388:	489c      	ldr	r0, [pc, #624]	; (100025fc <alarm_pool_alarm_callback+0x304>)
1000238a:	f001 f9fd 	bl	10003788 <__assert_func>
1000238e:	4b99      	ldr	r3, [pc, #612]	; (100025f4 <alarm_pool_alarm_callback+0x2fc>)
10002390:	4a9e      	ldr	r2, [pc, #632]	; (1000260c <alarm_pool_alarm_callback+0x314>)
10002392:	2141      	movs	r1, #65	; 0x41
10002394:	4899      	ldr	r0, [pc, #612]	; (100025fc <alarm_pool_alarm_callback+0x304>)
10002396:	f001 f9f7 	bl	10003788 <__assert_func>
1000239a:	2300      	movs	r3, #0
1000239c:	469a      	mov	sl, r3
1000239e:	4698      	mov	r8, r3
100023a0:	2000      	movs	r0, #0
100023a2:	687b      	ldr	r3, [r7, #4]
100023a4:	f3bf 8f5f 	dmb	sy
100023a8:	2200      	movs	r2, #0
100023aa:	601a      	str	r2, [r3, #0]
100023ac:	f386 8810 	msr	PRIMASK, r6
100023b0:	4643      	mov	r3, r8
100023b2:	2b00      	cmp	r3, #0
100023b4:	d132      	bne.n	1000241c <alarm_pool_alarm_callback+0x124>
100023b6:	2800      	cmp	r0, #0
100023b8:	d100      	bne.n	100023bc <alarm_pool_alarm_callback+0xc4>
100023ba:	e10c      	b.n	100025d6 <alarm_pool_alarm_callback+0x2de>
100023bc:	f000 fbfe 	bl	10002bbc <time_us_64>
100023c0:	0002      	movs	r2, r0
100023c2:	1e0b      	subs	r3, r1, #0
100023c4:	dba7      	blt.n	10002316 <alarm_pool_alarm_callback+0x1e>
100023c6:	2000      	movs	r0, #0
100023c8:	2100      	movs	r1, #0
100023ca:	9006      	str	r0, [sp, #24]
100023cc:	9107      	str	r1, [sp, #28]
100023ce:	6878      	ldr	r0, [r7, #4]
100023d0:	f3ef 8610 	mrs	r6, PRIMASK
100023d4:	b672      	cpsid	i
100023d6:	6801      	ldr	r1, [r0, #0]
100023d8:	2900      	cmp	r1, #0
100023da:	d0fc      	beq.n	100023d6 <alarm_pool_alarm_callback+0xde>
100023dc:	f3bf 8f5f 	dmb	sy
100023e0:	6839      	ldr	r1, [r7, #0]
100023e2:	4688      	mov	r8, r1
100023e4:	7b4c      	ldrb	r4, [r1, #13]
100023e6:	2c00      	cmp	r4, #0
100023e8:	d0d7      	beq.n	1000239a <alarm_pool_alarm_callback+0xa2>
100023ea:	d09a      	beq.n	10002322 <alarm_pool_alarm_callback+0x2a>
100023ec:	7b09      	ldrb	r1, [r1, #12]
100023ee:	428c      	cmp	r4, r1
100023f0:	d897      	bhi.n	10002322 <alarm_pool_alarm_callback+0x2a>
100023f2:	4987      	ldr	r1, [pc, #540]	; (10002610 <alarm_pool_alarm_callback+0x318>)
100023f4:	1865      	adds	r5, r4, r1
100023f6:	012d      	lsls	r5, r5, #4
100023f8:	68b9      	ldr	r1, [r7, #8]
100023fa:	468c      	mov	ip, r1
100023fc:	4465      	add	r5, ip
100023fe:	6828      	ldr	r0, [r5, #0]
10002400:	6869      	ldr	r1, [r5, #4]
10002402:	1a80      	subs	r0, r0, r2
10002404:	4199      	sbcs	r1, r3
10002406:	2900      	cmp	r1, #0
10002408:	dd91      	ble.n	1000232e <alarm_pool_alarm_callback+0x36>
1000240a:	682a      	ldr	r2, [r5, #0]
1000240c:	686b      	ldr	r3, [r5, #4]
1000240e:	9809      	ldr	r0, [sp, #36]	; 0x24
10002410:	f000 fc60 	bl	10002cd4 <hardware_alarm_set_target>
10002414:	2300      	movs	r3, #0
10002416:	469a      	mov	sl, r3
10002418:	4698      	mov	r8, r3
1000241a:	e7c2      	b.n	100023a2 <alarm_pool_alarm_callback+0xaa>
1000241c:	9b08      	ldr	r3, [sp, #32]
1000241e:	021b      	lsls	r3, r3, #8
10002420:	4323      	orrs	r3, r4
10002422:	4699      	mov	r9, r3
10002424:	4651      	mov	r1, sl
10002426:	0018      	movs	r0, r3
10002428:	47c0      	blx	r8
1000242a:	0005      	movs	r5, r0
1000242c:	000e      	movs	r6, r1
1000242e:	687a      	ldr	r2, [r7, #4]
10002430:	f3ef 8b10 	mrs	fp, PRIMASK
10002434:	b672      	cpsid	i
10002436:	6813      	ldr	r3, [r2, #0]
10002438:	4259      	negs	r1, r3
1000243a:	414b      	adcs	r3, r1
1000243c:	b2d9      	uxtb	r1, r3
1000243e:	2b00      	cmp	r3, #0
10002440:	d1f9      	bne.n	10002436 <alarm_pool_alarm_callback+0x13e>
10002442:	f3bf 8f5f 	dmb	sy
10002446:	2e00      	cmp	r6, #0
10002448:	db1e      	blt.n	10002488 <alarm_pool_alarm_callback+0x190>
1000244a:	2e00      	cmp	r6, #0
1000244c:	dd46      	ble.n	100024dc <alarm_pool_alarm_callback+0x1e4>
1000244e:	693b      	ldr	r3, [r7, #16]
10002450:	2b00      	cmp	r3, #0
10002452:	d047      	beq.n	100024e4 <alarm_pool_alarm_callback+0x1ec>
10002454:	454b      	cmp	r3, r9
10002456:	d16d      	bne.n	10002534 <alarm_pool_alarm_callback+0x23c>
10002458:	f000 fbb0 	bl	10002bbc <time_us_64>
1000245c:	0002      	movs	r2, r0
1000245e:	1e0b      	subs	r3, r1, #0
10002460:	db6e      	blt.n	10002540 <alarm_pool_alarm_callback+0x248>
10002462:	1952      	adds	r2, r2, r5
10002464:	4173      	adcs	r3, r6
10002466:	2b00      	cmp	r3, #0
10002468:	db70      	blt.n	1000254c <alarm_pool_alarm_callback+0x254>
1000246a:	2b00      	cmp	r3, #0
1000246c:	db72      	blt.n	10002554 <alarm_pool_alarm_callback+0x25c>
1000246e:	2100      	movs	r1, #0
10002470:	9104      	str	r1, [sp, #16]
10002472:	3101      	adds	r1, #1
10002474:	9103      	str	r1, [sp, #12]
10002476:	9402      	str	r4, [sp, #8]
10002478:	4651      	mov	r1, sl
1000247a:	9101      	str	r1, [sp, #4]
1000247c:	4641      	mov	r1, r8
1000247e:	9100      	str	r1, [sp, #0]
10002480:	0038      	movs	r0, r7
10002482:	f7ff fe7f 	bl	10002184 <add_alarm_under_lock>
10002486:	e04c      	b.n	10002522 <alarm_pool_alarm_callback+0x22a>
10002488:	693b      	ldr	r3, [r7, #16]
1000248a:	2b00      	cmp	r3, #0
1000248c:	d0dd      	beq.n	1000244a <alarm_pool_alarm_callback+0x152>
1000248e:	454b      	cmp	r3, r9
10002490:	d114      	bne.n	100024bc <alarm_pool_alarm_callback+0x1c4>
10002492:	9a06      	ldr	r2, [sp, #24]
10002494:	9b07      	ldr	r3, [sp, #28]
10002496:	1b52      	subs	r2, r2, r5
10002498:	41b3      	sbcs	r3, r6
1000249a:	2b00      	cmp	r3, #0
1000249c:	db14      	blt.n	100024c8 <alarm_pool_alarm_callback+0x1d0>
1000249e:	2b00      	cmp	r3, #0
100024a0:	db16      	blt.n	100024d0 <alarm_pool_alarm_callback+0x1d8>
100024a2:	2100      	movs	r1, #0
100024a4:	9104      	str	r1, [sp, #16]
100024a6:	3101      	adds	r1, #1
100024a8:	9103      	str	r1, [sp, #12]
100024aa:	9402      	str	r4, [sp, #8]
100024ac:	4651      	mov	r1, sl
100024ae:	9101      	str	r1, [sp, #4]
100024b0:	4641      	mov	r1, r8
100024b2:	9100      	str	r1, [sp, #0]
100024b4:	0038      	movs	r0, r7
100024b6:	f7ff fe65 	bl	10002184 <add_alarm_under_lock>
100024ba:	e032      	b.n	10002522 <alarm_pool_alarm_callback+0x22a>
100024bc:	4b55      	ldr	r3, [pc, #340]	; (10002614 <alarm_pool_alarm_callback+0x31c>)
100024be:	4a51      	ldr	r2, [pc, #324]	; (10002604 <alarm_pool_alarm_callback+0x30c>)
100024c0:	21a1      	movs	r1, #161	; 0xa1
100024c2:	484e      	ldr	r0, [pc, #312]	; (100025fc <alarm_pool_alarm_callback+0x304>)
100024c4:	f001 f960 	bl	10003788 <__assert_func>
100024c8:	2201      	movs	r2, #1
100024ca:	4252      	negs	r2, r2
100024cc:	4b52      	ldr	r3, [pc, #328]	; (10002618 <alarm_pool_alarm_callback+0x320>)
100024ce:	e7e6      	b.n	1000249e <alarm_pool_alarm_callback+0x1a6>
100024d0:	4b45      	ldr	r3, [pc, #276]	; (100025e8 <alarm_pool_alarm_callback+0x2f0>)
100024d2:	4a46      	ldr	r2, [pc, #280]	; (100025ec <alarm_pool_alarm_callback+0x2f4>)
100024d4:	213f      	movs	r1, #63	; 0x3f
100024d6:	4846      	ldr	r0, [pc, #280]	; (100025f0 <alarm_pool_alarm_callback+0x2f8>)
100024d8:	f001 f956 	bl	10003788 <__assert_func>
100024dc:	2e00      	cmp	r6, #0
100024de:	d101      	bne.n	100024e4 <alarm_pool_alarm_callback+0x1ec>
100024e0:	2d00      	cmp	r5, #0
100024e2:	d1b4      	bne.n	1000244e <alarm_pool_alarm_callback+0x156>
100024e4:	683b      	ldr	r3, [r7, #0]
100024e6:	2c00      	cmp	r4, #0
100024e8:	d050      	beq.n	1000258c <alarm_pool_alarm_callback+0x294>
100024ea:	7b5a      	ldrb	r2, [r3, #13]
100024ec:	4294      	cmp	r4, r2
100024ee:	d137      	bne.n	10002560 <alarm_pool_alarm_callback+0x268>
100024f0:	2101      	movs	r1, #1
100024f2:	2900      	cmp	r1, #0
100024f4:	d14a      	bne.n	1000258c <alarm_pool_alarm_callback+0x294>
100024f6:	7bda      	ldrb	r2, [r3, #15]
100024f8:	2a00      	cmp	r2, #0
100024fa:	d14d      	bne.n	10002598 <alarm_pool_alarm_callback+0x2a0>
100024fc:	7b9a      	ldrb	r2, [r3, #14]
100024fe:	2a00      	cmp	r2, #0
10002500:	d103      	bne.n	1000250a <alarm_pool_alarm_callback+0x212>
10002502:	7bda      	ldrb	r2, [r3, #15]
10002504:	2a00      	cmp	r2, #0
10002506:	d15a      	bne.n	100025be <alarm_pool_alarm_callback+0x2c6>
10002508:	739c      	strb	r4, [r3, #14]
1000250a:	73dc      	strb	r4, [r3, #15]
1000250c:	2c00      	cmp	r4, #0
1000250e:	d05c      	beq.n	100025ca <alarm_pool_alarm_callback+0x2d2>
10002510:	683b      	ldr	r3, [r7, #0]
10002512:	7b1b      	ldrb	r3, [r3, #12]
10002514:	429c      	cmp	r4, r3
10002516:	d858      	bhi.n	100025ca <alarm_pool_alarm_callback+0x2d2>
10002518:	68fa      	ldr	r2, [r7, #12]
1000251a:	3c01      	subs	r4, #1
1000251c:	5d13      	ldrb	r3, [r2, r4]
1000251e:	3301      	adds	r3, #1
10002520:	5513      	strb	r3, [r2, r4]
10002522:	2300      	movs	r3, #0
10002524:	613b      	str	r3, [r7, #16]
10002526:	687a      	ldr	r2, [r7, #4]
10002528:	f3bf 8f5f 	dmb	sy
1000252c:	6013      	str	r3, [r2, #0]
1000252e:	f38b 8810 	msr	PRIMASK, fp
10002532:	e743      	b.n	100023bc <alarm_pool_alarm_callback+0xc4>
10002534:	4b37      	ldr	r3, [pc, #220]	; (10002614 <alarm_pool_alarm_callback+0x31c>)
10002536:	4a33      	ldr	r2, [pc, #204]	; (10002604 <alarm_pool_alarm_callback+0x30c>)
10002538:	21a4      	movs	r1, #164	; 0xa4
1000253a:	4830      	ldr	r0, [pc, #192]	; (100025fc <alarm_pool_alarm_callback+0x304>)
1000253c:	f001 f924 	bl	10003788 <__assert_func>
10002540:	4b29      	ldr	r3, [pc, #164]	; (100025e8 <alarm_pool_alarm_callback+0x2f0>)
10002542:	4a2a      	ldr	r2, [pc, #168]	; (100025ec <alarm_pool_alarm_callback+0x2f4>)
10002544:	213f      	movs	r1, #63	; 0x3f
10002546:	482a      	ldr	r0, [pc, #168]	; (100025f0 <alarm_pool_alarm_callback+0x2f8>)
10002548:	f001 f91e 	bl	10003788 <__assert_func>
1000254c:	2201      	movs	r2, #1
1000254e:	4252      	negs	r2, r2
10002550:	4b31      	ldr	r3, [pc, #196]	; (10002618 <alarm_pool_alarm_callback+0x320>)
10002552:	e78a      	b.n	1000246a <alarm_pool_alarm_callback+0x172>
10002554:	4b24      	ldr	r3, [pc, #144]	; (100025e8 <alarm_pool_alarm_callback+0x2f0>)
10002556:	4a25      	ldr	r2, [pc, #148]	; (100025ec <alarm_pool_alarm_callback+0x2f4>)
10002558:	213f      	movs	r1, #63	; 0x3f
1000255a:	4825      	ldr	r0, [pc, #148]	; (100025f0 <alarm_pool_alarm_callback+0x2f8>)
1000255c:	f001 f914 	bl	10003788 <__assert_func>
10002560:	2c00      	cmp	r4, #0
10002562:	d00d      	beq.n	10002580 <alarm_pool_alarm_callback+0x288>
10002564:	7b1a      	ldrb	r2, [r3, #12]
10002566:	4294      	cmp	r4, r2
10002568:	d80a      	bhi.n	10002580 <alarm_pool_alarm_callback+0x288>
1000256a:	0062      	lsls	r2, r4, #1
1000256c:	1912      	adds	r2, r2, r4
1000256e:	3a03      	subs	r2, #3
10002570:	6818      	ldr	r0, [r3, #0]
10002572:	4684      	mov	ip, r0
10002574:	4462      	add	r2, ip
10002576:	7892      	ldrb	r2, [r2, #2]
10002578:	2a00      	cmp	r2, #0
1000257a:	d0ba      	beq.n	100024f2 <alarm_pool_alarm_callback+0x1fa>
1000257c:	2101      	movs	r1, #1
1000257e:	e7b8      	b.n	100024f2 <alarm_pool_alarm_callback+0x1fa>
10002580:	4b26      	ldr	r3, [pc, #152]	; (1000261c <alarm_pool_alarm_callback+0x324>)
10002582:	4a27      	ldr	r2, [pc, #156]	; (10002620 <alarm_pool_alarm_callback+0x328>)
10002584:	2168      	movs	r1, #104	; 0x68
10002586:	4827      	ldr	r0, [pc, #156]	; (10002624 <alarm_pool_alarm_callback+0x32c>)
10002588:	f001 f8fe 	bl	10003788 <__assert_func>
1000258c:	4b26      	ldr	r3, [pc, #152]	; (10002628 <alarm_pool_alarm_callback+0x330>)
1000258e:	4a27      	ldr	r2, [pc, #156]	; (1000262c <alarm_pool_alarm_callback+0x334>)
10002590:	21f6      	movs	r1, #246	; 0xf6
10002592:	4824      	ldr	r0, [pc, #144]	; (10002624 <alarm_pool_alarm_callback+0x32c>)
10002594:	f001 f8f8 	bl	10003788 <__assert_func>
10002598:	2a00      	cmp	r2, #0
1000259a:	d00a      	beq.n	100025b2 <alarm_pool_alarm_callback+0x2ba>
1000259c:	7b19      	ldrb	r1, [r3, #12]
1000259e:	428a      	cmp	r2, r1
100025a0:	d807      	bhi.n	100025b2 <alarm_pool_alarm_callback+0x2ba>
100025a2:	0051      	lsls	r1, r2, #1
100025a4:	188a      	adds	r2, r1, r2
100025a6:	3a03      	subs	r2, #3
100025a8:	6819      	ldr	r1, [r3, #0]
100025aa:	468c      	mov	ip, r1
100025ac:	4462      	add	r2, ip
100025ae:	7054      	strb	r4, [r2, #1]
100025b0:	e7a4      	b.n	100024fc <alarm_pool_alarm_callback+0x204>
100025b2:	4b1a      	ldr	r3, [pc, #104]	; (1000261c <alarm_pool_alarm_callback+0x324>)
100025b4:	4a1a      	ldr	r2, [pc, #104]	; (10002620 <alarm_pool_alarm_callback+0x328>)
100025b6:	2168      	movs	r1, #104	; 0x68
100025b8:	481a      	ldr	r0, [pc, #104]	; (10002624 <alarm_pool_alarm_callback+0x32c>)
100025ba:	f001 f8e5 	bl	10003788 <__assert_func>
100025be:	4b1c      	ldr	r3, [pc, #112]	; (10002630 <alarm_pool_alarm_callback+0x338>)
100025c0:	4a1a      	ldr	r2, [pc, #104]	; (1000262c <alarm_pool_alarm_callback+0x334>)
100025c2:	21fb      	movs	r1, #251	; 0xfb
100025c4:	4817      	ldr	r0, [pc, #92]	; (10002624 <alarm_pool_alarm_callback+0x32c>)
100025c6:	f001 f8df 	bl	10003788 <__assert_func>
100025ca:	4b0a      	ldr	r3, [pc, #40]	; (100025f4 <alarm_pool_alarm_callback+0x2fc>)
100025cc:	4a0f      	ldr	r2, [pc, #60]	; (1000260c <alarm_pool_alarm_callback+0x314>)
100025ce:	2141      	movs	r1, #65	; 0x41
100025d0:	480a      	ldr	r0, [pc, #40]	; (100025fc <alarm_pool_alarm_callback+0x304>)
100025d2:	f001 f8d9 	bl	10003788 <__assert_func>
100025d6:	b00b      	add	sp, #44	; 0x2c
100025d8:	bcf0      	pop	{r4, r5, r6, r7}
100025da:	46bb      	mov	fp, r7
100025dc:	46b2      	mov	sl, r6
100025de:	46a9      	mov	r9, r5
100025e0:	46a0      	mov	r8, r4
100025e2:	bdf0      	pop	{r4, r5, r6, r7, pc}
100025e4:	20000efc 	.word	0x20000efc
100025e8:	10009c98 	.word	0x10009c98
100025ec:	1000a024 	.word	0x1000a024
100025f0:	10009cb4 	.word	0x10009cb4
100025f4:	10009ddc 	.word	0x10009ddc
100025f8:	1000a058 	.word	0x1000a058
100025fc:	10009d88 	.word	0x10009d88
10002600:	10009edc 	.word	0x10009edc
10002604:	1000a03c 	.word	0x1000a03c
10002608:	10009ef4 	.word	0x10009ef4
1000260c:	1000a07c 	.word	0x1000a07c
10002610:	0fffffff 	.word	0x0fffffff
10002614:	10009f00 	.word	0x10009f00
10002618:	7fffffff 	.word	0x7fffffff
1000261c:	10009e00 	.word	0x10009e00
10002620:	1000a0c4 	.word	0x1000a0c4
10002624:	10009e1c 	.word	0x10009e1c
10002628:	10009f3c 	.word	0x10009f3c
1000262c:	1000a090 	.word	0x1000a090
10002630:	10009f60 	.word	0x10009f60

10002634 <alarm_pool_init_default>:
10002634:	b510      	push	{r4, lr}
10002636:	4b0c      	ldr	r3, [pc, #48]	; (10002668 <alarm_pool_init_default+0x34>)
10002638:	685b      	ldr	r3, [r3, #4]
1000263a:	2b00      	cmp	r3, #0
1000263c:	d004      	beq.n	10002648 <alarm_pool_init_default+0x14>
1000263e:	210a      	movs	r1, #10
10002640:	480a      	ldr	r0, [pc, #40]	; (1000266c <alarm_pool_init_default+0x38>)
10002642:	f7ff fc93 	bl	10001f6c <lock_init>
10002646:	bd10      	pop	{r4, pc}
10002648:	4c07      	ldr	r4, [pc, #28]	; (10002668 <alarm_pool_init_default+0x34>)
1000264a:	0023      	movs	r3, r4
1000264c:	4a08      	ldr	r2, [pc, #32]	; (10002670 <alarm_pool_init_default+0x3c>)
1000264e:	2110      	movs	r1, #16
10002650:	6820      	ldr	r0, [r4, #0]
10002652:	f000 fc7d 	bl	10002f50 <ph_post_alloc_init>
10002656:	2003      	movs	r0, #3
10002658:	f000 faa4 	bl	10002ba4 <hardware_alarm_claim>
1000265c:	2103      	movs	r1, #3
1000265e:	0020      	movs	r0, r4
10002660:	f7ff fca8 	bl	10001fb4 <alarm_pool_post_alloc_init>
10002664:	e7eb      	b.n	1000263e <alarm_pool_init_default+0xa>
10002666:	46c0      	nop			; (mov r8, r8)
10002668:	20000290 	.word	0x20000290
1000266c:	2000111c 	.word	0x2000111c
10002670:	10002025 	.word	0x10002025

10002674 <alarm_pool_get_default>:
10002674:	b510      	push	{r4, lr}
10002676:	4b06      	ldr	r3, [pc, #24]	; (10002690 <alarm_pool_get_default+0x1c>)
10002678:	685b      	ldr	r3, [r3, #4]
1000267a:	2b00      	cmp	r3, #0
1000267c:	d001      	beq.n	10002682 <alarm_pool_get_default+0xe>
1000267e:	4804      	ldr	r0, [pc, #16]	; (10002690 <alarm_pool_get_default+0x1c>)
10002680:	bd10      	pop	{r4, pc}
10002682:	4b04      	ldr	r3, [pc, #16]	; (10002694 <alarm_pool_get_default+0x20>)
10002684:	4a04      	ldr	r2, [pc, #16]	; (10002698 <alarm_pool_get_default+0x24>)
10002686:	215e      	movs	r1, #94	; 0x5e
10002688:	4804      	ldr	r0, [pc, #16]	; (1000269c <alarm_pool_get_default+0x28>)
1000268a:	f001 f87d 	bl	10003788 <__assert_func>
1000268e:	46c0      	nop			; (mov r8, r8)
10002690:	20000290 	.word	0x20000290
10002694:	10009f74 	.word	0x10009f74
10002698:	1000a064 	.word	0x1000a064
1000269c:	10009d88 	.word	0x10009d88

100026a0 <alarm_pool_add_alarm_at>:
100026a0:	b5f0      	push	{r4, r5, r6, r7, lr}
100026a2:	46de      	mov	lr, fp
100026a4:	4657      	mov	r7, sl
100026a6:	464e      	mov	r6, r9
100026a8:	4645      	mov	r5, r8
100026aa:	b5e0      	push	{r5, r6, r7, lr}
100026ac:	b08b      	sub	sp, #44	; 0x2c
100026ae:	4680      	mov	r8, r0
100026b0:	0016      	movs	r6, r2
100026b2:	001f      	movs	r7, r3
100026b4:	9b14      	ldr	r3, [sp, #80]	; 0x50
100026b6:	469a      	mov	sl, r3
100026b8:	9b15      	ldr	r3, [sp, #84]	; 0x54
100026ba:	4699      	mov	r9, r3
100026bc:	ab16      	add	r3, sp, #88	; 0x58
100026be:	781b      	ldrb	r3, [r3, #0]
100026c0:	469b      	mov	fp, r3
100026c2:	231f      	movs	r3, #31
100026c4:	aa02      	add	r2, sp, #8
100026c6:	4694      	mov	ip, r2
100026c8:	4463      	add	r3, ip
100026ca:	2200      	movs	r2, #0
100026cc:	701a      	strb	r2, [r3, #0]
100026ce:	e02b      	b.n	10002728 <alarm_pool_add_alarm_at+0x88>
100026d0:	2800      	cmp	r0, #0
100026d2:	d009      	beq.n	100026e8 <alarm_pool_add_alarm_at+0x48>
100026d4:	4642      	mov	r2, r8
100026d6:	6812      	ldr	r2, [r2, #0]
100026d8:	7b12      	ldrb	r2, [r2, #12]
100026da:	4290      	cmp	r0, r2
100026dc:	d804      	bhi.n	100026e8 <alarm_pool_add_alarm_at+0x48>
100026de:	1e42      	subs	r2, r0, #1
100026e0:	4641      	mov	r1, r8
100026e2:	68c9      	ldr	r1, [r1, #12]
100026e4:	5c8a      	ldrb	r2, [r1, r2]
100026e6:	e041      	b.n	1000276c <alarm_pool_add_alarm_at+0xcc>
100026e8:	4b40      	ldr	r3, [pc, #256]	; (100027ec <alarm_pool_add_alarm_at+0x14c>)
100026ea:	4a41      	ldr	r2, [pc, #260]	; (100027f0 <alarm_pool_add_alarm_at+0x150>)
100026ec:	2141      	movs	r1, #65	; 0x41
100026ee:	4841      	ldr	r0, [pc, #260]	; (100027f4 <alarm_pool_add_alarm_at+0x154>)
100026f0:	f001 f84a 	bl	10003788 <__assert_func>
100026f4:	9807      	ldr	r0, [sp, #28]
100026f6:	e04c      	b.n	10002792 <alarm_pool_add_alarm_at+0xf2>
100026f8:	1b36      	subs	r6, r6, r4
100026fa:	41af      	sbcs	r7, r5
100026fc:	2f00      	cmp	r7, #0
100026fe:	db07      	blt.n	10002710 <alarm_pool_add_alarm_at+0x70>
10002700:	2f00      	cmp	r7, #0
10002702:	da11      	bge.n	10002728 <alarm_pool_add_alarm_at+0x88>
10002704:	4b3c      	ldr	r3, [pc, #240]	; (100027f8 <alarm_pool_add_alarm_at+0x158>)
10002706:	4a3d      	ldr	r2, [pc, #244]	; (100027fc <alarm_pool_add_alarm_at+0x15c>)
10002708:	213f      	movs	r1, #63	; 0x3f
1000270a:	483d      	ldr	r0, [pc, #244]	; (10002800 <alarm_pool_add_alarm_at+0x160>)
1000270c:	f001 f83c 	bl	10003788 <__assert_func>
10002710:	2601      	movs	r6, #1
10002712:	4276      	negs	r6, r6
10002714:	4f3b      	ldr	r7, [pc, #236]	; (10002804 <alarm_pool_add_alarm_at+0x164>)
10002716:	e7f3      	b.n	10002700 <alarm_pool_add_alarm_at+0x60>
10002718:	4b37      	ldr	r3, [pc, #220]	; (100027f8 <alarm_pool_add_alarm_at+0x158>)
1000271a:	4a38      	ldr	r2, [pc, #224]	; (100027fc <alarm_pool_add_alarm_at+0x15c>)
1000271c:	213f      	movs	r1, #63	; 0x3f
1000271e:	4838      	ldr	r0, [pc, #224]	; (10002800 <alarm_pool_add_alarm_at+0x160>)
10002720:	f001 f832 	bl	10003788 <__assert_func>
10002724:	2f00      	cmp	r7, #0
10002726:	db4f      	blt.n	100027c8 <alarm_pool_add_alarm_at+0x128>
10002728:	4643      	mov	r3, r8
1000272a:	685a      	ldr	r2, [r3, #4]
1000272c:	f3ef 8410 	mrs	r4, PRIMASK
10002730:	b672      	cpsid	i
10002732:	6813      	ldr	r3, [r2, #0]
10002734:	4259      	negs	r1, r3
10002736:	414b      	adcs	r3, r1
10002738:	b2d9      	uxtb	r1, r3
1000273a:	9107      	str	r1, [sp, #28]
1000273c:	2b00      	cmp	r3, #0
1000273e:	d1f8      	bne.n	10002732 <alarm_pool_add_alarm_at+0x92>
10002740:	f3bf 8f5f 	dmb	sy
10002744:	331f      	adds	r3, #31
10002746:	aa02      	add	r2, sp, #8
10002748:	4694      	mov	ip, r2
1000274a:	4463      	add	r3, ip
1000274c:	9304      	str	r3, [sp, #16]
1000274e:	2300      	movs	r3, #0
10002750:	9303      	str	r3, [sp, #12]
10002752:	9302      	str	r3, [sp, #8]
10002754:	464b      	mov	r3, r9
10002756:	9301      	str	r3, [sp, #4]
10002758:	4653      	mov	r3, sl
1000275a:	9300      	str	r3, [sp, #0]
1000275c:	0032      	movs	r2, r6
1000275e:	003b      	movs	r3, r7
10002760:	4640      	mov	r0, r8
10002762:	f7ff fd0f 	bl	10002184 <add_alarm_under_lock>
10002766:	1e03      	subs	r3, r0, #0
10002768:	d1b2      	bne.n	100026d0 <alarm_pool_add_alarm_at+0x30>
1000276a:	0002      	movs	r2, r0
1000276c:	4641      	mov	r1, r8
1000276e:	6849      	ldr	r1, [r1, #4]
10002770:	f3bf 8f5f 	dmb	sy
10002774:	2500      	movs	r5, #0
10002776:	600d      	str	r5, [r1, #0]
10002778:	f384 8810 	msr	PRIMASK, r4
1000277c:	2b00      	cmp	r3, #0
1000277e:	d029      	beq.n	100027d4 <alarm_pool_add_alarm_at+0x134>
10002780:	231f      	movs	r3, #31
10002782:	a902      	add	r1, sp, #8
10002784:	468c      	mov	ip, r1
10002786:	4463      	add	r3, ip
10002788:	781b      	ldrb	r3, [r3, #0]
1000278a:	2b00      	cmp	r3, #0
1000278c:	d1b2      	bne.n	100026f4 <alarm_pool_add_alarm_at+0x54>
1000278e:	0212      	lsls	r2, r2, #8
10002790:	4310      	orrs	r0, r2
10002792:	2b00      	cmp	r3, #0
10002794:	d020      	beq.n	100027d8 <alarm_pool_add_alarm_at+0x138>
10002796:	465b      	mov	r3, fp
10002798:	2b00      	cmp	r3, #0
1000279a:	d01d      	beq.n	100027d8 <alarm_pool_add_alarm_at+0x138>
1000279c:	4649      	mov	r1, r9
1000279e:	47d0      	blx	sl
100027a0:	0004      	movs	r4, r0
100027a2:	000d      	movs	r5, r1
100027a4:	0003      	movs	r3, r0
100027a6:	430b      	orrs	r3, r1
100027a8:	d01d      	beq.n	100027e6 <alarm_pool_add_alarm_at+0x146>
100027aa:	2900      	cmp	r1, #0
100027ac:	dba4      	blt.n	100026f8 <alarm_pool_add_alarm_at+0x58>
100027ae:	f000 fa05 	bl	10002bbc <time_us_64>
100027b2:	0006      	movs	r6, r0
100027b4:	1e0f      	subs	r7, r1, #0
100027b6:	dbaf      	blt.n	10002718 <alarm_pool_add_alarm_at+0x78>
100027b8:	1936      	adds	r6, r6, r4
100027ba:	416f      	adcs	r7, r5
100027bc:	2f00      	cmp	r7, #0
100027be:	dab1      	bge.n	10002724 <alarm_pool_add_alarm_at+0x84>
100027c0:	2601      	movs	r6, #1
100027c2:	4276      	negs	r6, r6
100027c4:	4f0f      	ldr	r7, [pc, #60]	; (10002804 <alarm_pool_add_alarm_at+0x164>)
100027c6:	e7ad      	b.n	10002724 <alarm_pool_add_alarm_at+0x84>
100027c8:	4b0b      	ldr	r3, [pc, #44]	; (100027f8 <alarm_pool_add_alarm_at+0x158>)
100027ca:	4a0c      	ldr	r2, [pc, #48]	; (100027fc <alarm_pool_add_alarm_at+0x15c>)
100027cc:	213f      	movs	r1, #63	; 0x3f
100027ce:	480c      	ldr	r0, [pc, #48]	; (10002800 <alarm_pool_add_alarm_at+0x160>)
100027d0:	f000 ffda 	bl	10003788 <__assert_func>
100027d4:	2001      	movs	r0, #1
100027d6:	4240      	negs	r0, r0
100027d8:	b00b      	add	sp, #44	; 0x2c
100027da:	bcf0      	pop	{r4, r5, r6, r7}
100027dc:	46bb      	mov	fp, r7
100027de:	46b2      	mov	sl, r6
100027e0:	46a9      	mov	r9, r5
100027e2:	46a0      	mov	r8, r4
100027e4:	bdf0      	pop	{r4, r5, r6, r7, pc}
100027e6:	9807      	ldr	r0, [sp, #28]
100027e8:	e7f6      	b.n	100027d8 <alarm_pool_add_alarm_at+0x138>
100027ea:	46c0      	nop			; (mov r8, r8)
100027ec:	10009ddc 	.word	0x10009ddc
100027f0:	1000a07c 	.word	0x1000a07c
100027f4:	10009d88 	.word	0x10009d88
100027f8:	10009c98 	.word	0x10009c98
100027fc:	1000a024 	.word	0x1000a024
10002800:	10009cb4 	.word	0x10009cb4
10002804:	7fffffff 	.word	0x7fffffff

10002808 <alarm_pool_cancel_alarm>:
10002808:	b5f8      	push	{r3, r4, r5, r6, r7, lr}
1000280a:	0004      	movs	r4, r0
1000280c:	2900      	cmp	r1, #0
1000280e:	d100      	bne.n	10002812 <alarm_pool_cancel_alarm+0xa>
10002810:	e062      	b.n	100028d8 <alarm_pool_cancel_alarm+0xd0>
10002812:	6842      	ldr	r2, [r0, #4]
10002814:	f3ef 8510 	mrs	r5, PRIMASK
10002818:	b672      	cpsid	i
1000281a:	6813      	ldr	r3, [r2, #0]
1000281c:	4258      	negs	r0, r3
1000281e:	4143      	adcs	r3, r0
10002820:	b2d8      	uxtb	r0, r3
10002822:	2b00      	cmp	r3, #0
10002824:	d1f9      	bne.n	1000281a <alarm_pool_cancel_alarm+0x12>
10002826:	f3bf 8f5f 	dmb	sy
1000282a:	b2cb      	uxtb	r3, r1
1000282c:	6822      	ldr	r2, [r4, #0]
1000282e:	7b56      	ldrb	r6, [r2, #13]
10002830:	42b3      	cmp	r3, r6
10002832:	d11b      	bne.n	1000286c <alarm_pool_cancel_alarm+0x64>
10002834:	2001      	movs	r0, #1
10002836:	2800      	cmp	r0, #0
10002838:	d048      	beq.n	100028cc <alarm_pool_cancel_alarm+0xc4>
1000283a:	6920      	ldr	r0, [r4, #16]
1000283c:	4288      	cmp	r0, r1
1000283e:	d02b      	beq.n	10002898 <alarm_pool_cancel_alarm+0x90>
10002840:	0a09      	lsrs	r1, r1, #8
10002842:	b2c9      	uxtb	r1, r1
10002844:	2b00      	cmp	r3, #0
10002846:	d02e      	beq.n	100028a6 <alarm_pool_cancel_alarm+0x9e>
10002848:	6820      	ldr	r0, [r4, #0]
1000284a:	7b00      	ldrb	r0, [r0, #12]
1000284c:	4283      	cmp	r3, r0
1000284e:	d82a      	bhi.n	100028a6 <alarm_pool_cancel_alarm+0x9e>
10002850:	1e58      	subs	r0, r3, #1
10002852:	68e6      	ldr	r6, [r4, #12]
10002854:	5c30      	ldrb	r0, [r6, r0]
10002856:	4288      	cmp	r0, r1
10002858:	d02b      	beq.n	100028b2 <alarm_pool_cancel_alarm+0xaa>
1000285a:	2000      	movs	r0, #0
1000285c:	6863      	ldr	r3, [r4, #4]
1000285e:	f3bf 8f5f 	dmb	sy
10002862:	2200      	movs	r2, #0
10002864:	601a      	str	r2, [r3, #0]
10002866:	f385 8810 	msr	PRIMASK, r5
1000286a:	bdf8      	pop	{r3, r4, r5, r6, r7, pc}
1000286c:	2b00      	cmp	r3, #0
1000286e:	d00d      	beq.n	1000288c <alarm_pool_cancel_alarm+0x84>
10002870:	7b16      	ldrb	r6, [r2, #12]
10002872:	42b3      	cmp	r3, r6
10002874:	d80a      	bhi.n	1000288c <alarm_pool_cancel_alarm+0x84>
10002876:	005e      	lsls	r6, r3, #1
10002878:	18f6      	adds	r6, r6, r3
1000287a:	3e03      	subs	r6, #3
1000287c:	6817      	ldr	r7, [r2, #0]
1000287e:	46bc      	mov	ip, r7
10002880:	4466      	add	r6, ip
10002882:	78b6      	ldrb	r6, [r6, #2]
10002884:	2e00      	cmp	r6, #0
10002886:	d0d6      	beq.n	10002836 <alarm_pool_cancel_alarm+0x2e>
10002888:	2001      	movs	r0, #1
1000288a:	e7d4      	b.n	10002836 <alarm_pool_cancel_alarm+0x2e>
1000288c:	4b13      	ldr	r3, [pc, #76]	; (100028dc <alarm_pool_cancel_alarm+0xd4>)
1000288e:	4a14      	ldr	r2, [pc, #80]	; (100028e0 <alarm_pool_cancel_alarm+0xd8>)
10002890:	2168      	movs	r1, #104	; 0x68
10002892:	4814      	ldr	r0, [pc, #80]	; (100028e4 <alarm_pool_cancel_alarm+0xdc>)
10002894:	f000 ff78 	bl	10003788 <__assert_func>
10002898:	212c      	movs	r1, #44	; 0x2c
1000289a:	4b13      	ldr	r3, [pc, #76]	; (100028e8 <alarm_pool_cancel_alarm+0xe0>)
1000289c:	4a13      	ldr	r2, [pc, #76]	; (100028ec <alarm_pool_cancel_alarm+0xe4>)
1000289e:	31ff      	adds	r1, #255	; 0xff
100028a0:	4813      	ldr	r0, [pc, #76]	; (100028f0 <alarm_pool_cancel_alarm+0xe8>)
100028a2:	f000 ff71 	bl	10003788 <__assert_func>
100028a6:	4b13      	ldr	r3, [pc, #76]	; (100028f4 <alarm_pool_cancel_alarm+0xec>)
100028a8:	4a13      	ldr	r2, [pc, #76]	; (100028f8 <alarm_pool_cancel_alarm+0xf0>)
100028aa:	2141      	movs	r1, #65	; 0x41
100028ac:	4810      	ldr	r0, [pc, #64]	; (100028f0 <alarm_pool_cancel_alarm+0xe8>)
100028ae:	f000 ff6b 	bl	10003788 <__assert_func>
100028b2:	0019      	movs	r1, r3
100028b4:	0010      	movs	r0, r2
100028b6:	f000 fc45 	bl	10003144 <ph_remove_and_free_node>
100028ba:	2800      	cmp	r0, #0
100028bc:	d1ce      	bne.n	1000285c <alarm_pool_cancel_alarm+0x54>
100028be:	2199      	movs	r1, #153	; 0x99
100028c0:	4b0e      	ldr	r3, [pc, #56]	; (100028fc <alarm_pool_cancel_alarm+0xf4>)
100028c2:	4a0a      	ldr	r2, [pc, #40]	; (100028ec <alarm_pool_cancel_alarm+0xe4>)
100028c4:	0049      	lsls	r1, r1, #1
100028c6:	480a      	ldr	r0, [pc, #40]	; (100028f0 <alarm_pool_cancel_alarm+0xe8>)
100028c8:	f000 ff5e 	bl	10003788 <__assert_func>
100028cc:	6923      	ldr	r3, [r4, #16]
100028ce:	428b      	cmp	r3, r1
100028d0:	d1c4      	bne.n	1000285c <alarm_pool_cancel_alarm+0x54>
100028d2:	2300      	movs	r3, #0
100028d4:	6123      	str	r3, [r4, #16]
100028d6:	e7c1      	b.n	1000285c <alarm_pool_cancel_alarm+0x54>
100028d8:	2000      	movs	r0, #0
100028da:	e7c6      	b.n	1000286a <alarm_pool_cancel_alarm+0x62>
100028dc:	10009e00 	.word	0x10009e00
100028e0:	1000a0c4 	.word	0x1000a0c4
100028e4:	10009e1c 	.word	0x10009e1c
100028e8:	10009f98 	.word	0x10009f98
100028ec:	1000a00c 	.word	0x1000a00c
100028f0:	10009d88 	.word	0x10009d88
100028f4:	10009ddc 	.word	0x10009ddc
100028f8:	1000a07c 	.word	0x1000a07c
100028fc:	10009878 	.word	0x10009878

10002900 <sleep_until>:
10002900:	b5f0      	push	{r4, r5, r6, r7, lr}
10002902:	b087      	sub	sp, #28
10002904:	0006      	movs	r6, r0
10002906:	000f      	movs	r7, r1
10002908:	f3ef 8305 	mrs	r3, IPSR
1000290c:	2b00      	cmp	r3, #0
1000290e:	d11f      	bne.n	10002950 <sleep_until+0x50>
10002910:	2406      	movs	r4, #6
10002912:	4264      	negs	r4, r4
10002914:	17e5      	asrs	r5, r4, #31
10002916:	19a4      	adds	r4, r4, r6
10002918:	417d      	adcs	r5, r7
1000291a:	428d      	cmp	r5, r1
1000291c:	d802      	bhi.n	10002924 <sleep_until+0x24>
1000291e:	d103      	bne.n	10002928 <sleep_until+0x28>
10002920:	4284      	cmp	r4, r0
10002922:	d901      	bls.n	10002928 <sleep_until+0x28>
10002924:	2400      	movs	r4, #0
10002926:	2500      	movs	r5, #0
10002928:	2d00      	cmp	r5, #0
1000292a:	db14      	blt.n	10002956 <sleep_until+0x56>
1000292c:	9404      	str	r4, [sp, #16]
1000292e:	9505      	str	r5, [sp, #20]
10002930:	f000 f944 	bl	10002bbc <time_us_64>
10002934:	0002      	movs	r2, r0
10002936:	1e0b      	subs	r3, r1, #0
10002938:	db13      	blt.n	10002962 <sleep_until+0x62>
1000293a:	1aa4      	subs	r4, r4, r2
1000293c:	419d      	sbcs	r5, r3
1000293e:	2d00      	cmp	r5, #0
10002940:	dc17      	bgt.n	10002972 <sleep_until+0x72>
10002942:	d014      	beq.n	1000296e <sleep_until+0x6e>
10002944:	0030      	movs	r0, r6
10002946:	0039      	movs	r1, r7
10002948:	f000 f944 	bl	10002bd4 <busy_wait_until>
1000294c:	b007      	add	sp, #28
1000294e:	bdf0      	pop	{r4, r5, r6, r7, pc}
10002950:	4823      	ldr	r0, [pc, #140]	; (100029e0 <sleep_until+0xe0>)
10002952:	f000 ffb3 	bl	100038bc <panic>
10002956:	4b23      	ldr	r3, [pc, #140]	; (100029e4 <sleep_until+0xe4>)
10002958:	4a23      	ldr	r2, [pc, #140]	; (100029e8 <sleep_until+0xe8>)
1000295a:	213f      	movs	r1, #63	; 0x3f
1000295c:	4823      	ldr	r0, [pc, #140]	; (100029ec <sleep_until+0xec>)
1000295e:	f000 ff13 	bl	10003788 <__assert_func>
10002962:	4b20      	ldr	r3, [pc, #128]	; (100029e4 <sleep_until+0xe4>)
10002964:	4a20      	ldr	r2, [pc, #128]	; (100029e8 <sleep_until+0xe8>)
10002966:	213f      	movs	r1, #63	; 0x3f
10002968:	4820      	ldr	r0, [pc, #128]	; (100029ec <sleep_until+0xec>)
1000296a:	f000 ff0d 	bl	10003788 <__assert_func>
1000296e:	2c00      	cmp	r4, #0
10002970:	d0e8      	beq.n	10002944 <sleep_until+0x44>
10002972:	f7ff fe7f 	bl	10002674 <alarm_pool_get_default>
10002976:	2300      	movs	r3, #0
10002978:	9302      	str	r3, [sp, #8]
1000297a:	9301      	str	r3, [sp, #4]
1000297c:	4b1c      	ldr	r3, [pc, #112]	; (100029f0 <sleep_until+0xf0>)
1000297e:	9300      	str	r3, [sp, #0]
10002980:	9a04      	ldr	r2, [sp, #16]
10002982:	9b05      	ldr	r3, [sp, #20]
10002984:	f7ff fe8c 	bl	100026a0 <alarm_pool_add_alarm_at>
10002988:	2800      	cmp	r0, #0
1000298a:	da18      	bge.n	100029be <sleep_until+0xbe>
1000298c:	e7da      	b.n	10002944 <sleep_until+0x44>
1000298e:	2300      	movs	r3, #0
10002990:	e000      	b.n	10002994 <sleep_until+0x94>
10002992:	2300      	movs	r3, #0
10002994:	2b00      	cmp	r3, #0
10002996:	d1d5      	bne.n	10002944 <sleep_until+0x44>
10002998:	4b16      	ldr	r3, [pc, #88]	; (100029f4 <sleep_until+0xf4>)
1000299a:	681a      	ldr	r2, [r3, #0]
1000299c:	f3ef 8110 	mrs	r1, PRIMASK
100029a0:	b672      	cpsid	i
100029a2:	6813      	ldr	r3, [r2, #0]
100029a4:	2b00      	cmp	r3, #0
100029a6:	d0fc      	beq.n	100029a2 <sleep_until+0xa2>
100029a8:	f3bf 8f5f 	dmb	sy
100029ac:	4b11      	ldr	r3, [pc, #68]	; (100029f4 <sleep_until+0xf4>)
100029ae:	681b      	ldr	r3, [r3, #0]
100029b0:	f3bf 8f5f 	dmb	sy
100029b4:	2200      	movs	r2, #0
100029b6:	601a      	str	r2, [r3, #0]
100029b8:	f381 8810 	msr	PRIMASK, r1
100029bc:	bf20      	wfe
100029be:	9904      	ldr	r1, [sp, #16]
100029c0:	9a05      	ldr	r2, [sp, #20]
100029c2:	4b0d      	ldr	r3, [pc, #52]	; (100029f8 <sleep_until+0xf8>)
100029c4:	6a5b      	ldr	r3, [r3, #36]	; 0x24
100029c6:	429a      	cmp	r2, r3
100029c8:	d8e3      	bhi.n	10002992 <sleep_until+0x92>
100029ca:	480b      	ldr	r0, [pc, #44]	; (100029f8 <sleep_until+0xf8>)
100029cc:	6a80      	ldr	r0, [r0, #40]	; 0x28
100029ce:	4288      	cmp	r0, r1
100029d0:	d203      	bcs.n	100029da <sleep_until+0xda>
100029d2:	429a      	cmp	r2, r3
100029d4:	d0db      	beq.n	1000298e <sleep_until+0x8e>
100029d6:	2301      	movs	r3, #1
100029d8:	e7dc      	b.n	10002994 <sleep_until+0x94>
100029da:	2301      	movs	r3, #1
100029dc:	e7da      	b.n	10002994 <sleep_until+0x94>
100029de:	46c0      	nop			; (mov r8, r8)
100029e0:	10009fbc 	.word	0x10009fbc
100029e4:	10009c98 	.word	0x10009c98
100029e8:	1000a024 	.word	0x1000a024
100029ec:	10009cb4 	.word	0x10009cb4
100029f0:	10001ff5 	.word	0x10001ff5
100029f4:	2000111c 	.word	0x2000111c
100029f8:	40054000 	.word	0x40054000

100029fc <sleep_us>:
100029fc:	b570      	push	{r4, r5, r6, lr}
100029fe:	0004      	movs	r4, r0
10002a00:	000d      	movs	r5, r1
10002a02:	f000 f8db 	bl	10002bbc <time_us_64>
10002a06:	0002      	movs	r2, r0
10002a08:	1e0b      	subs	r3, r1, #0
10002a0a:	db0a      	blt.n	10002a22 <sleep_us+0x26>
10002a0c:	0020      	movs	r0, r4
10002a0e:	0029      	movs	r1, r5
10002a10:	1880      	adds	r0, r0, r2
10002a12:	4159      	adcs	r1, r3
10002a14:	2900      	cmp	r1, #0
10002a16:	db0a      	blt.n	10002a2e <sleep_us+0x32>
10002a18:	2900      	cmp	r1, #0
10002a1a:	db0c      	blt.n	10002a36 <sleep_us+0x3a>
10002a1c:	f7ff ff70 	bl	10002900 <sleep_until>
10002a20:	bd70      	pop	{r4, r5, r6, pc}
10002a22:	4b08      	ldr	r3, [pc, #32]	; (10002a44 <sleep_us+0x48>)
10002a24:	4a08      	ldr	r2, [pc, #32]	; (10002a48 <sleep_us+0x4c>)
10002a26:	213f      	movs	r1, #63	; 0x3f
10002a28:	4808      	ldr	r0, [pc, #32]	; (10002a4c <sleep_us+0x50>)
10002a2a:	f000 fead 	bl	10003788 <__assert_func>
10002a2e:	2001      	movs	r0, #1
10002a30:	4240      	negs	r0, r0
10002a32:	4907      	ldr	r1, [pc, #28]	; (10002a50 <sleep_us+0x54>)
10002a34:	e7f0      	b.n	10002a18 <sleep_us+0x1c>
10002a36:	4b03      	ldr	r3, [pc, #12]	; (10002a44 <sleep_us+0x48>)
10002a38:	4a03      	ldr	r2, [pc, #12]	; (10002a48 <sleep_us+0x4c>)
10002a3a:	213f      	movs	r1, #63	; 0x3f
10002a3c:	4803      	ldr	r0, [pc, #12]	; (10002a4c <sleep_us+0x50>)
10002a3e:	f000 fea3 	bl	10003788 <__assert_func>
10002a42:	46c0      	nop			; (mov r8, r8)
10002a44:	10009c98 	.word	0x10009c98
10002a48:	1000a024 	.word	0x1000a024
10002a4c:	10009cb4 	.word	0x10009cb4
10002a50:	7fffffff 	.word	0x7fffffff

10002a54 <sleep_ms>:
10002a54:	b510      	push	{r4, lr}
10002a56:	22fa      	movs	r2, #250	; 0xfa
10002a58:	0092      	lsls	r2, r2, #2
10002a5a:	2300      	movs	r3, #0
10002a5c:	2100      	movs	r1, #0
10002a5e:	f002 ff63 	bl	10005928 <__wrap___aeabi_lmul>
10002a62:	f7ff ffcb 	bl	100029fc <sleep_us>
10002a66:	bd10      	pop	{r4, pc}

10002a68 <best_effort_wfe_or_timeout>:
10002a68:	b570      	push	{r4, r5, r6, lr}
10002a6a:	b084      	sub	sp, #16
10002a6c:	0005      	movs	r5, r0
10002a6e:	000c      	movs	r4, r1
10002a70:	f3ef 8305 	mrs	r3, IPSR
10002a74:	2b00      	cmp	r3, #0
10002a76:	d11e      	bne.n	10002ab6 <best_effort_wfe_or_timeout+0x4e>
10002a78:	f7ff fdfc 	bl	10002674 <alarm_pool_get_default>
10002a7c:	2300      	movs	r3, #0
10002a7e:	9302      	str	r3, [sp, #8]
10002a80:	9301      	str	r3, [sp, #4]
10002a82:	4b22      	ldr	r3, [pc, #136]	; (10002b0c <best_effort_wfe_or_timeout+0xa4>)
10002a84:	9300      	str	r3, [sp, #0]
10002a86:	002a      	movs	r2, r5
10002a88:	0023      	movs	r3, r4
10002a8a:	f7ff fe09 	bl	100026a0 <alarm_pool_add_alarm_at>
10002a8e:	1e06      	subs	r6, r0, #0
10002a90:	dd23      	ble.n	10002ada <best_effort_wfe_or_timeout+0x72>
10002a92:	bf20      	wfe
10002a94:	f7ff fdee 	bl	10002674 <alarm_pool_get_default>
10002a98:	0031      	movs	r1, r6
10002a9a:	f7ff feb5 	bl	10002808 <alarm_pool_cancel_alarm>
10002a9e:	4b1c      	ldr	r3, [pc, #112]	; (10002b10 <best_effort_wfe_or_timeout+0xa8>)
10002aa0:	6a5b      	ldr	r3, [r3, #36]	; 0x24
10002aa2:	429c      	cmp	r4, r3
10002aa4:	d82d      	bhi.n	10002b02 <best_effort_wfe_or_timeout+0x9a>
10002aa6:	4a1a      	ldr	r2, [pc, #104]	; (10002b10 <best_effort_wfe_or_timeout+0xa8>)
10002aa8:	6a92      	ldr	r2, [r2, #40]	; 0x28
10002aaa:	42aa      	cmp	r2, r5
10002aac:	d22c      	bcs.n	10002b08 <best_effort_wfe_or_timeout+0xa0>
10002aae:	429c      	cmp	r4, r3
10002ab0:	d025      	beq.n	10002afe <best_effort_wfe_or_timeout+0x96>
10002ab2:	2001      	movs	r0, #1
10002ab4:	e026      	b.n	10002b04 <best_effort_wfe_or_timeout+0x9c>
10002ab6:	4b16      	ldr	r3, [pc, #88]	; (10002b10 <best_effort_wfe_or_timeout+0xa8>)
10002ab8:	6a5b      	ldr	r3, [r3, #36]	; 0x24
10002aba:	4299      	cmp	r1, r3
10002abc:	d809      	bhi.n	10002ad2 <best_effort_wfe_or_timeout+0x6a>
10002abe:	4a14      	ldr	r2, [pc, #80]	; (10002b10 <best_effort_wfe_or_timeout+0xa8>)
10002ac0:	6a92      	ldr	r2, [r2, #40]	; 0x28
10002ac2:	4282      	cmp	r2, r0
10002ac4:	d207      	bcs.n	10002ad6 <best_effort_wfe_or_timeout+0x6e>
10002ac6:	4299      	cmp	r1, r3
10002ac8:	d001      	beq.n	10002ace <best_effort_wfe_or_timeout+0x66>
10002aca:	2001      	movs	r0, #1
10002acc:	e01a      	b.n	10002b04 <best_effort_wfe_or_timeout+0x9c>
10002ace:	2000      	movs	r0, #0
10002ad0:	e018      	b.n	10002b04 <best_effort_wfe_or_timeout+0x9c>
10002ad2:	2000      	movs	r0, #0
10002ad4:	e016      	b.n	10002b04 <best_effort_wfe_or_timeout+0x9c>
10002ad6:	2001      	movs	r0, #1
10002ad8:	e014      	b.n	10002b04 <best_effort_wfe_or_timeout+0x9c>
10002ada:	4b0d      	ldr	r3, [pc, #52]	; (10002b10 <best_effort_wfe_or_timeout+0xa8>)
10002adc:	6a5b      	ldr	r3, [r3, #36]	; 0x24
10002ade:	429c      	cmp	r4, r3
10002ae0:	d809      	bhi.n	10002af6 <best_effort_wfe_or_timeout+0x8e>
10002ae2:	4a0b      	ldr	r2, [pc, #44]	; (10002b10 <best_effort_wfe_or_timeout+0xa8>)
10002ae4:	6a92      	ldr	r2, [r2, #40]	; 0x28
10002ae6:	42aa      	cmp	r2, r5
10002ae8:	d207      	bcs.n	10002afa <best_effort_wfe_or_timeout+0x92>
10002aea:	429c      	cmp	r4, r3
10002aec:	d001      	beq.n	10002af2 <best_effort_wfe_or_timeout+0x8a>
10002aee:	2001      	movs	r0, #1
10002af0:	e008      	b.n	10002b04 <best_effort_wfe_or_timeout+0x9c>
10002af2:	2000      	movs	r0, #0
10002af4:	e006      	b.n	10002b04 <best_effort_wfe_or_timeout+0x9c>
10002af6:	2000      	movs	r0, #0
10002af8:	e004      	b.n	10002b04 <best_effort_wfe_or_timeout+0x9c>
10002afa:	2001      	movs	r0, #1
10002afc:	e002      	b.n	10002b04 <best_effort_wfe_or_timeout+0x9c>
10002afe:	2000      	movs	r0, #0
10002b00:	e000      	b.n	10002b04 <best_effort_wfe_or_timeout+0x9c>
10002b02:	2000      	movs	r0, #0
10002b04:	b004      	add	sp, #16
10002b06:	bd70      	pop	{r4, r5, r6, pc}
10002b08:	2001      	movs	r0, #1
10002b0a:	e7fb      	b.n	10002b04 <best_effort_wfe_or_timeout+0x9c>
10002b0c:	10001ff5 	.word	0x10001ff5
10002b10:	40054000 	.word	0x40054000

10002b14 <hardware_alarm_irq_handler>:
10002b14:	b570      	push	{r4, r5, r6, lr}
10002b16:	f3ef 8005 	mrs	r0, IPSR
10002b1a:	3810      	subs	r0, #16
10002b1c:	f3ef 8c10 	mrs	ip, PRIMASK
10002b20:	b672      	cpsid	i
10002b22:	4b1a      	ldr	r3, [pc, #104]	; (10002b8c <hardware_alarm_irq_handler+0x78>)
10002b24:	681b      	ldr	r3, [r3, #0]
10002b26:	2b00      	cmp	r3, #0
10002b28:	d0fb      	beq.n	10002b22 <hardware_alarm_irq_handler+0xe>
10002b2a:	f3bf 8f5f 	dmb	sy
10002b2e:	2201      	movs	r2, #1
10002b30:	0013      	movs	r3, r2
10002b32:	4083      	lsls	r3, r0
10002b34:	4916      	ldr	r1, [pc, #88]	; (10002b90 <hardware_alarm_irq_handler+0x7c>)
10002b36:	634b      	str	r3, [r1, #52]	; 0x34
10002b38:	4916      	ldr	r1, [pc, #88]	; (10002b94 <hardware_alarm_irq_handler+0x80>)
10002b3a:	600b      	str	r3, [r1, #0]
10002b3c:	4916      	ldr	r1, [pc, #88]	; (10002b98 <hardware_alarm_irq_handler+0x84>)
10002b3e:	7809      	ldrb	r1, [r1, #0]
10002b40:	000c      	movs	r4, r1
10002b42:	40c4      	lsrs	r4, r0
10002b44:	4222      	tst	r2, r4
10002b46:	d014      	beq.n	10002b72 <hardware_alarm_irq_handler+0x5e>
10002b48:	4a11      	ldr	r2, [pc, #68]	; (10002b90 <hardware_alarm_irq_handler+0x7c>)
10002b4a:	6a54      	ldr	r4, [r2, #36]	; 0x24
10002b4c:	0082      	lsls	r2, r0, #2
10002b4e:	4d13      	ldr	r5, [pc, #76]	; (10002b9c <hardware_alarm_irq_handler+0x88>)
10002b50:	5952      	ldr	r2, [r2, r5]
10002b52:	4294      	cmp	r4, r2
10002b54:	d306      	bcc.n	10002b64 <hardware_alarm_irq_handler+0x50>
10002b56:	0082      	lsls	r2, r0, #2
10002b58:	4c11      	ldr	r4, [pc, #68]	; (10002ba0 <hardware_alarm_irq_handler+0x8c>)
10002b5a:	5912      	ldr	r2, [r2, r4]
10002b5c:	4399      	bics	r1, r3
10002b5e:	4b0e      	ldr	r3, [pc, #56]	; (10002b98 <hardware_alarm_irq_handler+0x84>)
10002b60:	7019      	strb	r1, [r3, #0]
10002b62:	e007      	b.n	10002b74 <hardware_alarm_irq_handler+0x60>
10002b64:	4a0a      	ldr	r2, [pc, #40]	; (10002b90 <hardware_alarm_irq_handler+0x7c>)
10002b66:	1d03      	adds	r3, r0, #4
10002b68:	009b      	lsls	r3, r3, #2
10002b6a:	5899      	ldr	r1, [r3, r2]
10002b6c:	5099      	str	r1, [r3, r2]
10002b6e:	2200      	movs	r2, #0
10002b70:	e000      	b.n	10002b74 <hardware_alarm_irq_handler+0x60>
10002b72:	2200      	movs	r2, #0
10002b74:	f3bf 8f5f 	dmb	sy
10002b78:	4b04      	ldr	r3, [pc, #16]	; (10002b8c <hardware_alarm_irq_handler+0x78>)
10002b7a:	2100      	movs	r1, #0
10002b7c:	6019      	str	r1, [r3, #0]
10002b7e:	f38c 8810 	msr	PRIMASK, ip
10002b82:	2a00      	cmp	r2, #0
10002b84:	d000      	beq.n	10002b88 <hardware_alarm_irq_handler+0x74>
10002b86:	4790      	blx	r2
10002b88:	bd70      	pop	{r4, r5, r6, pc}
10002b8a:	46c0      	nop			; (mov r8, r8)
10002b8c:	d0000128 	.word	0xd0000128
10002b90:	40054000 	.word	0x40054000
10002b94:	4005703c 	.word	0x4005703c
10002b98:	2000113c 	.word	0x2000113c
10002b9c:	20001120 	.word	0x20001120
10002ba0:	20000e1c 	.word	0x20000e1c

10002ba4 <hardware_alarm_claim>:
10002ba4:	b510      	push	{r4, lr}
10002ba6:	0001      	movs	r1, r0
10002ba8:	4a02      	ldr	r2, [pc, #8]	; (10002bb4 <hardware_alarm_claim+0x10>)
10002baa:	4803      	ldr	r0, [pc, #12]	; (10002bb8 <hardware_alarm_claim+0x14>)
10002bac:	f7fe ff9c 	bl	10001ae8 <hw_claim_or_assert>
10002bb0:	bd10      	pop	{r4, pc}
10002bb2:	46c0      	nop			; (mov r8, r8)
10002bb4:	1000a0e8 	.word	0x1000a0e8
10002bb8:	2000113a 	.word	0x2000113a

10002bbc <time_us_64>:
10002bbc:	4b04      	ldr	r3, [pc, #16]	; (10002bd0 <time_us_64+0x14>)
10002bbe:	6a5b      	ldr	r3, [r3, #36]	; 0x24
10002bc0:	4a03      	ldr	r2, [pc, #12]	; (10002bd0 <time_us_64+0x14>)
10002bc2:	6a90      	ldr	r0, [r2, #40]	; 0x28
10002bc4:	0019      	movs	r1, r3
10002bc6:	6a53      	ldr	r3, [r2, #36]	; 0x24
10002bc8:	4299      	cmp	r1, r3
10002bca:	d1f9      	bne.n	10002bc0 <time_us_64+0x4>
10002bcc:	4770      	bx	lr
10002bce:	46c0      	nop			; (mov r8, r8)
10002bd0:	40054000 	.word	0x40054000

10002bd4 <busy_wait_until>:
10002bd4:	4b08      	ldr	r3, [pc, #32]	; (10002bf8 <busy_wait_until+0x24>)
10002bd6:	6a5b      	ldr	r3, [r3, #36]	; 0x24
10002bd8:	e001      	b.n	10002bde <busy_wait_until+0xa>
10002bda:	4b07      	ldr	r3, [pc, #28]	; (10002bf8 <busy_wait_until+0x24>)
10002bdc:	6a5b      	ldr	r3, [r3, #36]	; 0x24
10002bde:	428b      	cmp	r3, r1
10002be0:	d3fb      	bcc.n	10002bda <busy_wait_until+0x6>
10002be2:	e001      	b.n	10002be8 <busy_wait_until+0x14>
10002be4:	4b04      	ldr	r3, [pc, #16]	; (10002bf8 <busy_wait_until+0x24>)
10002be6:	6a5b      	ldr	r3, [r3, #36]	; 0x24
10002be8:	428b      	cmp	r3, r1
10002bea:	d103      	bne.n	10002bf4 <busy_wait_until+0x20>
10002bec:	4b02      	ldr	r3, [pc, #8]	; (10002bf8 <busy_wait_until+0x24>)
10002bee:	6a9b      	ldr	r3, [r3, #40]	; 0x28
10002bf0:	4283      	cmp	r3, r0
10002bf2:	d3f7      	bcc.n	10002be4 <busy_wait_until+0x10>
10002bf4:	4770      	bx	lr
10002bf6:	46c0      	nop			; (mov r8, r8)
10002bf8:	40054000 	.word	0x40054000

10002bfc <busy_wait_us>:
10002bfc:	b570      	push	{r4, r5, r6, lr}
10002bfe:	0004      	movs	r4, r0
10002c00:	000d      	movs	r5, r1
10002c02:	f7ff ffdb 	bl	10002bbc <time_us_64>
10002c06:	0002      	movs	r2, r0
10002c08:	000b      	movs	r3, r1
10002c0a:	0020      	movs	r0, r4
10002c0c:	0029      	movs	r1, r5
10002c0e:	1880      	adds	r0, r0, r2
10002c10:	4159      	adcs	r1, r3
10002c12:	428b      	cmp	r3, r1
10002c14:	d802      	bhi.n	10002c1c <busy_wait_us+0x20>
10002c16:	d104      	bne.n	10002c22 <busy_wait_us+0x26>
10002c18:	4282      	cmp	r2, r0
10002c1a:	d902      	bls.n	10002c22 <busy_wait_us+0x26>
10002c1c:	2001      	movs	r0, #1
10002c1e:	4240      	negs	r0, r0
10002c20:	17c1      	asrs	r1, r0, #31
10002c22:	2900      	cmp	r1, #0
10002c24:	db02      	blt.n	10002c2c <busy_wait_us+0x30>
10002c26:	f7ff ffd5 	bl	10002bd4 <busy_wait_until>
10002c2a:	bd70      	pop	{r4, r5, r6, pc}
10002c2c:	4b02      	ldr	r3, [pc, #8]	; (10002c38 <busy_wait_us+0x3c>)
10002c2e:	4a03      	ldr	r2, [pc, #12]	; (10002c3c <busy_wait_us+0x40>)
10002c30:	213f      	movs	r1, #63	; 0x3f
10002c32:	4803      	ldr	r0, [pc, #12]	; (10002c40 <busy_wait_us+0x44>)
10002c34:	f000 fda8 	bl	10003788 <__assert_func>
10002c38:	10009c98 	.word	0x10009c98
10002c3c:	1000a1ac 	.word	0x1000a1ac
10002c40:	10009cb4 	.word	0x10009cb4

10002c44 <hardware_alarm_set_callback>:
10002c44:	b570      	push	{r4, r5, r6, lr}
10002c46:	0004      	movs	r4, r0
10002c48:	000d      	movs	r5, r1
10002c4a:	f3ef 8610 	mrs	r6, PRIMASK
10002c4e:	b672      	cpsid	i
10002c50:	4b1b      	ldr	r3, [pc, #108]	; (10002cc0 <hardware_alarm_set_callback+0x7c>)
10002c52:	681b      	ldr	r3, [r3, #0]
10002c54:	2b00      	cmp	r3, #0
10002c56:	d0fb      	beq.n	10002c50 <hardware_alarm_set_callback+0xc>
10002c58:	f3bf 8f5f 	dmb	sy
10002c5c:	2d00      	cmp	r5, #0
10002c5e:	d01c      	beq.n	10002c9a <hardware_alarm_set_callback+0x56>
10002c60:	0020      	movs	r0, r4
10002c62:	f7fe fff5 	bl	10001c50 <irq_get_vtable_handler>
10002c66:	4b17      	ldr	r3, [pc, #92]	; (10002cc4 <hardware_alarm_set_callback+0x80>)
10002c68:	4283      	cmp	r3, r0
10002c6a:	d00b      	beq.n	10002c84 <hardware_alarm_set_callback+0x40>
10002c6c:	0019      	movs	r1, r3
10002c6e:	0020      	movs	r0, r4
10002c70:	f7fe fff6 	bl	10001c60 <irq_set_exclusive_handler>
10002c74:	2101      	movs	r1, #1
10002c76:	0020      	movs	r0, r4
10002c78:	f7fe ffe2 	bl	10001c40 <irq_set_enabled>
10002c7c:	2301      	movs	r3, #1
10002c7e:	40a3      	lsls	r3, r4
10002c80:	4a11      	ldr	r2, [pc, #68]	; (10002cc8 <hardware_alarm_set_callback+0x84>)
10002c82:	6013      	str	r3, [r2, #0]
10002c84:	00a4      	lsls	r4, r4, #2
10002c86:	4b11      	ldr	r3, [pc, #68]	; (10002ccc <hardware_alarm_set_callback+0x88>)
10002c88:	50e5      	str	r5, [r4, r3]
10002c8a:	f3bf 8f5f 	dmb	sy
10002c8e:	4b0c      	ldr	r3, [pc, #48]	; (10002cc0 <hardware_alarm_set_callback+0x7c>)
10002c90:	2200      	movs	r2, #0
10002c92:	601a      	str	r2, [r3, #0]
10002c94:	f386 8810 	msr	PRIMASK, r6
10002c98:	bd70      	pop	{r4, r5, r6, pc}
10002c9a:	00a2      	lsls	r2, r4, #2
10002c9c:	4b0b      	ldr	r3, [pc, #44]	; (10002ccc <hardware_alarm_set_callback+0x88>)
10002c9e:	2100      	movs	r1, #0
10002ca0:	50d1      	str	r1, [r2, r3]
10002ca2:	2201      	movs	r2, #1
10002ca4:	40a2      	lsls	r2, r4
10002ca6:	490a      	ldr	r1, [pc, #40]	; (10002cd0 <hardware_alarm_set_callback+0x8c>)
10002ca8:	780b      	ldrb	r3, [r1, #0]
10002caa:	4393      	bics	r3, r2
10002cac:	700b      	strb	r3, [r1, #0]
10002cae:	4905      	ldr	r1, [pc, #20]	; (10002cc4 <hardware_alarm_set_callback+0x80>)
10002cb0:	0020      	movs	r0, r4
10002cb2:	f7fe ffff 	bl	10001cb4 <irq_remove_handler>
10002cb6:	2100      	movs	r1, #0
10002cb8:	0020      	movs	r0, r4
10002cba:	f7fe ffc1 	bl	10001c40 <irq_set_enabled>
10002cbe:	e7e4      	b.n	10002c8a <hardware_alarm_set_callback+0x46>
10002cc0:	d0000128 	.word	0xd0000128
10002cc4:	10002b15 	.word	0x10002b15
10002cc8:	40056038 	.word	0x40056038
10002ccc:	20000e1c 	.word	0x20000e1c
10002cd0:	2000113c 	.word	0x2000113c

10002cd4 <hardware_alarm_set_target>:
10002cd4:	b5f0      	push	{r4, r5, r6, r7, lr}
10002cd6:	46de      	mov	lr, fp
10002cd8:	b500      	push	{lr}
10002cda:	b084      	sub	sp, #16
10002cdc:	0004      	movs	r4, r0
10002cde:	0015      	movs	r5, r2
10002ce0:	9201      	str	r2, [sp, #4]
10002ce2:	001e      	movs	r6, r3
10002ce4:	9302      	str	r3, [sp, #8]
10002ce6:	f7ff ff69 	bl	10002bbc <time_us_64>
10002cea:	9503      	str	r5, [sp, #12]
10002cec:	428e      	cmp	r6, r1
10002cee:	d802      	bhi.n	10002cf6 <hardware_alarm_set_target+0x22>
10002cf0:	d14e      	bne.n	10002d90 <hardware_alarm_set_target+0xbc>
10002cf2:	4285      	cmp	r5, r0
10002cf4:	d94c      	bls.n	10002d90 <hardware_alarm_set_target+0xbc>
10002cf6:	f3ef 8b10 	mrs	fp, PRIMASK
10002cfa:	b672      	cpsid	i
10002cfc:	4b27      	ldr	r3, [pc, #156]	; (10002d9c <hardware_alarm_set_target+0xc8>)
10002cfe:	681b      	ldr	r3, [r3, #0]
10002d00:	2b00      	cmp	r3, #0
10002d02:	d0fb      	beq.n	10002cfc <hardware_alarm_set_target+0x28>
10002d04:	f3bf 8f5f 	dmb	sy
10002d08:	4a25      	ldr	r2, [pc, #148]	; (10002da0 <hardware_alarm_set_target+0xcc>)
10002d0a:	7817      	ldrb	r7, [r2, #0]
10002d0c:	2501      	movs	r5, #1
10002d0e:	40a5      	lsls	r5, r4
10002d10:	b2eb      	uxtb	r3, r5
10002d12:	433b      	orrs	r3, r7
10002d14:	7013      	strb	r3, [r2, #0]
10002d16:	4b23      	ldr	r3, [pc, #140]	; (10002da4 <hardware_alarm_set_target+0xd0>)
10002d18:	635d      	str	r5, [r3, #52]	; 0x34
10002d1a:	1d22      	adds	r2, r4, #4
10002d1c:	0092      	lsls	r2, r2, #2
10002d1e:	9901      	ldr	r1, [sp, #4]
10002d20:	50d1      	str	r1, [r2, r3]
10002d22:	00a2      	lsls	r2, r4, #2
10002d24:	4920      	ldr	r1, [pc, #128]	; (10002da8 <hardware_alarm_set_target+0xd4>)
10002d26:	9802      	ldr	r0, [sp, #8]
10002d28:	5050      	str	r0, [r2, r1]
10002d2a:	6a1b      	ldr	r3, [r3, #32]
10002d2c:	422b      	tst	r3, r5
10002d2e:	d112      	bne.n	10002d56 <hardware_alarm_set_target+0x82>
10002d30:	4b1c      	ldr	r3, [pc, #112]	; (10002da4 <hardware_alarm_set_target+0xd0>)
10002d32:	6c1b      	ldr	r3, [r3, #64]	; 0x40
10002d34:	422b      	tst	r3, r5
10002d36:	d008      	beq.n	10002d4a <hardware_alarm_set_target+0x76>
10002d38:	2000      	movs	r0, #0
10002d3a:	f3bf 8f5f 	dmb	sy
10002d3e:	4b17      	ldr	r3, [pc, #92]	; (10002d9c <hardware_alarm_set_target+0xc8>)
10002d40:	2200      	movs	r2, #0
10002d42:	601a      	str	r2, [r3, #0]
10002d44:	f38b 8810 	msr	PRIMASK, fp
10002d48:	e023      	b.n	10002d92 <hardware_alarm_set_target+0xbe>
10002d4a:	4b18      	ldr	r3, [pc, #96]	; (10002dac <hardware_alarm_set_target+0xd8>)
10002d4c:	4a18      	ldr	r2, [pc, #96]	; (10002db0 <hardware_alarm_set_target+0xdc>)
10002d4e:	21c5      	movs	r1, #197	; 0xc5
10002d50:	4818      	ldr	r0, [pc, #96]	; (10002db4 <hardware_alarm_set_target+0xe0>)
10002d52:	f000 fd19 	bl	10003788 <__assert_func>
10002d56:	f7ff ff31 	bl	10002bbc <time_us_64>
10002d5a:	428e      	cmp	r6, r1
10002d5c:	d814      	bhi.n	10002d88 <hardware_alarm_set_target+0xb4>
10002d5e:	d102      	bne.n	10002d66 <hardware_alarm_set_target+0x92>
10002d60:	9b03      	ldr	r3, [sp, #12]
10002d62:	4283      	cmp	r3, r0
10002d64:	d810      	bhi.n	10002d88 <hardware_alarm_set_target+0xb4>
10002d66:	4b0e      	ldr	r3, [pc, #56]	; (10002da0 <hardware_alarm_set_target+0xcc>)
10002d68:	781b      	ldrb	r3, [r3, #0]
10002d6a:	42bb      	cmp	r3, r7
10002d6c:	d00e      	beq.n	10002d8c <hardware_alarm_set_target+0xb8>
10002d6e:	4b0d      	ldr	r3, [pc, #52]	; (10002da4 <hardware_alarm_set_target+0xd0>)
10002d70:	621d      	str	r5, [r3, #32]
10002d72:	635d      	str	r5, [r3, #52]	; 0x34
10002d74:	201f      	movs	r0, #31
10002d76:	4004      	ands	r4, r0
10002d78:	2301      	movs	r3, #1
10002d7a:	40a3      	lsls	r3, r4
10002d7c:	4a0e      	ldr	r2, [pc, #56]	; (10002db8 <hardware_alarm_set_target+0xe4>)
10002d7e:	6013      	str	r3, [r2, #0]
10002d80:	4b07      	ldr	r3, [pc, #28]	; (10002da0 <hardware_alarm_set_target+0xcc>)
10002d82:	701f      	strb	r7, [r3, #0]
10002d84:	381e      	subs	r0, #30
10002d86:	e7d8      	b.n	10002d3a <hardware_alarm_set_target+0x66>
10002d88:	2000      	movs	r0, #0
10002d8a:	e7d6      	b.n	10002d3a <hardware_alarm_set_target+0x66>
10002d8c:	2001      	movs	r0, #1
10002d8e:	e7d4      	b.n	10002d3a <hardware_alarm_set_target+0x66>
10002d90:	2001      	movs	r0, #1
10002d92:	b004      	add	sp, #16
10002d94:	bc80      	pop	{r7}
10002d96:	46bb      	mov	fp, r7
10002d98:	bdf0      	pop	{r4, r5, r6, r7, pc}
10002d9a:	46c0      	nop			; (mov r8, r8)
10002d9c:	d0000128 	.word	0xd0000128
10002da0:	2000113c 	.word	0x2000113c
10002da4:	40054000 	.word	0x40054000
10002da8:	20001120 	.word	0x20001120
10002dac:	1000a10c 	.word	0x1000a10c
10002db0:	1000a190 	.word	0x1000a190
10002db4:	1000a130 	.word	0x1000a130
10002db8:	e000e280 	.word	0xe000e280

10002dbc <hardware_alarm_cancel>:
10002dbc:	f3ef 8c10 	mrs	ip, PRIMASK
10002dc0:	b672      	cpsid	i
10002dc2:	4b0b      	ldr	r3, [pc, #44]	; (10002df0 <hardware_alarm_cancel+0x34>)
10002dc4:	681b      	ldr	r3, [r3, #0]
10002dc6:	2b00      	cmp	r3, #0
10002dc8:	d0fb      	beq.n	10002dc2 <hardware_alarm_cancel+0x6>
10002dca:	f3bf 8f5f 	dmb	sy
10002dce:	2301      	movs	r3, #1
10002dd0:	4083      	lsls	r3, r0
10002dd2:	4a08      	ldr	r2, [pc, #32]	; (10002df4 <hardware_alarm_cancel+0x38>)
10002dd4:	6213      	str	r3, [r2, #32]
10002dd6:	4908      	ldr	r1, [pc, #32]	; (10002df8 <hardware_alarm_cancel+0x3c>)
10002dd8:	780a      	ldrb	r2, [r1, #0]
10002dda:	439a      	bics	r2, r3
10002ddc:	700a      	strb	r2, [r1, #0]
10002dde:	f3bf 8f5f 	dmb	sy
10002de2:	4b03      	ldr	r3, [pc, #12]	; (10002df0 <hardware_alarm_cancel+0x34>)
10002de4:	2200      	movs	r2, #0
10002de6:	601a      	str	r2, [r3, #0]
10002de8:	f38c 8810 	msr	PRIMASK, ip
10002dec:	4770      	bx	lr
10002dee:	46c0      	nop			; (mov r8, r8)
10002df0:	d0000128 	.word	0xd0000128
10002df4:	40054000 	.word	0x40054000
10002df8:	2000113c 	.word	0x2000113c

10002dfc <ph_add_child_node>:
10002dfc:	b510      	push	{r4, lr}
10002dfe:	2900      	cmp	r1, #0
10002e00:	d01e      	beq.n	10002e40 <ph_add_child_node+0x44>
10002e02:	7b03      	ldrb	r3, [r0, #12]
10002e04:	4299      	cmp	r1, r3
10002e06:	d81b      	bhi.n	10002e40 <ph_add_child_node+0x44>
10002e08:	004b      	lsls	r3, r1, #1
10002e0a:	185b      	adds	r3, r3, r1
10002e0c:	3b03      	subs	r3, #3
10002e0e:	6804      	ldr	r4, [r0, #0]
10002e10:	46a4      	mov	ip, r4
10002e12:	4463      	add	r3, ip
10002e14:	2900      	cmp	r1, #0
10002e16:	d019      	beq.n	10002e4c <ph_add_child_node+0x50>
10002e18:	2a00      	cmp	r2, #0
10002e1a:	d01d      	beq.n	10002e58 <ph_add_child_node+0x5c>
10002e1c:	4291      	cmp	r1, r2
10002e1e:	d021      	beq.n	10002e64 <ph_add_child_node+0x68>
10002e20:	2a00      	cmp	r2, #0
10002e22:	d025      	beq.n	10002e70 <ph_add_child_node+0x74>
10002e24:	7b04      	ldrb	r4, [r0, #12]
10002e26:	42a2      	cmp	r2, r4
10002e28:	d822      	bhi.n	10002e70 <ph_add_child_node+0x74>
10002e2a:	6804      	ldr	r4, [r0, #0]
10002e2c:	0050      	lsls	r0, r2, #1
10002e2e:	1880      	adds	r0, r0, r2
10002e30:	3803      	subs	r0, #3
10002e32:	1820      	adds	r0, r4, r0
10002e34:	7081      	strb	r1, [r0, #2]
10002e36:	7819      	ldrb	r1, [r3, #0]
10002e38:	2900      	cmp	r1, #0
10002e3a:	d11f      	bne.n	10002e7c <ph_add_child_node+0x80>
10002e3c:	701a      	strb	r2, [r3, #0]
10002e3e:	bd10      	pop	{r4, pc}
10002e40:	4b10      	ldr	r3, [pc, #64]	; (10002e84 <ph_add_child_node+0x88>)
10002e42:	4a11      	ldr	r2, [pc, #68]	; (10002e88 <ph_add_child_node+0x8c>)
10002e44:	2168      	movs	r1, #104	; 0x68
10002e46:	4811      	ldr	r0, [pc, #68]	; (10002e8c <ph_add_child_node+0x90>)
10002e48:	f000 fc9e 	bl	10003788 <__assert_func>
10002e4c:	4b10      	ldr	r3, [pc, #64]	; (10002e90 <ph_add_child_node+0x94>)
10002e4e:	4a11      	ldr	r2, [pc, #68]	; (10002e94 <ph_add_child_node+0x98>)
10002e50:	316f      	adds	r1, #111	; 0x6f
10002e52:	480e      	ldr	r0, [pc, #56]	; (10002e8c <ph_add_child_node+0x90>)
10002e54:	f000 fc98 	bl	10003788 <__assert_func>
10002e58:	4b0f      	ldr	r3, [pc, #60]	; (10002e98 <ph_add_child_node+0x9c>)
10002e5a:	4a0e      	ldr	r2, [pc, #56]	; (10002e94 <ph_add_child_node+0x98>)
10002e5c:	2170      	movs	r1, #112	; 0x70
10002e5e:	480b      	ldr	r0, [pc, #44]	; (10002e8c <ph_add_child_node+0x90>)
10002e60:	f000 fc92 	bl	10003788 <__assert_func>
10002e64:	4b0d      	ldr	r3, [pc, #52]	; (10002e9c <ph_add_child_node+0xa0>)
10002e66:	4a0b      	ldr	r2, [pc, #44]	; (10002e94 <ph_add_child_node+0x98>)
10002e68:	2171      	movs	r1, #113	; 0x71
10002e6a:	4808      	ldr	r0, [pc, #32]	; (10002e8c <ph_add_child_node+0x90>)
10002e6c:	f000 fc8c 	bl	10003788 <__assert_func>
10002e70:	4b04      	ldr	r3, [pc, #16]	; (10002e84 <ph_add_child_node+0x88>)
10002e72:	4a05      	ldr	r2, [pc, #20]	; (10002e88 <ph_add_child_node+0x8c>)
10002e74:	2168      	movs	r1, #104	; 0x68
10002e76:	4805      	ldr	r0, [pc, #20]	; (10002e8c <ph_add_child_node+0x90>)
10002e78:	f000 fc86 	bl	10003788 <__assert_func>
10002e7c:	7041      	strb	r1, [r0, #1]
10002e7e:	701a      	strb	r2, [r3, #0]
10002e80:	e7dd      	b.n	10002e3e <ph_add_child_node+0x42>
10002e82:	46c0      	nop			; (mov r8, r8)
10002e84:	10009e00 	.word	0x10009e00
10002e88:	1000a2cc 	.word	0x1000a2cc
10002e8c:	10009e1c 	.word	0x10009e1c
10002e90:	10009e84 	.word	0x10009e84
10002e94:	1000a2b8 	.word	0x1000a2b8
10002e98:	10009e90 	.word	0x10009e90
10002e9c:	10009e9c 	.word	0x10009e9c

10002ea0 <ph_merge_nodes>:
10002ea0:	b570      	push	{r4, r5, r6, lr}
10002ea2:	0006      	movs	r6, r0
10002ea4:	000d      	movs	r5, r1
10002ea6:	0014      	movs	r4, r2
10002ea8:	2900      	cmp	r1, #0
10002eaa:	d014      	beq.n	10002ed6 <ph_merge_nodes+0x36>
10002eac:	2a00      	cmp	r2, #0
10002eae:	d014      	beq.n	10002eda <ph_merge_nodes+0x3a>
10002eb0:	6880      	ldr	r0, [r0, #8]
10002eb2:	6873      	ldr	r3, [r6, #4]
10002eb4:	4798      	blx	r3
10002eb6:	2800      	cmp	r0, #0
10002eb8:	d006      	beq.n	10002ec8 <ph_merge_nodes+0x28>
10002eba:	0022      	movs	r2, r4
10002ebc:	0029      	movs	r1, r5
10002ebe:	0030      	movs	r0, r6
10002ec0:	f7ff ff9c 	bl	10002dfc <ph_add_child_node>
10002ec4:	0028      	movs	r0, r5
10002ec6:	e007      	b.n	10002ed8 <ph_merge_nodes+0x38>
10002ec8:	002a      	movs	r2, r5
10002eca:	0021      	movs	r1, r4
10002ecc:	0030      	movs	r0, r6
10002ece:	f7ff ff95 	bl	10002dfc <ph_add_child_node>
10002ed2:	0020      	movs	r0, r4
10002ed4:	e000      	b.n	10002ed8 <ph_merge_nodes+0x38>
10002ed6:	0010      	movs	r0, r2
10002ed8:	bd70      	pop	{r4, r5, r6, pc}
10002eda:	0008      	movs	r0, r1
10002edc:	e7fc      	b.n	10002ed8 <ph_merge_nodes+0x38>
	...

10002ee0 <ph_clear>:
10002ee0:	b510      	push	{r4, lr}
10002ee2:	2300      	movs	r3, #0
10002ee4:	7343      	strb	r3, [r0, #13]
10002ee6:	3301      	adds	r3, #1
10002ee8:	7383      	strb	r3, [r0, #14]
10002eea:	7b03      	ldrb	r3, [r0, #12]
10002eec:	73c3      	strb	r3, [r0, #15]
10002eee:	2301      	movs	r3, #1
10002ef0:	7b02      	ldrb	r2, [r0, #12]
10002ef2:	429a      	cmp	r2, r3
10002ef4:	d914      	bls.n	10002f20 <ph_clear+0x40>
10002ef6:	2b00      	cmp	r3, #0
10002ef8:	d00c      	beq.n	10002f14 <ph_clear+0x34>
10002efa:	7b02      	ldrb	r2, [r0, #12]
10002efc:	4293      	cmp	r3, r2
10002efe:	d809      	bhi.n	10002f14 <ph_clear+0x34>
10002f00:	005a      	lsls	r2, r3, #1
10002f02:	18d2      	adds	r2, r2, r3
10002f04:	3a03      	subs	r2, #3
10002f06:	6801      	ldr	r1, [r0, #0]
10002f08:	468c      	mov	ip, r1
10002f0a:	4462      	add	r2, ip
10002f0c:	3301      	adds	r3, #1
10002f0e:	b2db      	uxtb	r3, r3
10002f10:	7053      	strb	r3, [r2, #1]
10002f12:	e7ed      	b.n	10002ef0 <ph_clear+0x10>
10002f14:	4b0b      	ldr	r3, [pc, #44]	; (10002f44 <ph_clear+0x64>)
10002f16:	4a0c      	ldr	r2, [pc, #48]	; (10002f48 <ph_clear+0x68>)
10002f18:	2168      	movs	r1, #104	; 0x68
10002f1a:	480c      	ldr	r0, [pc, #48]	; (10002f4c <ph_clear+0x6c>)
10002f1c:	f000 fc34 	bl	10003788 <__assert_func>
10002f20:	2a00      	cmp	r2, #0
10002f22:	d009      	beq.n	10002f38 <ph_clear+0x58>
10002f24:	4292      	cmp	r2, r2
10002f26:	d807      	bhi.n	10002f38 <ph_clear+0x58>
10002f28:	6801      	ldr	r1, [r0, #0]
10002f2a:	0053      	lsls	r3, r2, #1
10002f2c:	189a      	adds	r2, r3, r2
10002f2e:	3a03      	subs	r2, #3
10002f30:	188a      	adds	r2, r1, r2
10002f32:	2300      	movs	r3, #0
10002f34:	7053      	strb	r3, [r2, #1]
10002f36:	bd10      	pop	{r4, pc}
10002f38:	4b02      	ldr	r3, [pc, #8]	; (10002f44 <ph_clear+0x64>)
10002f3a:	4a03      	ldr	r2, [pc, #12]	; (10002f48 <ph_clear+0x68>)
10002f3c:	2168      	movs	r1, #104	; 0x68
10002f3e:	4803      	ldr	r0, [pc, #12]	; (10002f4c <ph_clear+0x6c>)
10002f40:	f000 fc22 	bl	10003788 <__assert_func>
10002f44:	10009e00 	.word	0x10009e00
10002f48:	1000a2cc 	.word	0x1000a2cc
10002f4c:	10009e1c 	.word	0x10009e1c

10002f50 <ph_post_alloc_init>:
10002f50:	b510      	push	{r4, lr}
10002f52:	7301      	strb	r1, [r0, #12]
10002f54:	6042      	str	r2, [r0, #4]
10002f56:	6083      	str	r3, [r0, #8]
10002f58:	f7ff ffc2 	bl	10002ee0 <ph_clear>
10002f5c:	bd10      	pop	{r4, pc}
	...

10002f60 <ph_merge_two_pass>:
10002f60:	b570      	push	{r4, r5, r6, lr}
10002f62:	0004      	movs	r4, r0
10002f64:	1e08      	subs	r0, r1, #0
10002f66:	d100      	bne.n	10002f6a <ph_merge_two_pass+0xa>
10002f68:	bd70      	pop	{r4, r5, r6, pc}
10002f6a:	2900      	cmp	r1, #0
10002f6c:	d034      	beq.n	10002fd8 <ph_merge_two_pass+0x78>
10002f6e:	7b23      	ldrb	r3, [r4, #12]
10002f70:	4299      	cmp	r1, r3
10002f72:	d831      	bhi.n	10002fd8 <ph_merge_two_pass+0x78>
10002f74:	004b      	lsls	r3, r1, #1
10002f76:	185b      	adds	r3, r3, r1
10002f78:	3b03      	subs	r3, #3
10002f7a:	6822      	ldr	r2, [r4, #0]
10002f7c:	4694      	mov	ip, r2
10002f7e:	4463      	add	r3, ip
10002f80:	785a      	ldrb	r2, [r3, #1]
10002f82:	2a00      	cmp	r2, #0
10002f84:	d0f0      	beq.n	10002f68 <ph_merge_two_pass+0x8>
10002f86:	d02d      	beq.n	10002fe4 <ph_merge_two_pass+0x84>
10002f88:	7b23      	ldrb	r3, [r4, #12]
10002f8a:	429a      	cmp	r2, r3
10002f8c:	d82a      	bhi.n	10002fe4 <ph_merge_two_pass+0x84>
10002f8e:	0053      	lsls	r3, r2, #1
10002f90:	189b      	adds	r3, r3, r2
10002f92:	3b03      	subs	r3, #3
10002f94:	6821      	ldr	r1, [r4, #0]
10002f96:	468c      	mov	ip, r1
10002f98:	4463      	add	r3, ip
10002f9a:	785d      	ldrb	r5, [r3, #1]
10002f9c:	2100      	movs	r1, #0
10002f9e:	7059      	strb	r1, [r3, #1]
10002fa0:	2800      	cmp	r0, #0
10002fa2:	d025      	beq.n	10002ff0 <ph_merge_two_pass+0x90>
10002fa4:	7b23      	ldrb	r3, [r4, #12]
10002fa6:	4298      	cmp	r0, r3
10002fa8:	d822      	bhi.n	10002ff0 <ph_merge_two_pass+0x90>
10002faa:	0043      	lsls	r3, r0, #1
10002fac:	181b      	adds	r3, r3, r0
10002fae:	3b03      	subs	r3, #3
10002fb0:	6821      	ldr	r1, [r4, #0]
10002fb2:	468c      	mov	ip, r1
10002fb4:	4463      	add	r3, ip
10002fb6:	2100      	movs	r1, #0
10002fb8:	7059      	strb	r1, [r3, #1]
10002fba:	0001      	movs	r1, r0
10002fbc:	0020      	movs	r0, r4
10002fbe:	f7ff ff6f 	bl	10002ea0 <ph_merge_nodes>
10002fc2:	0006      	movs	r6, r0
10002fc4:	0029      	movs	r1, r5
10002fc6:	0020      	movs	r0, r4
10002fc8:	f7ff ffca 	bl	10002f60 <ph_merge_two_pass>
10002fcc:	0002      	movs	r2, r0
10002fce:	0031      	movs	r1, r6
10002fd0:	0020      	movs	r0, r4
10002fd2:	f7ff ff65 	bl	10002ea0 <ph_merge_nodes>
10002fd6:	e7c7      	b.n	10002f68 <ph_merge_two_pass+0x8>
10002fd8:	4b08      	ldr	r3, [pc, #32]	; (10002ffc <ph_merge_two_pass+0x9c>)
10002fda:	4a09      	ldr	r2, [pc, #36]	; (10003000 <ph_merge_two_pass+0xa0>)
10002fdc:	2168      	movs	r1, #104	; 0x68
10002fde:	4809      	ldr	r0, [pc, #36]	; (10003004 <ph_merge_two_pass+0xa4>)
10002fe0:	f000 fbd2 	bl	10003788 <__assert_func>
10002fe4:	4b05      	ldr	r3, [pc, #20]	; (10002ffc <ph_merge_two_pass+0x9c>)
10002fe6:	4a06      	ldr	r2, [pc, #24]	; (10003000 <ph_merge_two_pass+0xa0>)
10002fe8:	2168      	movs	r1, #104	; 0x68
10002fea:	4806      	ldr	r0, [pc, #24]	; (10003004 <ph_merge_two_pass+0xa4>)
10002fec:	f000 fbcc 	bl	10003788 <__assert_func>
10002ff0:	4b02      	ldr	r3, [pc, #8]	; (10002ffc <ph_merge_two_pass+0x9c>)
10002ff2:	4a03      	ldr	r2, [pc, #12]	; (10003000 <ph_merge_two_pass+0xa0>)
10002ff4:	2168      	movs	r1, #104	; 0x68
10002ff6:	4803      	ldr	r0, [pc, #12]	; (10003004 <ph_merge_two_pass+0xa4>)
10002ff8:	f000 fbc6 	bl	10003788 <__assert_func>
10002ffc:	10009e00 	.word	0x10009e00
10003000:	1000a2cc 	.word	0x1000a2cc
10003004:	10009e1c 	.word	0x10009e1c

10003008 <ph_remove_any_head>:
10003008:	b570      	push	{r4, r5, r6, lr}
1000300a:	0005      	movs	r5, r0
1000300c:	000c      	movs	r4, r1
1000300e:	0016      	movs	r6, r2
10003010:	2900      	cmp	r1, #0
10003012:	d02f      	beq.n	10003074 <ph_remove_any_head+0x6c>
10003014:	d034      	beq.n	10003080 <ph_remove_any_head+0x78>
10003016:	7b03      	ldrb	r3, [r0, #12]
10003018:	4299      	cmp	r1, r3
1000301a:	d831      	bhi.n	10003080 <ph_remove_any_head+0x78>
1000301c:	004b      	lsls	r3, r1, #1
1000301e:	185b      	adds	r3, r3, r1
10003020:	3b03      	subs	r3, #3
10003022:	6802      	ldr	r2, [r0, #0]
10003024:	4694      	mov	ip, r2
10003026:	4463      	add	r3, ip
10003028:	785a      	ldrb	r2, [r3, #1]
1000302a:	2a00      	cmp	r2, #0
1000302c:	d12e      	bne.n	1000308c <ph_remove_any_head+0x84>
1000302e:	789a      	ldrb	r2, [r3, #2]
10003030:	2a00      	cmp	r2, #0
10003032:	d131      	bne.n	10003098 <ph_remove_any_head+0x90>
10003034:	7819      	ldrb	r1, [r3, #0]
10003036:	f7ff ff93 	bl	10002f60 <ph_merge_two_pass>
1000303a:	0003      	movs	r3, r0
1000303c:	2e00      	cmp	r6, #0
1000303e:	d00a      	beq.n	10003056 <ph_remove_any_head+0x4e>
10003040:	7bea      	ldrb	r2, [r5, #15]
10003042:	2a00      	cmp	r2, #0
10003044:	d12e      	bne.n	100030a4 <ph_remove_any_head+0x9c>
10003046:	7baa      	ldrb	r2, [r5, #14]
10003048:	2a00      	cmp	r2, #0
1000304a:	d103      	bne.n	10003054 <ph_remove_any_head+0x4c>
1000304c:	7bea      	ldrb	r2, [r5, #15]
1000304e:	2a00      	cmp	r2, #0
10003050:	d13b      	bne.n	100030ca <ph_remove_any_head+0xc2>
10003052:	73ac      	strb	r4, [r5, #14]
10003054:	73ec      	strb	r4, [r5, #15]
10003056:	2b00      	cmp	r3, #0
10003058:	d13d      	bne.n	100030d6 <ph_remove_any_head+0xce>
1000305a:	2c00      	cmp	r4, #0
1000305c:	d04f      	beq.n	100030fe <ph_remove_any_head+0xf6>
1000305e:	7b2b      	ldrb	r3, [r5, #12]
10003060:	429c      	cmp	r4, r3
10003062:	d84c      	bhi.n	100030fe <ph_remove_any_head+0xf6>
10003064:	682b      	ldr	r3, [r5, #0]
10003066:	0061      	lsls	r1, r4, #1
10003068:	190c      	adds	r4, r1, r4
1000306a:	3c03      	subs	r4, #3
1000306c:	191c      	adds	r4, r3, r4
1000306e:	2300      	movs	r3, #0
10003070:	7063      	strb	r3, [r4, #1]
10003072:	bd70      	pop	{r4, r5, r6, pc}
10003074:	4b25      	ldr	r3, [pc, #148]	; (1000310c <ph_remove_any_head+0x104>)
10003076:	4a26      	ldr	r2, [pc, #152]	; (10003110 <ph_remove_any_head+0x108>)
10003078:	2138      	movs	r1, #56	; 0x38
1000307a:	4826      	ldr	r0, [pc, #152]	; (10003114 <ph_remove_any_head+0x10c>)
1000307c:	f000 fb84 	bl	10003788 <__assert_func>
10003080:	4b25      	ldr	r3, [pc, #148]	; (10003118 <ph_remove_any_head+0x110>)
10003082:	4a26      	ldr	r2, [pc, #152]	; (1000311c <ph_remove_any_head+0x114>)
10003084:	2168      	movs	r1, #104	; 0x68
10003086:	4826      	ldr	r0, [pc, #152]	; (10003120 <ph_remove_any_head+0x118>)
10003088:	f000 fb7e 	bl	10003788 <__assert_func>
1000308c:	4b25      	ldr	r3, [pc, #148]	; (10003124 <ph_remove_any_head+0x11c>)
1000308e:	4a20      	ldr	r2, [pc, #128]	; (10003110 <ph_remove_any_head+0x108>)
10003090:	213a      	movs	r1, #58	; 0x3a
10003092:	4820      	ldr	r0, [pc, #128]	; (10003114 <ph_remove_any_head+0x10c>)
10003094:	f000 fb78 	bl	10003788 <__assert_func>
10003098:	4b23      	ldr	r3, [pc, #140]	; (10003128 <ph_remove_any_head+0x120>)
1000309a:	4a1d      	ldr	r2, [pc, #116]	; (10003110 <ph_remove_any_head+0x108>)
1000309c:	213b      	movs	r1, #59	; 0x3b
1000309e:	481d      	ldr	r0, [pc, #116]	; (10003114 <ph_remove_any_head+0x10c>)
100030a0:	f000 fb72 	bl	10003788 <__assert_func>
100030a4:	2a00      	cmp	r2, #0
100030a6:	d00a      	beq.n	100030be <ph_remove_any_head+0xb6>
100030a8:	7b29      	ldrb	r1, [r5, #12]
100030aa:	428a      	cmp	r2, r1
100030ac:	d807      	bhi.n	100030be <ph_remove_any_head+0xb6>
100030ae:	0051      	lsls	r1, r2, #1
100030b0:	188a      	adds	r2, r1, r2
100030b2:	3a03      	subs	r2, #3
100030b4:	6829      	ldr	r1, [r5, #0]
100030b6:	468c      	mov	ip, r1
100030b8:	4462      	add	r2, ip
100030ba:	7054      	strb	r4, [r2, #1]
100030bc:	e7c3      	b.n	10003046 <ph_remove_any_head+0x3e>
100030be:	4b16      	ldr	r3, [pc, #88]	; (10003118 <ph_remove_any_head+0x110>)
100030c0:	4a16      	ldr	r2, [pc, #88]	; (1000311c <ph_remove_any_head+0x114>)
100030c2:	2168      	movs	r1, #104	; 0x68
100030c4:	4816      	ldr	r0, [pc, #88]	; (10003120 <ph_remove_any_head+0x118>)
100030c6:	f000 fb5f 	bl	10003788 <__assert_func>
100030ca:	4b18      	ldr	r3, [pc, #96]	; (1000312c <ph_remove_any_head+0x124>)
100030cc:	4a10      	ldr	r2, [pc, #64]	; (10003110 <ph_remove_any_head+0x108>)
100030ce:	2142      	movs	r1, #66	; 0x42
100030d0:	4810      	ldr	r0, [pc, #64]	; (10003114 <ph_remove_any_head+0x10c>)
100030d2:	f000 fb59 	bl	10003788 <__assert_func>
100030d6:	2b00      	cmp	r3, #0
100030d8:	d00b      	beq.n	100030f2 <ph_remove_any_head+0xea>
100030da:	7b2a      	ldrb	r2, [r5, #12]
100030dc:	4293      	cmp	r3, r2
100030de:	d808      	bhi.n	100030f2 <ph_remove_any_head+0xea>
100030e0:	0043      	lsls	r3, r0, #1
100030e2:	181b      	adds	r3, r3, r0
100030e4:	3b03      	subs	r3, #3
100030e6:	682a      	ldr	r2, [r5, #0]
100030e8:	4694      	mov	ip, r2
100030ea:	4463      	add	r3, ip
100030ec:	2200      	movs	r2, #0
100030ee:	709a      	strb	r2, [r3, #2]
100030f0:	e7b3      	b.n	1000305a <ph_remove_any_head+0x52>
100030f2:	4b09      	ldr	r3, [pc, #36]	; (10003118 <ph_remove_any_head+0x110>)
100030f4:	4a09      	ldr	r2, [pc, #36]	; (1000311c <ph_remove_any_head+0x114>)
100030f6:	2168      	movs	r1, #104	; 0x68
100030f8:	4809      	ldr	r0, [pc, #36]	; (10003120 <ph_remove_any_head+0x118>)
100030fa:	f000 fb45 	bl	10003788 <__assert_func>
100030fe:	4b06      	ldr	r3, [pc, #24]	; (10003118 <ph_remove_any_head+0x110>)
10003100:	4a06      	ldr	r2, [pc, #24]	; (1000311c <ph_remove_any_head+0x114>)
10003102:	2168      	movs	r1, #104	; 0x68
10003104:	4806      	ldr	r0, [pc, #24]	; (10003120 <ph_remove_any_head+0x118>)
10003106:	f000 fb3f 	bl	10003788 <__assert_func>
1000310a:	46c0      	nop			; (mov r8, r8)
1000310c:	1000a1c4 	.word	0x1000a1c4
10003110:	1000a2a4 	.word	0x1000a2a4
10003114:	1000a1cc 	.word	0x1000a1cc
10003118:	10009e00 	.word	0x10009e00
1000311c:	1000a2cc 	.word	0x1000a2cc
10003120:	10009e1c 	.word	0x10009e1c
10003124:	1000a220 	.word	0x1000a220
10003128:	1000a248 	.word	0x1000a248
1000312c:	10009f60 	.word	0x10009f60

10003130 <ph_remove_head>:
10003130:	b570      	push	{r4, r5, r6, lr}
10003132:	0004      	movs	r4, r0
10003134:	000a      	movs	r2, r1
10003136:	7b45      	ldrb	r5, [r0, #13]
10003138:	0029      	movs	r1, r5
1000313a:	f7ff ff65 	bl	10003008 <ph_remove_any_head>
1000313e:	7360      	strb	r0, [r4, #13]
10003140:	0028      	movs	r0, r5
10003142:	bd70      	pop	{r4, r5, r6, pc}

10003144 <ph_remove_and_free_node>:
10003144:	b570      	push	{r4, r5, r6, lr}
10003146:	0004      	movs	r4, r0
10003148:	2900      	cmp	r1, #0
1000314a:	d067      	beq.n	1000321c <ph_remove_and_free_node+0xd8>
1000314c:	7b43      	ldrb	r3, [r0, #13]
1000314e:	428b      	cmp	r3, r1
10003150:	d00e      	beq.n	10003170 <ph_remove_and_free_node+0x2c>
10003152:	2900      	cmp	r1, #0
10003154:	d011      	beq.n	1000317a <ph_remove_and_free_node+0x36>
10003156:	7b03      	ldrb	r3, [r0, #12]
10003158:	4299      	cmp	r1, r3
1000315a:	d80e      	bhi.n	1000317a <ph_remove_and_free_node+0x36>
1000315c:	004b      	lsls	r3, r1, #1
1000315e:	185b      	adds	r3, r3, r1
10003160:	3b03      	subs	r3, #3
10003162:	6802      	ldr	r2, [r0, #0]
10003164:	18d0      	adds	r0, r2, r3
10003166:	7883      	ldrb	r3, [r0, #2]
10003168:	2b00      	cmp	r3, #0
1000316a:	d10c      	bne.n	10003186 <ph_remove_and_free_node+0x42>
1000316c:	2000      	movs	r0, #0
1000316e:	e056      	b.n	1000321e <ph_remove_and_free_node+0xda>
10003170:	2101      	movs	r1, #1
10003172:	f7ff ffdd 	bl	10003130 <ph_remove_head>
10003176:	2001      	movs	r0, #1
10003178:	e051      	b.n	1000321e <ph_remove_and_free_node+0xda>
1000317a:	4b29      	ldr	r3, [pc, #164]	; (10003220 <ph_remove_and_free_node+0xdc>)
1000317c:	4a29      	ldr	r2, [pc, #164]	; (10003224 <ph_remove_and_free_node+0xe0>)
1000317e:	2168      	movs	r1, #104	; 0x68
10003180:	4829      	ldr	r0, [pc, #164]	; (10003228 <ph_remove_and_free_node+0xe4>)
10003182:	f000 fb01 	bl	10003788 <__assert_func>
10003186:	2b00      	cmp	r3, #0
10003188:	d020      	beq.n	100031cc <ph_remove_and_free_node+0x88>
1000318a:	7b22      	ldrb	r2, [r4, #12]
1000318c:	4293      	cmp	r3, r2
1000318e:	d81d      	bhi.n	100031cc <ph_remove_and_free_node+0x88>
10003190:	005a      	lsls	r2, r3, #1
10003192:	18d3      	adds	r3, r2, r3
10003194:	3b03      	subs	r3, #3
10003196:	6822      	ldr	r2, [r4, #0]
10003198:	18d2      	adds	r2, r2, r3
1000319a:	6825      	ldr	r5, [r4, #0]
1000319c:	5ceb      	ldrb	r3, [r5, r3]
1000319e:	428b      	cmp	r3, r1
100031a0:	d01a      	beq.n	100031d8 <ph_remove_and_free_node+0x94>
100031a2:	2b00      	cmp	r3, #0
100031a4:	d01b      	beq.n	100031de <ph_remove_and_free_node+0x9a>
100031a6:	7b22      	ldrb	r2, [r4, #12]
100031a8:	4293      	cmp	r3, r2
100031aa:	d818      	bhi.n	100031de <ph_remove_and_free_node+0x9a>
100031ac:	005a      	lsls	r2, r3, #1
100031ae:	18d3      	adds	r3, r2, r3
100031b0:	3b03      	subs	r3, #3
100031b2:	6822      	ldr	r2, [r4, #0]
100031b4:	18d2      	adds	r2, r2, r3
100031b6:	7853      	ldrb	r3, [r2, #1]
100031b8:	428b      	cmp	r3, r1
100031ba:	d016      	beq.n	100031ea <ph_remove_and_free_node+0xa6>
100031bc:	2b00      	cmp	r3, #0
100031be:	d1f0      	bne.n	100031a2 <ph_remove_and_free_node+0x5e>
100031c0:	4b1a      	ldr	r3, [pc, #104]	; (1000322c <ph_remove_and_free_node+0xe8>)
100031c2:	4a1b      	ldr	r2, [pc, #108]	; (10003230 <ph_remove_and_free_node+0xec>)
100031c4:	216b      	movs	r1, #107	; 0x6b
100031c6:	481b      	ldr	r0, [pc, #108]	; (10003234 <ph_remove_and_free_node+0xf0>)
100031c8:	f000 fade 	bl	10003788 <__assert_func>
100031cc:	4b14      	ldr	r3, [pc, #80]	; (10003220 <ph_remove_and_free_node+0xdc>)
100031ce:	4a15      	ldr	r2, [pc, #84]	; (10003224 <ph_remove_and_free_node+0xe0>)
100031d0:	2168      	movs	r1, #104	; 0x68
100031d2:	4815      	ldr	r0, [pc, #84]	; (10003228 <ph_remove_and_free_node+0xe4>)
100031d4:	f000 fad8 	bl	10003788 <__assert_func>
100031d8:	7843      	ldrb	r3, [r0, #1]
100031da:	7013      	strb	r3, [r2, #0]
100031dc:	e007      	b.n	100031ee <ph_remove_and_free_node+0xaa>
100031de:	4b10      	ldr	r3, [pc, #64]	; (10003220 <ph_remove_and_free_node+0xdc>)
100031e0:	4a10      	ldr	r2, [pc, #64]	; (10003224 <ph_remove_and_free_node+0xe0>)
100031e2:	2168      	movs	r1, #104	; 0x68
100031e4:	4810      	ldr	r0, [pc, #64]	; (10003228 <ph_remove_and_free_node+0xe4>)
100031e6:	f000 facf 	bl	10003788 <__assert_func>
100031ea:	7843      	ldrb	r3, [r0, #1]
100031ec:	7053      	strb	r3, [r2, #1]
100031ee:	2300      	movs	r3, #0
100031f0:	7083      	strb	r3, [r0, #2]
100031f2:	7043      	strb	r3, [r0, #1]
100031f4:	2201      	movs	r2, #1
100031f6:	0020      	movs	r0, r4
100031f8:	f7ff ff06 	bl	10003008 <ph_remove_any_head>
100031fc:	0002      	movs	r2, r0
100031fe:	7b61      	ldrb	r1, [r4, #13]
10003200:	4281      	cmp	r1, r0
10003202:	d005      	beq.n	10003210 <ph_remove_and_free_node+0xcc>
10003204:	0020      	movs	r0, r4
10003206:	f7ff fe4b 	bl	10002ea0 <ph_merge_nodes>
1000320a:	7360      	strb	r0, [r4, #13]
1000320c:	2001      	movs	r0, #1
1000320e:	e006      	b.n	1000321e <ph_remove_and_free_node+0xda>
10003210:	4b09      	ldr	r3, [pc, #36]	; (10003238 <ph_remove_and_free_node+0xf4>)
10003212:	4a07      	ldr	r2, [pc, #28]	; (10003230 <ph_remove_and_free_node+0xec>)
10003214:	2171      	movs	r1, #113	; 0x71
10003216:	4807      	ldr	r0, [pc, #28]	; (10003234 <ph_remove_and_free_node+0xf0>)
10003218:	f000 fab6 	bl	10003788 <__assert_func>
1000321c:	2000      	movs	r0, #0
1000321e:	bd70      	pop	{r4, r5, r6, pc}
10003220:	10009e00 	.word	0x10009e00
10003224:	1000a2cc 	.word	0x1000a2cc
10003228:	10009e1c 	.word	0x10009e1c
1000322c:	10009ba0 	.word	0x10009ba0
10003230:	1000a28c 	.word	0x1000a28c
10003234:	1000a1cc 	.word	0x1000a1cc
10003238:	1000a26c 	.word	0x1000a26c

1000323c <uart_disable_before_lcr_write>:
1000323c:	b570      	push	{r4, r5, r6, lr}
1000323e:	6b04      	ldr	r4, [r0, #48]	; 0x30
10003240:	07e3      	lsls	r3, r4, #31
10003242:	d401      	bmi.n	10003248 <uart_disable_before_lcr_write+0xc>
10003244:	0020      	movs	r0, r4
10003246:	bd70      	pop	{r4, r5, r6, pc}
10003248:	0002      	movs	r2, r0
1000324a:	3230      	adds	r2, #48	; 0x30
1000324c:	23c0      	movs	r3, #192	; 0xc0
1000324e:	019b      	lsls	r3, r3, #6
10003250:	4313      	orrs	r3, r2
10003252:	4a0a      	ldr	r2, [pc, #40]	; (1000327c <uart_disable_before_lcr_write+0x40>)
10003254:	601a      	str	r2, [r3, #0]
10003256:	6a45      	ldr	r5, [r0, #36]	; 0x24
10003258:	6a82      	ldr	r2, [r0, #40]	; 0x28
1000325a:	01ad      	lsls	r5, r5, #6
1000325c:	18ad      	adds	r5, r5, r2
1000325e:	02ad      	lsls	r5, r5, #10
10003260:	2006      	movs	r0, #6
10003262:	f000 f9bd 	bl	100035e0 <clock_get_hz>
10003266:	4906      	ldr	r1, [pc, #24]	; (10003280 <uart_disable_before_lcr_write+0x44>)
10003268:	f001 fc54 	bl	10004b14 <__wrap___aeabi_uidiv>
1000326c:	0001      	movs	r1, r0
1000326e:	0028      	movs	r0, r5
10003270:	f001 fc50 	bl	10004b14 <__wrap___aeabi_uidiv>
10003274:	2100      	movs	r1, #0
10003276:	f7ff fcc1 	bl	10002bfc <busy_wait_us>
1000327a:	e7e3      	b.n	10003244 <uart_disable_before_lcr_write+0x8>
1000327c:	00000301 	.word	0x00000301
10003280:	00000e4e 	.word	0x00000e4e

10003284 <uart_write_lcr_bits_masked>:
10003284:	b570      	push	{r4, r5, r6, lr}
10003286:	0004      	movs	r4, r0
10003288:	000e      	movs	r6, r1
1000328a:	0015      	movs	r5, r2
1000328c:	f7ff ffd6 	bl	1000323c <uart_disable_before_lcr_write>
10003290:	0022      	movs	r2, r4
10003292:	322c      	adds	r2, #44	; 0x2c
10003294:	6ae1      	ldr	r1, [r4, #44]	; 0x2c
10003296:	404e      	eors	r6, r1
10003298:	4035      	ands	r5, r6
1000329a:	2380      	movs	r3, #128	; 0x80
1000329c:	015b      	lsls	r3, r3, #5
1000329e:	4313      	orrs	r3, r2
100032a0:	601d      	str	r5, [r3, #0]
100032a2:	6320      	str	r0, [r4, #48]	; 0x30
100032a4:	bd70      	pop	{r4, r5, r6, pc}
	...

100032a8 <uart_set_baudrate>:
100032a8:	b570      	push	{r4, r5, r6, lr}
100032aa:	0005      	movs	r5, r0
100032ac:	000c      	movs	r4, r1
100032ae:	2006      	movs	r0, #6
100032b0:	f000 f996 	bl	100035e0 <clock_get_hz>
100032b4:	00c0      	lsls	r0, r0, #3
100032b6:	0021      	movs	r1, r4
100032b8:	f001 fc2c 	bl	10004b14 <__wrap___aeabi_uidiv>
100032bc:	09c6      	lsrs	r6, r0, #7
100032be:	d008      	beq.n	100032d2 <uart_set_baudrate+0x2a>
100032c0:	4b0e      	ldr	r3, [pc, #56]	; (100032fc <uart_set_baudrate+0x54>)
100032c2:	429e      	cmp	r6, r3
100032c4:	d816      	bhi.n	100032f4 <uart_set_baudrate+0x4c>
100032c6:	237f      	movs	r3, #127	; 0x7f
100032c8:	4018      	ands	r0, r3
100032ca:	3001      	adds	r0, #1
100032cc:	0034      	movs	r4, r6
100032ce:	0846      	lsrs	r6, r0, #1
100032d0:	e000      	b.n	100032d4 <uart_set_baudrate+0x2c>
100032d2:	2401      	movs	r4, #1
100032d4:	626c      	str	r4, [r5, #36]	; 0x24
100032d6:	62ae      	str	r6, [r5, #40]	; 0x28
100032d8:	2200      	movs	r2, #0
100032da:	2100      	movs	r1, #0
100032dc:	0028      	movs	r0, r5
100032de:	f7ff ffd1 	bl	10003284 <uart_write_lcr_bits_masked>
100032e2:	2006      	movs	r0, #6
100032e4:	f000 f97c 	bl	100035e0 <clock_get_hz>
100032e8:	0080      	lsls	r0, r0, #2
100032ea:	01a1      	lsls	r1, r4, #6
100032ec:	1989      	adds	r1, r1, r6
100032ee:	f001 fc11 	bl	10004b14 <__wrap___aeabi_uidiv>
100032f2:	bd70      	pop	{r4, r5, r6, pc}
100032f4:	2600      	movs	r6, #0
100032f6:	4c02      	ldr	r4, [pc, #8]	; (10003300 <uart_set_baudrate+0x58>)
100032f8:	e7ec      	b.n	100032d4 <uart_set_baudrate+0x2c>
100032fa:	46c0      	nop			; (mov r8, r8)
100032fc:	0000fffe 	.word	0x0000fffe
10003300:	0000ffff 	.word	0x0000ffff

10003304 <uart_set_format>:
10003304:	b510      	push	{r4, lr}
10003306:	3905      	subs	r1, #5
10003308:	0149      	lsls	r1, r1, #5
1000330a:	3a01      	subs	r2, #1
1000330c:	00d2      	lsls	r2, r2, #3
1000330e:	4311      	orrs	r1, r2
10003310:	2b00      	cmp	r3, #0
10003312:	d009      	beq.n	10003328 <uart_set_format+0x24>
10003314:	2202      	movs	r2, #2
10003316:	430a      	orrs	r2, r1
10003318:	2b01      	cmp	r3, #1
1000331a:	d007      	beq.n	1000332c <uart_set_format+0x28>
1000331c:	2100      	movs	r1, #0
1000331e:	4311      	orrs	r1, r2
10003320:	226e      	movs	r2, #110	; 0x6e
10003322:	f7ff ffaf 	bl	10003284 <uart_write_lcr_bits_masked>
10003326:	bd10      	pop	{r4, pc}
10003328:	2200      	movs	r2, #0
1000332a:	e7f4      	b.n	10003316 <uart_set_format+0x12>
1000332c:	2104      	movs	r1, #4
1000332e:	e7f6      	b.n	1000331e <uart_set_format+0x1a>

10003330 <uart_set_translate_crlf>:
10003330:	2900      	cmp	r1, #0
10003332:	d009      	beq.n	10003348 <uart_set_translate_crlf+0x18>
10003334:	220a      	movs	r2, #10
10003336:	4b06      	ldr	r3, [pc, #24]	; (10003350 <uart_set_translate_crlf+0x20>)
10003338:	469c      	mov	ip, r3
1000333a:	4460      	add	r0, ip
1000333c:	4243      	negs	r3, r0
1000333e:	4158      	adcs	r0, r3
10003340:	0040      	lsls	r0, r0, #1
10003342:	4b04      	ldr	r3, [pc, #16]	; (10003354 <uart_set_translate_crlf+0x24>)
10003344:	52c2      	strh	r2, [r0, r3]
10003346:	4770      	bx	lr
10003348:	2280      	movs	r2, #128	; 0x80
1000334a:	0052      	lsls	r2, r2, #1
1000334c:	e7f3      	b.n	10003336 <uart_set_translate_crlf+0x6>
1000334e:	46c0      	nop			; (mov r8, r8)
10003350:	bffc8000 	.word	0xbffc8000
10003354:	20001130 	.word	0x20001130

10003358 <uart_init>:
10003358:	b570      	push	{r4, r5, r6, lr}
1000335a:	0005      	movs	r5, r0
1000335c:	000c      	movs	r4, r1
1000335e:	2006      	movs	r0, #6
10003360:	f000 f93e 	bl	100035e0 <clock_get_hz>
10003364:	1e06      	subs	r6, r0, #0
10003366:	d027      	beq.n	100033b8 <uart_init+0x60>
10003368:	4b16      	ldr	r3, [pc, #88]	; (100033c4 <uart_init+0x6c>)
1000336a:	429d      	cmp	r5, r3
1000336c:	d026      	beq.n	100033bc <uart_init+0x64>
1000336e:	2280      	movs	r2, #128	; 0x80
10003370:	03d2      	lsls	r2, r2, #15
10003372:	4b15      	ldr	r3, [pc, #84]	; (100033c8 <uart_init+0x70>)
10003374:	601a      	str	r2, [r3, #0]
10003376:	4b15      	ldr	r3, [pc, #84]	; (100033cc <uart_init+0x74>)
10003378:	601a      	str	r2, [r3, #0]
1000337a:	4b15      	ldr	r3, [pc, #84]	; (100033d0 <uart_init+0x78>)
1000337c:	689b      	ldr	r3, [r3, #8]
1000337e:	0011      	movs	r1, r2
10003380:	4399      	bics	r1, r3
10003382:	d1fa      	bne.n	1000337a <uart_init+0x22>
10003384:	2100      	movs	r1, #0
10003386:	0028      	movs	r0, r5
10003388:	f7ff ffd2 	bl	10003330 <uart_set_translate_crlf>
1000338c:	0021      	movs	r1, r4
1000338e:	0028      	movs	r0, r5
10003390:	f7ff ff8a 	bl	100032a8 <uart_set_baudrate>
10003394:	0006      	movs	r6, r0
10003396:	2300      	movs	r3, #0
10003398:	2201      	movs	r2, #1
1000339a:	2108      	movs	r1, #8
1000339c:	0028      	movs	r0, r5
1000339e:	f7ff ffb1 	bl	10003304 <uart_set_format>
100033a2:	002a      	movs	r2, r5
100033a4:	322c      	adds	r2, #44	; 0x2c
100033a6:	2380      	movs	r3, #128	; 0x80
100033a8:	019b      	lsls	r3, r3, #6
100033aa:	4313      	orrs	r3, r2
100033ac:	2210      	movs	r2, #16
100033ae:	601a      	str	r2, [r3, #0]
100033b0:	4b08      	ldr	r3, [pc, #32]	; (100033d4 <uart_init+0x7c>)
100033b2:	632b      	str	r3, [r5, #48]	; 0x30
100033b4:	2303      	movs	r3, #3
100033b6:	64ab      	str	r3, [r5, #72]	; 0x48
100033b8:	0030      	movs	r0, r6
100033ba:	bd70      	pop	{r4, r5, r6, pc}
100033bc:	2280      	movs	r2, #128	; 0x80
100033be:	0412      	lsls	r2, r2, #16
100033c0:	e7d7      	b.n	10003372 <uart_init+0x1a>
100033c2:	46c0      	nop			; (mov r8, r8)
100033c4:	40038000 	.word	0x40038000
100033c8:	4000e000 	.word	0x4000e000
100033cc:	4000f000 	.word	0x4000f000
100033d0:	4000c000 	.word	0x4000c000
100033d4:	00000301 	.word	0x00000301

100033d8 <clock_configure>:
100033d8:	b5f8      	push	{r3, r4, r5, r6, r7, lr}
100033da:	46de      	mov	lr, fp
100033dc:	4657      	mov	r7, sl
100033de:	464e      	mov	r6, r9
100033e0:	4645      	mov	r5, r8
100033e2:	b5e0      	push	{r5, r6, r7, lr}
100033e4:	0005      	movs	r5, r0
100033e6:	000f      	movs	r7, r1
100033e8:	4692      	mov	sl, r2
100033ea:	9a0a      	ldr	r2, [sp, #40]	; 0x28
100033ec:	4293      	cmp	r3, r2
100033ee:	d350      	bcc.n	10003492 <clock_configure+0xba>
100033f0:	0e1a      	lsrs	r2, r3, #24
100033f2:	4691      	mov	r9, r2
100033f4:	021e      	lsls	r6, r3, #8
100033f6:	9a0a      	ldr	r2, [sp, #40]	; 0x28
100033f8:	2300      	movs	r3, #0
100033fa:	0030      	movs	r0, r6
100033fc:	4649      	mov	r1, r9
100033fe:	f001 fbc7 	bl	10004b90 <__wrap___aeabi_uldivmod>
10003402:	4680      	mov	r8, r0
10003404:	006c      	lsls	r4, r5, #1
10003406:	1964      	adds	r4, r4, r5
10003408:	00a4      	lsls	r4, r4, #2
1000340a:	4b30      	ldr	r3, [pc, #192]	; (100034cc <clock_configure+0xf4>)
1000340c:	469c      	mov	ip, r3
1000340e:	4464      	add	r4, ip
10003410:	6863      	ldr	r3, [r4, #4]
10003412:	4283      	cmp	r3, r0
10003414:	d200      	bcs.n	10003418 <clock_configure+0x40>
10003416:	6060      	str	r0, [r4, #4]
10003418:	1f2b      	subs	r3, r5, #4
1000341a:	b2db      	uxtb	r3, r3
1000341c:	469b      	mov	fp, r3
1000341e:	2b01      	cmp	r3, #1
10003420:	d93d      	bls.n	1000349e <clock_configure+0xc6>
10003422:	23c0      	movs	r3, #192	; 0xc0
10003424:	019b      	lsls	r3, r3, #6
10003426:	4323      	orrs	r3, r4
10003428:	2280      	movs	r2, #128	; 0x80
1000342a:	0112      	lsls	r2, r2, #4
1000342c:	601a      	str	r2, [r3, #0]
1000342e:	00ab      	lsls	r3, r5, #2
10003430:	4a27      	ldr	r2, [pc, #156]	; (100034d0 <clock_configure+0xf8>)
10003432:	5899      	ldr	r1, [r3, r2]
10003434:	2900      	cmp	r1, #0
10003436:	d007      	beq.n	10003448 <clock_configure+0x70>
10003438:	6950      	ldr	r0, [r2, #20]
1000343a:	f001 fb6b 	bl	10004b14 <__wrap___aeabi_uidiv>
1000343e:	1c43      	adds	r3, r0, #1
10003440:	0058      	lsls	r0, r3, #1
10003442:	18c0      	adds	r0, r0, r3
10003444:	3803      	subs	r0, #3
10003446:	d2fd      	bcs.n	10003444 <clock_configure+0x6c>
10003448:	4653      	mov	r3, sl
1000344a:	015a      	lsls	r2, r3, #5
1000344c:	6823      	ldr	r3, [r4, #0]
1000344e:	405a      	eors	r2, r3
10003450:	23e0      	movs	r3, #224	; 0xe0
10003452:	401a      	ands	r2, r3
10003454:	2380      	movs	r3, #128	; 0x80
10003456:	015b      	lsls	r3, r3, #5
10003458:	4323      	orrs	r3, r4
1000345a:	601a      	str	r2, [r3, #0]
1000345c:	465a      	mov	r2, fp
1000345e:	2a01      	cmp	r2, #1
10003460:	d928      	bls.n	100034b4 <clock_configure+0xdc>
10003462:	2380      	movs	r3, #128	; 0x80
10003464:	019b      	lsls	r3, r3, #6
10003466:	4323      	orrs	r3, r4
10003468:	2280      	movs	r2, #128	; 0x80
1000346a:	0112      	lsls	r2, r2, #4
1000346c:	601a      	str	r2, [r3, #0]
1000346e:	4643      	mov	r3, r8
10003470:	6063      	str	r3, [r4, #4]
10003472:	4642      	mov	r2, r8
10003474:	2300      	movs	r3, #0
10003476:	0030      	movs	r0, r6
10003478:	4649      	mov	r1, r9
1000347a:	f001 fb89 	bl	10004b90 <__wrap___aeabi_uldivmod>
1000347e:	00ad      	lsls	r5, r5, #2
10003480:	4b13      	ldr	r3, [pc, #76]	; (100034d0 <clock_configure+0xf8>)
10003482:	5158      	str	r0, [r3, r5]
10003484:	2001      	movs	r0, #1
10003486:	bcf0      	pop	{r4, r5, r6, r7}
10003488:	46bb      	mov	fp, r7
1000348a:	46b2      	mov	sl, r6
1000348c:	46a9      	mov	r9, r5
1000348e:	46a0      	mov	r8, r4
10003490:	bdf8      	pop	{r3, r4, r5, r6, r7, pc}
10003492:	4b10      	ldr	r3, [pc, #64]	; (100034d4 <clock_configure+0xfc>)
10003494:	4a10      	ldr	r2, [pc, #64]	; (100034d8 <clock_configure+0x100>)
10003496:	2133      	movs	r1, #51	; 0x33
10003498:	4810      	ldr	r0, [pc, #64]	; (100034dc <clock_configure+0x104>)
1000349a:	f000 f975 	bl	10003788 <__assert_func>
1000349e:	2f01      	cmp	r7, #1
100034a0:	d1bf      	bne.n	10003422 <clock_configure+0x4a>
100034a2:	23c0      	movs	r3, #192	; 0xc0
100034a4:	019b      	lsls	r3, r3, #6
100034a6:	4323      	orrs	r3, r4
100034a8:	2203      	movs	r2, #3
100034aa:	601a      	str	r2, [r3, #0]
100034ac:	68a3      	ldr	r3, [r4, #8]
100034ae:	07db      	lsls	r3, r3, #31
100034b0:	d5fc      	bpl.n	100034ac <clock_configure+0xd4>
100034b2:	e7c9      	b.n	10003448 <clock_configure+0x70>
100034b4:	6821      	ldr	r1, [r4, #0]
100034b6:	4079      	eors	r1, r7
100034b8:	2203      	movs	r2, #3
100034ba:	400a      	ands	r2, r1
100034bc:	601a      	str	r2, [r3, #0]
100034be:	68a2      	ldr	r2, [r4, #8]
100034c0:	2301      	movs	r3, #1
100034c2:	40bb      	lsls	r3, r7
100034c4:	4213      	tst	r3, r2
100034c6:	d0fa      	beq.n	100034be <clock_configure+0xe6>
100034c8:	e7cb      	b.n	10003462 <clock_configure+0x8a>
100034ca:	46c0      	nop			; (mov r8, r8)
100034cc:	40008000 	.word	0x40008000
100034d0:	20000e78 	.word	0x20000e78
100034d4:	1000a2d8 	.word	0x1000a2d8
100034d8:	1000a34c 	.word	0x1000a34c
100034dc:	1000a2ec 	.word	0x1000a2ec

100034e0 <clocks_init>:
100034e0:	b530      	push	{r4, r5, lr}
100034e2:	b083      	sub	sp, #12
100034e4:	200c      	movs	r0, #12
100034e6:	f000 f911 	bl	1000370c <watchdog_start_tick>
100034ea:	f7fe fadd 	bl	10001aa8 <running_on_fpga>
100034ee:	2800      	cmp	r0, #0
100034f0:	d00d      	beq.n	1000350e <clocks_init+0x2e>
100034f2:	2300      	movs	r3, #0
100034f4:	e004      	b.n	10003500 <clocks_init+0x20>
100034f6:	0099      	lsls	r1, r3, #2
100034f8:	4a2d      	ldr	r2, [pc, #180]	; (100035b0 <clocks_init+0xd0>)
100034fa:	482e      	ldr	r0, [pc, #184]	; (100035b4 <clocks_init+0xd4>)
100034fc:	5088      	str	r0, [r1, r2]
100034fe:	3301      	adds	r3, #1
10003500:	2b09      	cmp	r3, #9
10003502:	d9f8      	bls.n	100034f6 <clocks_init+0x16>
10003504:	4b2a      	ldr	r3, [pc, #168]	; (100035b0 <clocks_init+0xd0>)
10003506:	4a2c      	ldr	r2, [pc, #176]	; (100035b8 <clocks_init+0xd8>)
10003508:	625a      	str	r2, [r3, #36]	; 0x24
1000350a:	b003      	add	sp, #12
1000350c:	bd30      	pop	{r4, r5, pc}
1000350e:	4b2b      	ldr	r3, [pc, #172]	; (100035bc <clocks_init+0xdc>)
10003510:	2200      	movs	r2, #0
10003512:	679a      	str	r2, [r3, #120]	; 0x78
10003514:	f000 f902 	bl	1000371c <xosc_init>
10003518:	4b29      	ldr	r3, [pc, #164]	; (100035c0 <clocks_init+0xe0>)
1000351a:	2201      	movs	r2, #1
1000351c:	601a      	str	r2, [r3, #0]
1000351e:	4b27      	ldr	r3, [pc, #156]	; (100035bc <clocks_init+0xdc>)
10003520:	6c5b      	ldr	r3, [r3, #68]	; 0x44
10003522:	2b01      	cmp	r3, #1
10003524:	d1fb      	bne.n	1000351e <clocks_init+0x3e>
10003526:	4b27      	ldr	r3, [pc, #156]	; (100035c4 <clocks_init+0xe4>)
10003528:	2203      	movs	r2, #3
1000352a:	601a      	str	r2, [r3, #0]
1000352c:	4b23      	ldr	r3, [pc, #140]	; (100035bc <clocks_init+0xdc>)
1000352e:	6b9b      	ldr	r3, [r3, #56]	; 0x38
10003530:	2b01      	cmp	r3, #1
10003532:	d1fb      	bne.n	1000352c <clocks_init+0x4c>
10003534:	3301      	adds	r3, #1
10003536:	9300      	str	r3, [sp, #0]
10003538:	3304      	adds	r3, #4
1000353a:	4a23      	ldr	r2, [pc, #140]	; (100035c8 <clocks_init+0xe8>)
1000353c:	2101      	movs	r1, #1
1000353e:	4823      	ldr	r0, [pc, #140]	; (100035cc <clocks_init+0xec>)
10003540:	f000 f854 	bl	100035ec <pll_init>
10003544:	2305      	movs	r3, #5
10003546:	9300      	str	r3, [sp, #0]
10003548:	4a21      	ldr	r2, [pc, #132]	; (100035d0 <clocks_init+0xf0>)
1000354a:	2101      	movs	r1, #1
1000354c:	4821      	ldr	r0, [pc, #132]	; (100035d4 <clocks_init+0xf4>)
1000354e:	f000 f84d 	bl	100035ec <pll_init>
10003552:	4b21      	ldr	r3, [pc, #132]	; (100035d8 <clocks_init+0xf8>)
10003554:	9300      	str	r3, [sp, #0]
10003556:	2200      	movs	r2, #0
10003558:	2102      	movs	r1, #2
1000355a:	2004      	movs	r0, #4
1000355c:	f7ff ff3c 	bl	100033d8 <clock_configure>
10003560:	4d1e      	ldr	r5, [pc, #120]	; (100035dc <clocks_init+0xfc>)
10003562:	9500      	str	r5, [sp, #0]
10003564:	002b      	movs	r3, r5
10003566:	2200      	movs	r2, #0
10003568:	2101      	movs	r1, #1
1000356a:	2005      	movs	r0, #5
1000356c:	f7ff ff34 	bl	100033d8 <clock_configure>
10003570:	4c10      	ldr	r4, [pc, #64]	; (100035b4 <clocks_init+0xd4>)
10003572:	9400      	str	r4, [sp, #0]
10003574:	0023      	movs	r3, r4
10003576:	2200      	movs	r2, #0
10003578:	2100      	movs	r1, #0
1000357a:	2007      	movs	r0, #7
1000357c:	f7ff ff2c 	bl	100033d8 <clock_configure>
10003580:	9400      	str	r4, [sp, #0]
10003582:	0023      	movs	r3, r4
10003584:	2200      	movs	r2, #0
10003586:	2100      	movs	r1, #0
10003588:	2008      	movs	r0, #8
1000358a:	f7ff ff25 	bl	100033d8 <clock_configure>
1000358e:	4b0a      	ldr	r3, [pc, #40]	; (100035b8 <clocks_init+0xd8>)
10003590:	9300      	str	r3, [sp, #0]
10003592:	0023      	movs	r3, r4
10003594:	2200      	movs	r2, #0
10003596:	2100      	movs	r1, #0
10003598:	2009      	movs	r0, #9
1000359a:	f7ff ff1d 	bl	100033d8 <clock_configure>
1000359e:	9500      	str	r5, [sp, #0]
100035a0:	002b      	movs	r3, r5
100035a2:	2200      	movs	r2, #0
100035a4:	2100      	movs	r1, #0
100035a6:	2006      	movs	r0, #6
100035a8:	f7ff ff16 	bl	100033d8 <clock_configure>
100035ac:	e7ad      	b.n	1000350a <clocks_init+0x2a>
100035ae:	46c0      	nop			; (mov r8, r8)
100035b0:	20000e78 	.word	0x20000e78
100035b4:	02dc6c00 	.word	0x02dc6c00
100035b8:	0000b71b 	.word	0x0000b71b
100035bc:	40008000 	.word	0x40008000
100035c0:	4000b03c 	.word	0x4000b03c
100035c4:	4000b030 	.word	0x4000b030
100035c8:	59682f00 	.word	0x59682f00
100035cc:	40028000 	.word	0x40028000
100035d0:	47868c00 	.word	0x47868c00
100035d4:	4002c000 	.word	0x4002c000
100035d8:	00b71b00 	.word	0x00b71b00
100035dc:	07735940 	.word	0x07735940

100035e0 <clock_get_hz>:
100035e0:	0080      	lsls	r0, r0, #2
100035e2:	4b01      	ldr	r3, [pc, #4]	; (100035e8 <clock_get_hz+0x8>)
100035e4:	58c0      	ldr	r0, [r0, r3]
100035e6:	4770      	bx	lr
100035e8:	20000e78 	.word	0x20000e78

100035ec <pll_init>:
100035ec:	b5f0      	push	{r4, r5, r6, r7, lr}
100035ee:	46c6      	mov	lr, r8
100035f0:	b500      	push	{lr}
100035f2:	0004      	movs	r4, r0
100035f4:	000e      	movs	r6, r1
100035f6:	0017      	movs	r7, r2
100035f8:	001d      	movs	r5, r3
100035fa:	4837      	ldr	r0, [pc, #220]	; (100036d8 <pll_init+0xec>)
100035fc:	f001 fa8a 	bl	10004b14 <__wrap___aeabi_uidiv>
10003600:	4680      	mov	r8, r0
10003602:	4b36      	ldr	r3, [pc, #216]	; (100036dc <pll_init+0xf0>)
10003604:	18fa      	adds	r2, r7, r3
10003606:	4b36      	ldr	r3, [pc, #216]	; (100036e0 <pll_init+0xf4>)
10003608:	429a      	cmp	r2, r3
1000360a:	d839      	bhi.n	10003680 <pll_init+0x94>
1000360c:	0001      	movs	r1, r0
1000360e:	0038      	movs	r0, r7
10003610:	f001 fa80 	bl	10004b14 <__wrap___aeabi_uidiv>
10003614:	0002      	movs	r2, r0
10003616:	3a10      	subs	r2, #16
10003618:	2398      	movs	r3, #152	; 0x98
1000361a:	005b      	lsls	r3, r3, #1
1000361c:	429a      	cmp	r2, r3
1000361e:	d835      	bhi.n	1000368c <pll_init+0xa0>
10003620:	1e6b      	subs	r3, r5, #1
10003622:	2b06      	cmp	r3, #6
10003624:	d838      	bhi.n	10003698 <pll_init+0xac>
10003626:	9b06      	ldr	r3, [sp, #24]
10003628:	3b01      	subs	r3, #1
1000362a:	2b06      	cmp	r3, #6
1000362c:	d834      	bhi.n	10003698 <pll_init+0xac>
1000362e:	093f      	lsrs	r7, r7, #4
10003630:	4547      	cmp	r7, r8
10003632:	d337      	bcc.n	100036a4 <pll_init+0xb8>
10003634:	042d      	lsls	r5, r5, #16
10003636:	9b06      	ldr	r3, [sp, #24]
10003638:	031a      	lsls	r2, r3, #12
1000363a:	4315      	orrs	r5, r2
1000363c:	6823      	ldr	r3, [r4, #0]
1000363e:	2b00      	cmp	r3, #0
10003640:	db36      	blt.n	100036b0 <pll_init+0xc4>
10003642:	4b28      	ldr	r3, [pc, #160]	; (100036e4 <pll_init+0xf8>)
10003644:	429c      	cmp	r4, r3
10003646:	d044      	beq.n	100036d2 <pll_init+0xe6>
10003648:	2280      	movs	r2, #128	; 0x80
1000364a:	0152      	lsls	r2, r2, #5
1000364c:	4b26      	ldr	r3, [pc, #152]	; (100036e8 <pll_init+0xfc>)
1000364e:	601a      	str	r2, [r3, #0]
10003650:	4b26      	ldr	r3, [pc, #152]	; (100036ec <pll_init+0x100>)
10003652:	601a      	str	r2, [r3, #0]
10003654:	4b26      	ldr	r3, [pc, #152]	; (100036f0 <pll_init+0x104>)
10003656:	689b      	ldr	r3, [r3, #8]
10003658:	0011      	movs	r1, r2
1000365a:	4399      	bics	r1, r3
1000365c:	d1fa      	bne.n	10003654 <pll_init+0x68>
1000365e:	6026      	str	r6, [r4, #0]
10003660:	60a0      	str	r0, [r4, #8]
10003662:	1d23      	adds	r3, r4, #4
10003664:	22c0      	movs	r2, #192	; 0xc0
10003666:	0192      	lsls	r2, r2, #6
10003668:	431a      	orrs	r2, r3
1000366a:	2321      	movs	r3, #33	; 0x21
1000366c:	6013      	str	r3, [r2, #0]
1000366e:	6823      	ldr	r3, [r4, #0]
10003670:	2b00      	cmp	r3, #0
10003672:	dafc      	bge.n	1000366e <pll_init+0x82>
10003674:	60e5      	str	r5, [r4, #12]
10003676:	2308      	movs	r3, #8
10003678:	6013      	str	r3, [r2, #0]
1000367a:	bc80      	pop	{r7}
1000367c:	46b8      	mov	r8, r7
1000367e:	bdf0      	pop	{r4, r5, r6, r7, pc}
10003680:	4b1c      	ldr	r3, [pc, #112]	; (100036f4 <pll_init+0x108>)
10003682:	4a1d      	ldr	r2, [pc, #116]	; (100036f8 <pll_init+0x10c>)
10003684:	2111      	movs	r1, #17
10003686:	481d      	ldr	r0, [pc, #116]	; (100036fc <pll_init+0x110>)
10003688:	f000 f87e 	bl	10003788 <__assert_func>
1000368c:	4b1c      	ldr	r3, [pc, #112]	; (10003700 <pll_init+0x114>)
1000368e:	4a1a      	ldr	r2, [pc, #104]	; (100036f8 <pll_init+0x10c>)
10003690:	2119      	movs	r1, #25
10003692:	481a      	ldr	r0, [pc, #104]	; (100036fc <pll_init+0x110>)
10003694:	f000 f878 	bl	10003788 <__assert_func>
10003698:	4b1a      	ldr	r3, [pc, #104]	; (10003704 <pll_init+0x118>)
1000369a:	4a17      	ldr	r2, [pc, #92]	; (100036f8 <pll_init+0x10c>)
1000369c:	211c      	movs	r1, #28
1000369e:	4817      	ldr	r0, [pc, #92]	; (100036fc <pll_init+0x110>)
100036a0:	f000 f872 	bl	10003788 <__assert_func>
100036a4:	4b18      	ldr	r3, [pc, #96]	; (10003708 <pll_init+0x11c>)
100036a6:	4a14      	ldr	r2, [pc, #80]	; (100036f8 <pll_init+0x10c>)
100036a8:	2123      	movs	r1, #35	; 0x23
100036aa:	4814      	ldr	r0, [pc, #80]	; (100036fc <pll_init+0x110>)
100036ac:	f000 f86c 	bl	10003788 <__assert_func>
100036b0:	6822      	ldr	r2, [r4, #0]
100036b2:	233f      	movs	r3, #63	; 0x3f
100036b4:	4013      	ands	r3, r2
100036b6:	42b3      	cmp	r3, r6
100036b8:	d1c3      	bne.n	10003642 <pll_init+0x56>
100036ba:	68a3      	ldr	r3, [r4, #8]
100036bc:	051b      	lsls	r3, r3, #20
100036be:	0d1b      	lsrs	r3, r3, #20
100036c0:	4283      	cmp	r3, r0
100036c2:	d1be      	bne.n	10003642 <pll_init+0x56>
100036c4:	68e3      	ldr	r3, [r4, #12]
100036c6:	22ee      	movs	r2, #238	; 0xee
100036c8:	02d2      	lsls	r2, r2, #11
100036ca:	4013      	ands	r3, r2
100036cc:	42ab      	cmp	r3, r5
100036ce:	d1b8      	bne.n	10003642 <pll_init+0x56>
100036d0:	e7d3      	b.n	1000367a <pll_init+0x8e>
100036d2:	2280      	movs	r2, #128	; 0x80
100036d4:	0192      	lsls	r2, r2, #6
100036d6:	e7b9      	b.n	1000364c <pll_init+0x60>
100036d8:	00b71b00 	.word	0x00b71b00
100036dc:	d34be880 	.word	0xd34be880
100036e0:	32a9f880 	.word	0x32a9f880
100036e4:	4002c000 	.word	0x4002c000
100036e8:	4000e000 	.word	0x4000e000
100036ec:	4000f000 	.word	0x4000f000
100036f0:	4000c000 	.word	0x4000c000
100036f4:	1000a35c 	.word	0x1000a35c
100036f8:	1000a49c 	.word	0x1000a49c
100036fc:	1000a3bc 	.word	0x1000a3bc
10003700:	1000a418 	.word	0x1000a418
10003704:	1000a434 	.word	0x1000a434
10003708:	1000a480 	.word	0x1000a480

1000370c <watchdog_start_tick>:
1000370c:	2380      	movs	r3, #128	; 0x80
1000370e:	009b      	lsls	r3, r3, #2
10003710:	4303      	orrs	r3, r0
10003712:	4a01      	ldr	r2, [pc, #4]	; (10003718 <watchdog_start_tick+0xc>)
10003714:	62d3      	str	r3, [r2, #44]	; 0x2c
10003716:	4770      	bx	lr
10003718:	40058000 	.word	0x40058000

1000371c <xosc_init>:
1000371c:	4b06      	ldr	r3, [pc, #24]	; (10003738 <xosc_init+0x1c>)
1000371e:	22aa      	movs	r2, #170	; 0xaa
10003720:	0112      	lsls	r2, r2, #4
10003722:	601a      	str	r2, [r3, #0]
10003724:	222f      	movs	r2, #47	; 0x2f
10003726:	60da      	str	r2, [r3, #12]
10003728:	4b04      	ldr	r3, [pc, #16]	; (1000373c <xosc_init+0x20>)
1000372a:	4a05      	ldr	r2, [pc, #20]	; (10003740 <xosc_init+0x24>)
1000372c:	601a      	str	r2, [r3, #0]
1000372e:	4b02      	ldr	r3, [pc, #8]	; (10003738 <xosc_init+0x1c>)
10003730:	685b      	ldr	r3, [r3, #4]
10003732:	2b00      	cmp	r3, #0
10003734:	dafb      	bge.n	1000372e <xosc_init+0x12>
10003736:	4770      	bx	lr
10003738:	40024000 	.word	0x40024000
1000373c:	40026000 	.word	0x40026000
10003740:	00fab000 	.word	0x00fab000

10003744 <_exit>:
10003744:	be00      	bkpt	0x0000
10003746:	e7fd      	b.n	10003744 <_exit>

10003748 <_sbrk>:
10003748:	0003      	movs	r3, r0
1000374a:	4a0a      	ldr	r2, [pc, #40]	; (10003774 <_sbrk+0x2c>)
1000374c:	6812      	ldr	r2, [r2, #0]
1000374e:	2a00      	cmp	r2, #0
10003750:	d008      	beq.n	10003764 <_sbrk+0x1c>
10003752:	4a08      	ldr	r2, [pc, #32]	; (10003774 <_sbrk+0x2c>)
10003754:	6810      	ldr	r0, [r2, #0]
10003756:	18c3      	adds	r3, r0, r3
10003758:	4a07      	ldr	r2, [pc, #28]	; (10003778 <_sbrk+0x30>)
1000375a:	429a      	cmp	r2, r3
1000375c:	d306      	bcc.n	1000376c <_sbrk+0x24>
1000375e:	4a05      	ldr	r2, [pc, #20]	; (10003774 <_sbrk+0x2c>)
10003760:	6013      	str	r3, [r2, #0]
10003762:	4770      	bx	lr
10003764:	4a03      	ldr	r2, [pc, #12]	; (10003774 <_sbrk+0x2c>)
10003766:	4905      	ldr	r1, [pc, #20]	; (1000377c <_sbrk+0x34>)
10003768:	6011      	str	r1, [r2, #0]
1000376a:	e7f2      	b.n	10003752 <_sbrk+0xa>
1000376c:	2001      	movs	r0, #1
1000376e:	4240      	negs	r0, r0
10003770:	e7f7      	b.n	10003762 <_sbrk+0x1a>
10003772:	46c0      	nop			; (mov r8, r8)
10003774:	20000eec 	.word	0x20000eec
10003778:	20040000 	.word	0x20040000
1000377c:	20001140 	.word	0x20001140

10003780 <exit>:
10003780:	b510      	push	{r4, lr}
10003782:	f7ff ffdf 	bl	10003744 <_exit>
	...

10003788 <__assert_func>:
10003788:	b510      	push	{r4, lr}
1000378a:	b082      	sub	sp, #8
1000378c:	000c      	movs	r4, r1
1000378e:	0019      	movs	r1, r3
10003790:	2a00      	cmp	r2, #0
10003792:	d00c      	beq.n	100037ae <__assert_func+0x26>
10003794:	4b08      	ldr	r3, [pc, #32]	; (100037b8 <__assert_func+0x30>)
10003796:	2a00      	cmp	r2, #0
10003798:	d00b      	beq.n	100037b2 <__assert_func+0x2a>
1000379a:	9201      	str	r2, [sp, #4]
1000379c:	9300      	str	r3, [sp, #0]
1000379e:	0023      	movs	r3, r4
100037a0:	0002      	movs	r2, r0
100037a2:	4806      	ldr	r0, [pc, #24]	; (100037bc <__assert_func+0x34>)
100037a4:	f002 fbf6 	bl	10005f94 <__wrap_printf>
100037a8:	2001      	movs	r0, #1
100037aa:	f7ff ffcb 	bl	10003744 <_exit>
100037ae:	4b04      	ldr	r3, [pc, #16]	; (100037c0 <__assert_func+0x38>)
100037b0:	e7f1      	b.n	10003796 <__assert_func+0xe>
100037b2:	4a03      	ldr	r2, [pc, #12]	; (100037c0 <__assert_func+0x38>)
100037b4:	e7f1      	b.n	1000379a <__assert_func+0x12>
100037b6:	46c0      	nop			; (mov r8, r8)
100037b8:	1000a4a8 	.word	0x1000a4a8
100037bc:	1000a4b8 	.word	0x1000a4b8
100037c0:	1000a4b4 	.word	0x1000a4b4

100037c4 <runtime_init>:
100037c4:	b570      	push	{r4, r5, r6, lr}
100037c6:	4b2b      	ldr	r3, [pc, #172]	; (10003874 <runtime_init+0xb0>)
100037c8:	4a2b      	ldr	r2, [pc, #172]	; (10003878 <runtime_init+0xb4>)
100037ca:	601a      	str	r2, [r3, #0]
100037cc:	4b2b      	ldr	r3, [pc, #172]	; (1000387c <runtime_init+0xb8>)
100037ce:	4a2c      	ldr	r2, [pc, #176]	; (10003880 <runtime_init+0xbc>)
100037d0:	601a      	str	r2, [r3, #0]
100037d2:	4b2c      	ldr	r3, [pc, #176]	; (10003884 <runtime_init+0xc0>)
100037d4:	689a      	ldr	r2, [r3, #8]
100037d6:	4b2a      	ldr	r3, [pc, #168]	; (10003880 <runtime_init+0xbc>)
100037d8:	4393      	bics	r3, r2
100037da:	d1fa      	bne.n	100037d2 <runtime_init+0xe>
100037dc:	4c2a      	ldr	r4, [pc, #168]	; (10003888 <runtime_init+0xc4>)
100037de:	e001      	b.n	100037e4 <runtime_init+0x20>
100037e0:	cc08      	ldmia	r4!, {r3}
100037e2:	4798      	blx	r3
100037e4:	4b29      	ldr	r3, [pc, #164]	; (1000388c <runtime_init+0xc8>)
100037e6:	429c      	cmp	r4, r3
100037e8:	d3fa      	bcc.n	100037e0 <runtime_init+0x1c>
100037ea:	f7ff fe79 	bl	100034e0 <clocks_init>
100037ee:	4b23      	ldr	r3, [pc, #140]	; (1000387c <runtime_init+0xb8>)
100037f0:	4a27      	ldr	r2, [pc, #156]	; (10003890 <runtime_init+0xcc>)
100037f2:	601a      	str	r2, [r3, #0]
100037f4:	4b23      	ldr	r3, [pc, #140]	; (10003884 <runtime_init+0xc0>)
100037f6:	689b      	ldr	r3, [r3, #8]
100037f8:	43db      	mvns	r3, r3
100037fa:	01db      	lsls	r3, r3, #7
100037fc:	d1fa      	bne.n	100037f4 <runtime_init+0x30>
100037fe:	4b25      	ldr	r3, [pc, #148]	; (10003894 <runtime_init+0xd0>)
10003800:	2240      	movs	r2, #64	; 0x40
10003802:	679a      	str	r2, [r3, #120]	; 0x78
10003804:	675a      	str	r2, [r3, #116]	; 0x74
10003806:	671a      	str	r2, [r3, #112]	; 0x70
10003808:	66da      	str	r2, [r3, #108]	; 0x6c
1000380a:	4c23      	ldr	r4, [pc, #140]	; (10003898 <runtime_init+0xd4>)
1000380c:	e009      	b.n	10003822 <runtime_init+0x5e>
1000380e:	4b23      	ldr	r3, [pc, #140]	; (1000389c <runtime_init+0xd8>)
10003810:	4a23      	ldr	r2, [pc, #140]	; (100038a0 <runtime_init+0xdc>)
10003812:	2187      	movs	r1, #135	; 0x87
10003814:	4823      	ldr	r0, [pc, #140]	; (100038a4 <runtime_init+0xe0>)
10003816:	f7ff ffb7 	bl	10003788 <__assert_func>
1000381a:	0020      	movs	r0, r4
1000381c:	f7fe fbae 	bl	10001f7c <mutex_init>
10003820:	3408      	adds	r4, #8
10003822:	4b21      	ldr	r3, [pc, #132]	; (100038a8 <runtime_init+0xe4>)
10003824:	429c      	cmp	r4, r3
10003826:	d209      	bcs.n	1000383c <runtime_init+0x78>
10003828:	6823      	ldr	r3, [r4, #0]
1000382a:	2b00      	cmp	r3, #0
1000382c:	d0f5      	beq.n	1000381a <runtime_init+0x56>
1000382e:	2b01      	cmp	r3, #1
10003830:	d1ed      	bne.n	1000380e <runtime_init+0x4a>
10003832:	0020      	movs	r0, r4
10003834:	f7fe fbaf 	bl	10001f96 <recursive_mutex_init>
10003838:	3408      	adds	r4, #8
1000383a:	e7f2      	b.n	10003822 <runtime_init+0x5e>
1000383c:	4c1b      	ldr	r4, [pc, #108]	; (100038ac <runtime_init+0xe8>)
1000383e:	68a1      	ldr	r1, [r4, #8]
10003840:	4d1b      	ldr	r5, [pc, #108]	; (100038b0 <runtime_init+0xec>)
10003842:	22c0      	movs	r2, #192	; 0xc0
10003844:	0028      	movs	r0, r5
10003846:	f002 f9ff 	bl	10005c48 <__wrap___aeabi_memcpy>
1000384a:	60a5      	str	r5, [r4, #8]
1000384c:	f3ef 8305 	mrs	r3, IPSR
10003850:	2b00      	cmp	r3, #0
10003852:	d000      	beq.n	10003856 <runtime_init+0x92>
10003854:	be00      	bkpt	0x0000
10003856:	f7fe f961 	bl	10001b1c <spin_locks_reset>
1000385a:	f7fe fb79 	bl	10001f50 <irq_init_priorities>
1000385e:	f7fe fee9 	bl	10002634 <alarm_pool_init_default>
10003862:	4c14      	ldr	r4, [pc, #80]	; (100038b4 <runtime_init+0xf0>)
10003864:	e001      	b.n	1000386a <runtime_init+0xa6>
10003866:	cc08      	ldmia	r4!, {r3}
10003868:	4798      	blx	r3
1000386a:	4b13      	ldr	r3, [pc, #76]	; (100038b8 <runtime_init+0xf4>)
1000386c:	429c      	cmp	r4, r3
1000386e:	d3fa      	bcc.n	10003866 <runtime_init+0xa2>
10003870:	bd70      	pop	{r4, r5, r6, pc}
10003872:	46c0      	nop			; (mov r8, r8)
10003874:	4000e000 	.word	0x4000e000
10003878:	fefbcdbf 	.word	0xfefbcdbf
1000387c:	4000f000 	.word	0x4000f000
10003880:	003c7ffe 	.word	0x003c7ffe
10003884:	4000c000 	.word	0x4000c000
10003888:	20000cb0 	.word	0x20000cb0
1000388c:	20000cc0 	.word	0x20000cc0
10003890:	01ffffff 	.word	0x01ffffff
10003894:	4001f000 	.word	0x4001f000
10003898:	20000ca8 	.word	0x20000ca8
1000389c:	1000a4e8 	.word	0x1000a4e8
100038a0:	1000a57c 	.word	0x1000a57c
100038a4:	1000a508 	.word	0x1000a508
100038a8:	20000cb0 	.word	0x20000cb0
100038ac:	e000ed00 	.word	0xe000ed00
100038b0:	20000000 	.word	0x20000000
100038b4:	20000cc0 	.word	0x20000cc0
100038b8:	20000cc4 	.word	0x20000cc4

100038bc <panic>:
100038bc:	b40f      	push	{r0, r1, r2, r3}
100038be:	b500      	push	{lr}
100038c0:	b083      	sub	sp, #12
100038c2:	4808      	ldr	r0, [pc, #32]	; (100038e4 <panic+0x28>)
100038c4:	f002 fb36 	bl	10005f34 <__wrap_puts>
100038c8:	9b04      	ldr	r3, [sp, #16]
100038ca:	2b00      	cmp	r3, #0
100038cc:	d007      	beq.n	100038de <panic+0x22>
100038ce:	a905      	add	r1, sp, #20
100038d0:	9101      	str	r1, [sp, #4]
100038d2:	0018      	movs	r0, r3
100038d4:	f002 fb3e 	bl	10005f54 <__wrap_vprintf>
100038d8:	4803      	ldr	r0, [pc, #12]	; (100038e8 <panic+0x2c>)
100038da:	f002 fb2b 	bl	10005f34 <__wrap_puts>
100038de:	2001      	movs	r0, #1
100038e0:	f7ff ff30 	bl	10003744 <_exit>
100038e4:	1000a568 	.word	0x1000a568
100038e8:	1000a578 	.word	0x1000a578

100038ec <_out_buffer>:
100038ec:	429a      	cmp	r2, r3
100038ee:	d200      	bcs.n	100038f2 <_out_buffer+0x6>
100038f0:	5488      	strb	r0, [r1, r2]
100038f2:	4770      	bx	lr

100038f4 <_out_null>:
100038f4:	4770      	bx	lr

100038f6 <_out_fct>:
100038f6:	b510      	push	{r4, lr}
100038f8:	2800      	cmp	r0, #0
100038fa:	d002      	beq.n	10003902 <_out_fct+0xc>
100038fc:	680b      	ldr	r3, [r1, #0]
100038fe:	6849      	ldr	r1, [r1, #4]
10003900:	4798      	blx	r3
10003902:	bd10      	pop	{r4, pc}

10003904 <_atoi>:
10003904:	0001      	movs	r1, r0
10003906:	2000      	movs	r0, #0
10003908:	e007      	b.n	1000391a <_atoi+0x16>
1000390a:	0083      	lsls	r3, r0, #2
1000390c:	181b      	adds	r3, r3, r0
1000390e:	005b      	lsls	r3, r3, #1
10003910:	1c50      	adds	r0, r2, #1
10003912:	6008      	str	r0, [r1, #0]
10003914:	7810      	ldrb	r0, [r2, #0]
10003916:	18c0      	adds	r0, r0, r3
10003918:	3830      	subs	r0, #48	; 0x30
1000391a:	680a      	ldr	r2, [r1, #0]
1000391c:	7813      	ldrb	r3, [r2, #0]
1000391e:	3b30      	subs	r3, #48	; 0x30
10003920:	b2db      	uxtb	r3, r3
10003922:	2b09      	cmp	r3, #9
10003924:	d9f1      	bls.n	1000390a <_atoi+0x6>
10003926:	4770      	bx	lr

10003928 <_out_rev>:
10003928:	b5f0      	push	{r4, r5, r6, r7, lr}
1000392a:	46de      	mov	lr, fp
1000392c:	4657      	mov	r7, sl
1000392e:	464e      	mov	r6, r9
10003930:	4645      	mov	r5, r8
10003932:	b5e0      	push	{r5, r6, r7, lr}
10003934:	b083      	sub	sp, #12
10003936:	4693      	mov	fp, r2
10003938:	001f      	movs	r7, r3
1000393a:	9b0c      	ldr	r3, [sp, #48]	; 0x30
1000393c:	469a      	mov	sl, r3
1000393e:	9c0d      	ldr	r4, [sp, #52]	; 0x34
10003940:	9b0e      	ldr	r3, [sp, #56]	; 0x38
10003942:	4699      	mov	r9, r3
10003944:	9b0f      	ldr	r3, [sp, #60]	; 0x3c
10003946:	079b      	lsls	r3, r3, #30
10003948:	d003      	beq.n	10003952 <_out_rev+0x2a>
1000394a:	46b8      	mov	r8, r7
1000394c:	000f      	movs	r7, r1
1000394e:	0006      	movs	r6, r0
10003950:	e022      	b.n	10003998 <_out_rev+0x70>
10003952:	9201      	str	r2, [sp, #4]
10003954:	46a3      	mov	fp, r4
10003956:	4688      	mov	r8, r1
10003958:	464e      	mov	r6, r9
1000395a:	46b9      	mov	r9, r7
1000395c:	0007      	movs	r7, r0
1000395e:	42b4      	cmp	r4, r6
10003960:	d207      	bcs.n	10003972 <_out_rev+0x4a>
10003962:	1c55      	adds	r5, r2, #1
10003964:	464b      	mov	r3, r9
10003966:	4641      	mov	r1, r8
10003968:	2020      	movs	r0, #32
1000396a:	47b8      	blx	r7
1000396c:	3401      	adds	r4, #1
1000396e:	002a      	movs	r2, r5
10003970:	e7f5      	b.n	1000395e <_out_rev+0x36>
10003972:	003d      	movs	r5, r7
10003974:	464f      	mov	r7, r9
10003976:	465c      	mov	r4, fp
10003978:	9b01      	ldr	r3, [sp, #4]
1000397a:	469b      	mov	fp, r3
1000397c:	46b1      	mov	r9, r6
1000397e:	4646      	mov	r6, r8
10003980:	46b8      	mov	r8, r7
10003982:	0037      	movs	r7, r6
10003984:	002e      	movs	r6, r5
10003986:	e007      	b.n	10003998 <_out_rev+0x70>
10003988:	3c01      	subs	r4, #1
1000398a:	1c55      	adds	r5, r2, #1
1000398c:	4653      	mov	r3, sl
1000398e:	5d18      	ldrb	r0, [r3, r4]
10003990:	4643      	mov	r3, r8
10003992:	0039      	movs	r1, r7
10003994:	47b0      	blx	r6
10003996:	002a      	movs	r2, r5
10003998:	2c00      	cmp	r4, #0
1000399a:	d1f5      	bne.n	10003988 <_out_rev+0x60>
1000399c:	0035      	movs	r5, r6
1000399e:	003e      	movs	r6, r7
100039a0:	4647      	mov	r7, r8
100039a2:	9b0f      	ldr	r3, [sp, #60]	; 0x3c
100039a4:	079b      	lsls	r3, r3, #30
100039a6:	d407      	bmi.n	100039b8 <_out_rev+0x90>
100039a8:	0010      	movs	r0, r2
100039aa:	b003      	add	sp, #12
100039ac:	bcf0      	pop	{r4, r5, r6, r7}
100039ae:	46bb      	mov	fp, r7
100039b0:	46b2      	mov	sl, r6
100039b2:	46a9      	mov	r9, r5
100039b4:	46a0      	mov	r8, r4
100039b6:	bdf0      	pop	{r4, r5, r6, r7, pc}
100039b8:	46b0      	mov	r8, r6
100039ba:	464e      	mov	r6, r9
100039bc:	46b9      	mov	r9, r7
100039be:	002f      	movs	r7, r5
100039c0:	465d      	mov	r5, fp
100039c2:	1b53      	subs	r3, r2, r5
100039c4:	42b3      	cmp	r3, r6
100039c6:	d2ef      	bcs.n	100039a8 <_out_rev+0x80>
100039c8:	1c54      	adds	r4, r2, #1
100039ca:	464b      	mov	r3, r9
100039cc:	4641      	mov	r1, r8
100039ce:	2020      	movs	r0, #32
100039d0:	47b8      	blx	r7
100039d2:	0022      	movs	r2, r4
100039d4:	e7f5      	b.n	100039c2 <_out_rev+0x9a>

100039d6 <_ntoa_format>:
100039d6:	b5f0      	push	{r4, r5, r6, r7, lr}
100039d8:	46ce      	mov	lr, r9
100039da:	4647      	mov	r7, r8
100039dc:	b580      	push	{r7, lr}
100039de:	b085      	sub	sp, #20
100039e0:	4694      	mov	ip, r2
100039e2:	4698      	mov	r8, r3
100039e4:	9d0c      	ldr	r5, [sp, #48]	; 0x30
100039e6:	9c0d      	ldr	r4, [sp, #52]	; 0x34
100039e8:	ab0e      	add	r3, sp, #56	; 0x38
100039ea:	781b      	ldrb	r3, [r3, #0]
100039ec:	4699      	mov	r9, r3
100039ee:	9a10      	ldr	r2, [sp, #64]	; 0x40
100039f0:	9b11      	ldr	r3, [sp, #68]	; 0x44
100039f2:	9e12      	ldr	r6, [sp, #72]	; 0x48
100039f4:	07b7      	lsls	r7, r6, #30
100039f6:	d41c      	bmi.n	10003a32 <_ntoa_format+0x5c>
100039f8:	2b00      	cmp	r3, #0
100039fa:	d00c      	beq.n	10003a16 <_ntoa_format+0x40>
100039fc:	07f7      	lsls	r7, r6, #31
100039fe:	d50a      	bpl.n	10003a16 <_ntoa_format+0x40>
10003a00:	464f      	mov	r7, r9
10003a02:	2f00      	cmp	r7, #0
10003a04:	d102      	bne.n	10003a0c <_ntoa_format+0x36>
10003a06:	370c      	adds	r7, #12
10003a08:	4237      	tst	r7, r6
10003a0a:	d004      	beq.n	10003a16 <_ntoa_format+0x40>
10003a0c:	3b01      	subs	r3, #1
10003a0e:	e002      	b.n	10003a16 <_ntoa_format+0x40>
10003a10:	2730      	movs	r7, #48	; 0x30
10003a12:	552f      	strb	r7, [r5, r4]
10003a14:	3401      	adds	r4, #1
10003a16:	4294      	cmp	r4, r2
10003a18:	d201      	bcs.n	10003a1e <_ntoa_format+0x48>
10003a1a:	2c1f      	cmp	r4, #31
10003a1c:	d9f8      	bls.n	10003a10 <_ntoa_format+0x3a>
10003a1e:	07f7      	lsls	r7, r6, #31
10003a20:	d507      	bpl.n	10003a32 <_ntoa_format+0x5c>
10003a22:	429c      	cmp	r4, r3
10003a24:	d205      	bcs.n	10003a32 <_ntoa_format+0x5c>
10003a26:	2c1f      	cmp	r4, #31
10003a28:	d803      	bhi.n	10003a32 <_ntoa_format+0x5c>
10003a2a:	2730      	movs	r7, #48	; 0x30
10003a2c:	552f      	strb	r7, [r5, r4]
10003a2e:	3401      	adds	r4, #1
10003a30:	e7f5      	b.n	10003a1e <_ntoa_format+0x48>
10003a32:	06f7      	lsls	r7, r6, #27
10003a34:	d515      	bpl.n	10003a62 <_ntoa_format+0x8c>
10003a36:	0577      	lsls	r7, r6, #21
10003a38:	d405      	bmi.n	10003a46 <_ntoa_format+0x70>
10003a3a:	2c00      	cmp	r4, #0
10003a3c:	d003      	beq.n	10003a46 <_ntoa_format+0x70>
10003a3e:	4294      	cmp	r4, r2
10003a40:	d024      	beq.n	10003a8c <_ntoa_format+0xb6>
10003a42:	429c      	cmp	r4, r3
10003a44:	d022      	beq.n	10003a8c <_ntoa_format+0xb6>
10003a46:	9a0f      	ldr	r2, [sp, #60]	; 0x3c
10003a48:	2a10      	cmp	r2, #16
10003a4a:	d02b      	beq.n	10003aa4 <_ntoa_format+0xce>
10003a4c:	9a0f      	ldr	r2, [sp, #60]	; 0x3c
10003a4e:	2a10      	cmp	r2, #16
10003a50:	d030      	beq.n	10003ab4 <_ntoa_format+0xde>
10003a52:	9a0f      	ldr	r2, [sp, #60]	; 0x3c
10003a54:	2a02      	cmp	r2, #2
10003a56:	d035      	beq.n	10003ac4 <_ntoa_format+0xee>
10003a58:	2c1f      	cmp	r4, #31
10003a5a:	d802      	bhi.n	10003a62 <_ntoa_format+0x8c>
10003a5c:	2230      	movs	r2, #48	; 0x30
10003a5e:	552a      	strb	r2, [r5, r4]
10003a60:	3401      	adds	r4, #1
10003a62:	2c1f      	cmp	r4, #31
10003a64:	d805      	bhi.n	10003a72 <_ntoa_format+0x9c>
10003a66:	464a      	mov	r2, r9
10003a68:	2a00      	cmp	r2, #0
10003a6a:	d031      	beq.n	10003ad0 <_ntoa_format+0xfa>
10003a6c:	222d      	movs	r2, #45	; 0x2d
10003a6e:	552a      	strb	r2, [r5, r4]
10003a70:	3401      	adds	r4, #1
10003a72:	9603      	str	r6, [sp, #12]
10003a74:	9302      	str	r3, [sp, #8]
10003a76:	9401      	str	r4, [sp, #4]
10003a78:	9500      	str	r5, [sp, #0]
10003a7a:	4643      	mov	r3, r8
10003a7c:	4662      	mov	r2, ip
10003a7e:	f7ff ff53 	bl	10003928 <_out_rev>
10003a82:	b005      	add	sp, #20
10003a84:	bcc0      	pop	{r6, r7}
10003a86:	46b9      	mov	r9, r7
10003a88:	46b0      	mov	r8, r6
10003a8a:	bdf0      	pop	{r4, r5, r6, r7, pc}
10003a8c:	1e62      	subs	r2, r4, #1
10003a8e:	2c01      	cmp	r4, #1
10003a90:	d006      	beq.n	10003aa0 <_ntoa_format+0xca>
10003a92:	9f0f      	ldr	r7, [sp, #60]	; 0x3c
10003a94:	2f10      	cmp	r7, #16
10003a96:	d001      	beq.n	10003a9c <_ntoa_format+0xc6>
10003a98:	0014      	movs	r4, r2
10003a9a:	e7d4      	b.n	10003a46 <_ntoa_format+0x70>
10003a9c:	3c02      	subs	r4, #2
10003a9e:	e7d2      	b.n	10003a46 <_ntoa_format+0x70>
10003aa0:	0014      	movs	r4, r2
10003aa2:	e7d0      	b.n	10003a46 <_ntoa_format+0x70>
10003aa4:	06b2      	lsls	r2, r6, #26
10003aa6:	d4d1      	bmi.n	10003a4c <_ntoa_format+0x76>
10003aa8:	2c1f      	cmp	r4, #31
10003aaa:	d8cf      	bhi.n	10003a4c <_ntoa_format+0x76>
10003aac:	2278      	movs	r2, #120	; 0x78
10003aae:	552a      	strb	r2, [r5, r4]
10003ab0:	3401      	adds	r4, #1
10003ab2:	e7d1      	b.n	10003a58 <_ntoa_format+0x82>
10003ab4:	06b2      	lsls	r2, r6, #26
10003ab6:	d5cc      	bpl.n	10003a52 <_ntoa_format+0x7c>
10003ab8:	2c1f      	cmp	r4, #31
10003aba:	d8ca      	bhi.n	10003a52 <_ntoa_format+0x7c>
10003abc:	2258      	movs	r2, #88	; 0x58
10003abe:	552a      	strb	r2, [r5, r4]
10003ac0:	3401      	adds	r4, #1
10003ac2:	e7c9      	b.n	10003a58 <_ntoa_format+0x82>
10003ac4:	2c1f      	cmp	r4, #31
10003ac6:	d8c7      	bhi.n	10003a58 <_ntoa_format+0x82>
10003ac8:	3260      	adds	r2, #96	; 0x60
10003aca:	552a      	strb	r2, [r5, r4]
10003acc:	3401      	adds	r4, #1
10003ace:	e7c3      	b.n	10003a58 <_ntoa_format+0x82>
10003ad0:	0772      	lsls	r2, r6, #29
10003ad2:	d503      	bpl.n	10003adc <_ntoa_format+0x106>
10003ad4:	222b      	movs	r2, #43	; 0x2b
10003ad6:	552a      	strb	r2, [r5, r4]
10003ad8:	3401      	adds	r4, #1
10003ada:	e7ca      	b.n	10003a72 <_ntoa_format+0x9c>
10003adc:	0732      	lsls	r2, r6, #28
10003ade:	d5c8      	bpl.n	10003a72 <_ntoa_format+0x9c>
10003ae0:	2220      	movs	r2, #32
10003ae2:	552a      	strb	r2, [r5, r4]
10003ae4:	3401      	adds	r4, #1
10003ae6:	e7c4      	b.n	10003a72 <_ntoa_format+0x9c>

10003ae8 <_ntoa_long>:
10003ae8:	b5f0      	push	{r4, r5, r6, r7, lr}
10003aea:	46de      	mov	lr, fp
10003aec:	4657      	mov	r7, sl
10003aee:	464e      	mov	r6, r9
10003af0:	4645      	mov	r5, r8
10003af2:	b5e0      	push	{r5, r6, r7, lr}
10003af4:	b093      	sub	sp, #76	; 0x4c
10003af6:	4681      	mov	r9, r0
10003af8:	468a      	mov	sl, r1
10003afa:	9208      	str	r2, [sp, #32]
10003afc:	9309      	str	r3, [sp, #36]	; 0x24
10003afe:	ab1c      	add	r3, sp, #112	; 0x70
10003b00:	cb10      	ldmia	r3!, {r4}
10003b02:	781b      	ldrb	r3, [r3, #0]
10003b04:	469b      	mov	fp, r3
10003b06:	9d1e      	ldr	r5, [sp, #120]	; 0x78
10003b08:	9b21      	ldr	r3, [sp, #132]	; 0x84
10003b0a:	4698      	mov	r8, r3
10003b0c:	2c00      	cmp	r4, #0
10003b0e:	d103      	bne.n	10003b18 <_ntoa_long+0x30>
10003b10:	2310      	movs	r3, #16
10003b12:	4642      	mov	r2, r8
10003b14:	439a      	bics	r2, r3
10003b16:	4690      	mov	r8, r2
10003b18:	2380      	movs	r3, #128	; 0x80
10003b1a:	00db      	lsls	r3, r3, #3
10003b1c:	4646      	mov	r6, r8
10003b1e:	401e      	ands	r6, r3
10003b20:	4642      	mov	r2, r8
10003b22:	421a      	tst	r2, r3
10003b24:	d012      	beq.n	10003b4c <_ntoa_long+0x64>
10003b26:	2c00      	cmp	r4, #0
10003b28:	d022      	beq.n	10003b70 <_ntoa_long+0x88>
10003b2a:	2600      	movs	r6, #0
10003b2c:	e00e      	b.n	10003b4c <_ntoa_long+0x64>
10003b2e:	3330      	adds	r3, #48	; 0x30
10003b30:	b2d9      	uxtb	r1, r3
10003b32:	1c77      	adds	r7, r6, #1
10003b34:	ab0a      	add	r3, sp, #40	; 0x28
10003b36:	5599      	strb	r1, [r3, r6]
10003b38:	0029      	movs	r1, r5
10003b3a:	0020      	movs	r0, r4
10003b3c:	f000 ffea 	bl	10004b14 <__wrap___aeabi_uidiv>
10003b40:	42ac      	cmp	r4, r5
10003b42:	d316      	bcc.n	10003b72 <_ntoa_long+0x8a>
10003b44:	2f1f      	cmp	r7, #31
10003b46:	d814      	bhi.n	10003b72 <_ntoa_long+0x8a>
10003b48:	003e      	movs	r6, r7
10003b4a:	0004      	movs	r4, r0
10003b4c:	0029      	movs	r1, r5
10003b4e:	0020      	movs	r0, r4
10003b50:	f000 ffe0 	bl	10004b14 <__wrap___aeabi_uidiv>
10003b54:	b2cb      	uxtb	r3, r1
10003b56:	2b09      	cmp	r3, #9
10003b58:	d9e9      	bls.n	10003b2e <_ntoa_long+0x46>
10003b5a:	4642      	mov	r2, r8
10003b5c:	0692      	lsls	r2, r2, #26
10003b5e:	d505      	bpl.n	10003b6c <_ntoa_long+0x84>
10003b60:	2141      	movs	r1, #65	; 0x41
10003b62:	18c9      	adds	r1, r1, r3
10003b64:	b2c9      	uxtb	r1, r1
10003b66:	390a      	subs	r1, #10
10003b68:	b2c9      	uxtb	r1, r1
10003b6a:	e7e2      	b.n	10003b32 <_ntoa_long+0x4a>
10003b6c:	2161      	movs	r1, #97	; 0x61
10003b6e:	e7f8      	b.n	10003b62 <_ntoa_long+0x7a>
10003b70:	0027      	movs	r7, r4
10003b72:	4643      	mov	r3, r8
10003b74:	9306      	str	r3, [sp, #24]
10003b76:	9b20      	ldr	r3, [sp, #128]	; 0x80
10003b78:	9305      	str	r3, [sp, #20]
10003b7a:	9b1f      	ldr	r3, [sp, #124]	; 0x7c
10003b7c:	9304      	str	r3, [sp, #16]
10003b7e:	9503      	str	r5, [sp, #12]
10003b80:	465b      	mov	r3, fp
10003b82:	9302      	str	r3, [sp, #8]
10003b84:	9701      	str	r7, [sp, #4]
10003b86:	ab0a      	add	r3, sp, #40	; 0x28
10003b88:	9300      	str	r3, [sp, #0]
10003b8a:	9b09      	ldr	r3, [sp, #36]	; 0x24
10003b8c:	9a08      	ldr	r2, [sp, #32]
10003b8e:	4651      	mov	r1, sl
10003b90:	4648      	mov	r0, r9
10003b92:	f7ff ff20 	bl	100039d6 <_ntoa_format>
10003b96:	b013      	add	sp, #76	; 0x4c
10003b98:	bcf0      	pop	{r4, r5, r6, r7}
10003b9a:	46bb      	mov	fp, r7
10003b9c:	46b2      	mov	sl, r6
10003b9e:	46a9      	mov	r9, r5
10003ba0:	46a0      	mov	r8, r4
10003ba2:	bdf0      	pop	{r4, r5, r6, r7, pc}

10003ba4 <_ntoa_long_long>:
10003ba4:	b5f0      	push	{r4, r5, r6, r7, lr}
10003ba6:	46de      	mov	lr, fp
10003ba8:	4657      	mov	r7, sl
10003baa:	464e      	mov	r6, r9
10003bac:	4645      	mov	r5, r8
10003bae:	b5e0      	push	{r5, r6, r7, lr}
10003bb0:	b095      	sub	sp, #84	; 0x54
10003bb2:	9008      	str	r0, [sp, #32]
10003bb4:	9109      	str	r1, [sp, #36]	; 0x24
10003bb6:	920a      	str	r2, [sp, #40]	; 0x28
10003bb8:	930b      	str	r3, [sp, #44]	; 0x2c
10003bba:	9e1e      	ldr	r6, [sp, #120]	; 0x78
10003bbc:	9c1f      	ldr	r4, [sp, #124]	; 0x7c
10003bbe:	ab20      	add	r3, sp, #128	; 0x80
10003bc0:	781b      	ldrb	r3, [r3, #0]
10003bc2:	469b      	mov	fp, r3
10003bc4:	9b22      	ldr	r3, [sp, #136]	; 0x88
10003bc6:	4699      	mov	r9, r3
10003bc8:	9d23      	ldr	r5, [sp, #140]	; 0x8c
10003bca:	9b26      	ldr	r3, [sp, #152]	; 0x98
10003bcc:	469a      	mov	sl, r3
10003bce:	0033      	movs	r3, r6
10003bd0:	4323      	orrs	r3, r4
10003bd2:	d103      	bne.n	10003bdc <_ntoa_long_long+0x38>
10003bd4:	3310      	adds	r3, #16
10003bd6:	4652      	mov	r2, sl
10003bd8:	439a      	bics	r2, r3
10003bda:	4692      	mov	sl, r2
10003bdc:	2380      	movs	r3, #128	; 0x80
10003bde:	00db      	lsls	r3, r3, #3
10003be0:	4657      	mov	r7, sl
10003be2:	401f      	ands	r7, r3
10003be4:	4652      	mov	r2, sl
10003be6:	421a      	tst	r2, r3
10003be8:	d019      	beq.n	10003c1e <_ntoa_long_long+0x7a>
10003bea:	0033      	movs	r3, r6
10003bec:	4323      	orrs	r3, r4
10003bee:	d02d      	beq.n	10003c4c <_ntoa_long_long+0xa8>
10003bf0:	2700      	movs	r7, #0
10003bf2:	e014      	b.n	10003c1e <_ntoa_long_long+0x7a>
10003bf4:	3330      	adds	r3, #48	; 0x30
10003bf6:	b2da      	uxtb	r2, r3
10003bf8:	1c7b      	adds	r3, r7, #1
10003bfa:	4698      	mov	r8, r3
10003bfc:	ab0c      	add	r3, sp, #48	; 0x30
10003bfe:	55da      	strb	r2, [r3, r7]
10003c00:	464a      	mov	r2, r9
10003c02:	002b      	movs	r3, r5
10003c04:	0030      	movs	r0, r6
10003c06:	0021      	movs	r1, r4
10003c08:	f000 ffc2 	bl	10004b90 <__wrap___aeabi_uldivmod>
10003c0c:	42a5      	cmp	r5, r4
10003c0e:	d81f      	bhi.n	10003c50 <_ntoa_long_long+0xac>
10003c10:	d019      	beq.n	10003c46 <_ntoa_long_long+0xa2>
10003c12:	4643      	mov	r3, r8
10003c14:	2b1f      	cmp	r3, #31
10003c16:	d81b      	bhi.n	10003c50 <_ntoa_long_long+0xac>
10003c18:	4647      	mov	r7, r8
10003c1a:	0006      	movs	r6, r0
10003c1c:	000c      	movs	r4, r1
10003c1e:	464a      	mov	r2, r9
10003c20:	002b      	movs	r3, r5
10003c22:	0030      	movs	r0, r6
10003c24:	0021      	movs	r1, r4
10003c26:	f000 ffb3 	bl	10004b90 <__wrap___aeabi_uldivmod>
10003c2a:	b2d3      	uxtb	r3, r2
10003c2c:	2b09      	cmp	r3, #9
10003c2e:	d9e1      	bls.n	10003bf4 <_ntoa_long_long+0x50>
10003c30:	4652      	mov	r2, sl
10003c32:	0692      	lsls	r2, r2, #26
10003c34:	d505      	bpl.n	10003c42 <_ntoa_long_long+0x9e>
10003c36:	2241      	movs	r2, #65	; 0x41
10003c38:	18d2      	adds	r2, r2, r3
10003c3a:	b2d2      	uxtb	r2, r2
10003c3c:	3a0a      	subs	r2, #10
10003c3e:	b2d2      	uxtb	r2, r2
10003c40:	e7da      	b.n	10003bf8 <_ntoa_long_long+0x54>
10003c42:	2261      	movs	r2, #97	; 0x61
10003c44:	e7f8      	b.n	10003c38 <_ntoa_long_long+0x94>
10003c46:	45b1      	cmp	r9, r6
10003c48:	d9e3      	bls.n	10003c12 <_ntoa_long_long+0x6e>
10003c4a:	e001      	b.n	10003c50 <_ntoa_long_long+0xac>
10003c4c:	2300      	movs	r3, #0
10003c4e:	4698      	mov	r8, r3
10003c50:	4653      	mov	r3, sl
10003c52:	9306      	str	r3, [sp, #24]
10003c54:	9b25      	ldr	r3, [sp, #148]	; 0x94
10003c56:	9305      	str	r3, [sp, #20]
10003c58:	9b24      	ldr	r3, [sp, #144]	; 0x90
10003c5a:	9304      	str	r3, [sp, #16]
10003c5c:	464b      	mov	r3, r9
10003c5e:	9303      	str	r3, [sp, #12]
10003c60:	465b      	mov	r3, fp
10003c62:	9302      	str	r3, [sp, #8]
10003c64:	4643      	mov	r3, r8
10003c66:	9301      	str	r3, [sp, #4]
10003c68:	ab0c      	add	r3, sp, #48	; 0x30
10003c6a:	9300      	str	r3, [sp, #0]
10003c6c:	9b0b      	ldr	r3, [sp, #44]	; 0x2c
10003c6e:	9a0a      	ldr	r2, [sp, #40]	; 0x28
10003c70:	9909      	ldr	r1, [sp, #36]	; 0x24
10003c72:	9808      	ldr	r0, [sp, #32]
10003c74:	f7ff feaf 	bl	100039d6 <_ntoa_format>
10003c78:	b015      	add	sp, #84	; 0x54
10003c7a:	bcf0      	pop	{r4, r5, r6, r7}
10003c7c:	46bb      	mov	fp, r7
10003c7e:	46b2      	mov	sl, r6
10003c80:	46a9      	mov	r9, r5
10003c82:	46a0      	mov	r8, r4
10003c84:	bdf0      	pop	{r4, r5, r6, r7, pc}
	...

10003c88 <_etoa>:
10003c88:	b5f0      	push	{r4, r5, r6, r7, lr}
10003c8a:	46de      	mov	lr, fp
10003c8c:	4657      	mov	r7, sl
10003c8e:	464e      	mov	r6, r9
10003c90:	4645      	mov	r5, r8
10003c92:	b5e0      	push	{r5, r6, r7, lr}
10003c94:	b091      	sub	sp, #68	; 0x44
10003c96:	4683      	mov	fp, r0
10003c98:	468a      	mov	sl, r1
10003c9a:	920c      	str	r2, [sp, #48]	; 0x30
10003c9c:	4698      	mov	r8, r3
10003c9e:	9c1a      	ldr	r4, [sp, #104]	; 0x68
10003ca0:	9408      	str	r4, [sp, #32]
10003ca2:	9d1b      	ldr	r5, [sp, #108]	; 0x6c
10003ca4:	9509      	str	r5, [sp, #36]	; 0x24
10003ca6:	0022      	movs	r2, r4
10003ca8:	002b      	movs	r3, r5
10003caa:	0020      	movs	r0, r4
10003cac:	0029      	movs	r1, r5
10003cae:	f001 fa02 	bl	100050b6 <__wrap___aeabi_dcmpun>
10003cb2:	2800      	cmp	r0, #0
10003cb4:	d000      	beq.n	10003cb8 <_etoa+0x30>
10003cb6:	e0e5      	b.n	10003e84 <_etoa+0x1fc>
10003cb8:	2201      	movs	r2, #1
10003cba:	4252      	negs	r2, r2
10003cbc:	4bd7      	ldr	r3, [pc, #860]	; (1000401c <_etoa+0x394>)
10003cbe:	0020      	movs	r0, r4
10003cc0:	0029      	movs	r1, r5
10003cc2:	f001 f9f3 	bl	100050ac <__wrap___aeabi_dcmpgt>
10003cc6:	2800      	cmp	r0, #0
10003cc8:	d000      	beq.n	10003ccc <_etoa+0x44>
10003cca:	e0db      	b.n	10003e84 <_etoa+0x1fc>
10003ccc:	2201      	movs	r2, #1
10003cce:	4252      	negs	r2, r2
10003cd0:	4bd3      	ldr	r3, [pc, #844]	; (10004020 <_etoa+0x398>)
10003cd2:	0020      	movs	r0, r4
10003cd4:	0029      	movs	r1, r5
10003cd6:	f001 f9d3 	bl	10005080 <__wrap___aeabi_dcmplt>
10003cda:	2800      	cmp	r0, #0
10003cdc:	d000      	beq.n	10003ce0 <_etoa+0x58>
10003cde:	e0d1      	b.n	10003e84 <_etoa+0x1fc>
10003ce0:	2200      	movs	r2, #0
10003ce2:	2300      	movs	r3, #0
10003ce4:	9e08      	ldr	r6, [sp, #32]
10003ce6:	0030      	movs	r0, r6
10003ce8:	9d09      	ldr	r5, [sp, #36]	; 0x24
10003cea:	0029      	movs	r1, r5
10003cec:	f001 f9c8 	bl	10005080 <__wrap___aeabi_dcmplt>
10003cf0:	2800      	cmp	r0, #0
10003cf2:	d000      	beq.n	10003cf6 <_etoa+0x6e>
10003cf4:	e0dd      	b.n	10003eb2 <_etoa+0x22a>
10003cf6:	9808      	ldr	r0, [sp, #32]
10003cf8:	9909      	ldr	r1, [sp, #36]	; 0x24
10003cfa:	9006      	str	r0, [sp, #24]
10003cfc:	9107      	str	r1, [sp, #28]
10003cfe:	2380      	movs	r3, #128	; 0x80
10003d00:	00db      	lsls	r3, r3, #3
10003d02:	9a1e      	ldr	r2, [sp, #120]	; 0x78
10003d04:	401a      	ands	r2, r3
10003d06:	920d      	str	r2, [sp, #52]	; 0x34
10003d08:	9a1e      	ldr	r2, [sp, #120]	; 0x78
10003d0a:	421a      	tst	r2, r3
10003d0c:	d101      	bne.n	10003d12 <_etoa+0x8a>
10003d0e:	2306      	movs	r3, #6
10003d10:	931c      	str	r3, [sp, #112]	; 0x70
10003d12:	9806      	ldr	r0, [sp, #24]
10003d14:	9907      	ldr	r1, [sp, #28]
10003d16:	0004      	movs	r4, r0
10003d18:	000d      	movs	r5, r1
10003d1a:	000a      	movs	r2, r1
10003d1c:	0006      	movs	r6, r0
10003d1e:	4302      	orrs	r2, r0
10003d20:	d100      	bne.n	10003d24 <_etoa+0x9c>
10003d22:	e0d1      	b.n	10003ec8 <_etoa+0x240>
10003d24:	0d08      	lsrs	r0, r1, #20
10003d26:	0540      	lsls	r0, r0, #21
10003d28:	0d40      	lsrs	r0, r0, #21
10003d2a:	4cbe      	ldr	r4, [pc, #760]	; (10004024 <_etoa+0x39c>)
10003d2c:	46a4      	mov	ip, r4
10003d2e:	4460      	add	r0, ip
10003d30:	030a      	lsls	r2, r1, #12
10003d32:	0b12      	lsrs	r2, r2, #12
10003d34:	4bbc      	ldr	r3, [pc, #752]	; (10004028 <_etoa+0x3a0>)
10003d36:	4313      	orrs	r3, r2
10003d38:	001f      	movs	r7, r3
10003d3a:	f001 f9cf 	bl	100050dc <__wrap___aeabi_i2d>
10003d3e:	4abb      	ldr	r2, [pc, #748]	; (1000402c <_etoa+0x3a4>)
10003d40:	4bbb      	ldr	r3, [pc, #748]	; (10004030 <_etoa+0x3a8>)
10003d42:	f001 f952 	bl	10004fea <__wrap___aeabi_dmul>
10003d46:	4abb      	ldr	r2, [pc, #748]	; (10004034 <_etoa+0x3ac>)
10003d48:	4bbb      	ldr	r3, [pc, #748]	; (10004038 <_etoa+0x3b0>)
10003d4a:	f001 f927 	bl	10004f9c <__wrap___aeabi_dadd>
10003d4e:	0004      	movs	r4, r0
10003d50:	000d      	movs	r5, r1
10003d52:	2200      	movs	r2, #0
10003d54:	4bb9      	ldr	r3, [pc, #740]	; (1000403c <_etoa+0x3b4>)
10003d56:	0030      	movs	r0, r6
10003d58:	0039      	movs	r1, r7
10003d5a:	f001 f916 	bl	10004f8a <__wrap___aeabi_dsub>
10003d5e:	4ab8      	ldr	r2, [pc, #736]	; (10004040 <_etoa+0x3b8>)
10003d60:	4bb8      	ldr	r3, [pc, #736]	; (10004044 <_etoa+0x3bc>)
10003d62:	f001 f942 	bl	10004fea <__wrap___aeabi_dmul>
10003d66:	0002      	movs	r2, r0
10003d68:	000b      	movs	r3, r1
10003d6a:	0020      	movs	r0, r4
10003d6c:	0029      	movs	r1, r5
10003d6e:	f001 f915 	bl	10004f9c <__wrap___aeabi_dadd>
10003d72:	f001 f9cb 	bl	1000510c <__wrap___aeabi_d2iz>
10003d76:	4681      	mov	r9, r0
10003d78:	f001 f9b0 	bl	100050dc <__wrap___aeabi_i2d>
10003d7c:	0004      	movs	r4, r0
10003d7e:	000d      	movs	r5, r1
10003d80:	4ab1      	ldr	r2, [pc, #708]	; (10004048 <_etoa+0x3c0>)
10003d82:	4bb2      	ldr	r3, [pc, #712]	; (1000404c <_etoa+0x3c4>)
10003d84:	f001 f931 	bl	10004fea <__wrap___aeabi_dmul>
10003d88:	2200      	movs	r2, #0
10003d8a:	4bb1      	ldr	r3, [pc, #708]	; (10004050 <_etoa+0x3c8>)
10003d8c:	f001 f906 	bl	10004f9c <__wrap___aeabi_dadd>
10003d90:	f001 f9bc 	bl	1000510c <__wrap___aeabi_d2iz>
10003d94:	0006      	movs	r6, r0
10003d96:	4aaf      	ldr	r2, [pc, #700]	; (10004054 <_etoa+0x3cc>)
10003d98:	4baf      	ldr	r3, [pc, #700]	; (10004058 <_etoa+0x3d0>)
10003d9a:	0020      	movs	r0, r4
10003d9c:	0029      	movs	r1, r5
10003d9e:	f001 f924 	bl	10004fea <__wrap___aeabi_dmul>
10003da2:	0004      	movs	r4, r0
10003da4:	000d      	movs	r5, r1
10003da6:	0030      	movs	r0, r6
10003da8:	f001 f998 	bl	100050dc <__wrap___aeabi_i2d>
10003dac:	4aab      	ldr	r2, [pc, #684]	; (1000405c <_etoa+0x3d4>)
10003dae:	4bac      	ldr	r3, [pc, #688]	; (10004060 <_etoa+0x3d8>)
10003db0:	f001 f91b 	bl	10004fea <__wrap___aeabi_dmul>
10003db4:	0002      	movs	r2, r0
10003db6:	000b      	movs	r3, r1
10003db8:	0020      	movs	r0, r4
10003dba:	0029      	movs	r1, r5
10003dbc:	f001 f8e5 	bl	10004f8a <__wrap___aeabi_dsub>
10003dc0:	0004      	movs	r4, r0
10003dc2:	000d      	movs	r5, r1
10003dc4:	0002      	movs	r2, r0
10003dc6:	000b      	movs	r3, r1
10003dc8:	f001 f90f 	bl	10004fea <__wrap___aeabi_dmul>
10003dcc:	900a      	str	r0, [sp, #40]	; 0x28
10003dce:	910b      	str	r1, [sp, #44]	; 0x2c
10003dd0:	4ba4      	ldr	r3, [pc, #656]	; (10004064 <_etoa+0x3dc>)
10003dd2:	18f3      	adds	r3, r6, r3
10003dd4:	2600      	movs	r6, #0
10003dd6:	051f      	lsls	r7, r3, #20
10003dd8:	0022      	movs	r2, r4
10003dda:	002b      	movs	r3, r5
10003ddc:	0020      	movs	r0, r4
10003dde:	0029      	movs	r1, r5
10003de0:	f001 f8dc 	bl	10004f9c <__wrap___aeabi_dadd>
10003de4:	900e      	str	r0, [sp, #56]	; 0x38
10003de6:	910f      	str	r1, [sp, #60]	; 0x3c
10003de8:	0022      	movs	r2, r4
10003dea:	002b      	movs	r3, r5
10003dec:	2000      	movs	r0, #0
10003dee:	2180      	movs	r1, #128	; 0x80
10003df0:	05c9      	lsls	r1, r1, #23
10003df2:	f001 f8ca 	bl	10004f8a <__wrap___aeabi_dsub>
10003df6:	0004      	movs	r4, r0
10003df8:	000d      	movs	r5, r1
10003dfa:	2200      	movs	r2, #0
10003dfc:	4b9a      	ldr	r3, [pc, #616]	; (10004068 <_etoa+0x3e0>)
10003dfe:	980a      	ldr	r0, [sp, #40]	; 0x28
10003e00:	990b      	ldr	r1, [sp, #44]	; 0x2c
10003e02:	f001 f8d4 	bl	10004fae <__wrap___aeabi_ddiv>
10003e06:	2200      	movs	r2, #0
10003e08:	4b98      	ldr	r3, [pc, #608]	; (1000406c <_etoa+0x3e4>)
10003e0a:	f001 f8c7 	bl	10004f9c <__wrap___aeabi_dadd>
10003e0e:	0002      	movs	r2, r0
10003e10:	000b      	movs	r3, r1
10003e12:	980a      	ldr	r0, [sp, #40]	; 0x28
10003e14:	990b      	ldr	r1, [sp, #44]	; 0x2c
10003e16:	f001 f8ca 	bl	10004fae <__wrap___aeabi_ddiv>
10003e1a:	2200      	movs	r2, #0
10003e1c:	4b94      	ldr	r3, [pc, #592]	; (10004070 <_etoa+0x3e8>)
10003e1e:	f001 f8bd 	bl	10004f9c <__wrap___aeabi_dadd>
10003e22:	0002      	movs	r2, r0
10003e24:	000b      	movs	r3, r1
10003e26:	980a      	ldr	r0, [sp, #40]	; 0x28
10003e28:	990b      	ldr	r1, [sp, #44]	; 0x2c
10003e2a:	f001 f8c0 	bl	10004fae <__wrap___aeabi_ddiv>
10003e2e:	0002      	movs	r2, r0
10003e30:	000b      	movs	r3, r1
10003e32:	0020      	movs	r0, r4
10003e34:	0029      	movs	r1, r5
10003e36:	f001 f8b1 	bl	10004f9c <__wrap___aeabi_dadd>
10003e3a:	0002      	movs	r2, r0
10003e3c:	000b      	movs	r3, r1
10003e3e:	980e      	ldr	r0, [sp, #56]	; 0x38
10003e40:	990f      	ldr	r1, [sp, #60]	; 0x3c
10003e42:	f001 f8b4 	bl	10004fae <__wrap___aeabi_ddiv>
10003e46:	2200      	movs	r2, #0
10003e48:	4b77      	ldr	r3, [pc, #476]	; (10004028 <_etoa+0x3a0>)
10003e4a:	f001 f8a7 	bl	10004f9c <__wrap___aeabi_dadd>
10003e4e:	0032      	movs	r2, r6
10003e50:	003b      	movs	r3, r7
10003e52:	f001 f8ca 	bl	10004fea <__wrap___aeabi_dmul>
10003e56:	0006      	movs	r6, r0
10003e58:	000f      	movs	r7, r1
10003e5a:	0004      	movs	r4, r0
10003e5c:	000d      	movs	r5, r1
10003e5e:	9a06      	ldr	r2, [sp, #24]
10003e60:	9b07      	ldr	r3, [sp, #28]
10003e62:	f001 f923 	bl	100050ac <__wrap___aeabi_dcmpgt>
10003e66:	2800      	cmp	r0, #0
10003e68:	d030      	beq.n	10003ecc <_etoa+0x244>
10003e6a:	2301      	movs	r3, #1
10003e6c:	425b      	negs	r3, r3
10003e6e:	469c      	mov	ip, r3
10003e70:	44e1      	add	r9, ip
10003e72:	2200      	movs	r2, #0
10003e74:	4b7d      	ldr	r3, [pc, #500]	; (1000406c <_etoa+0x3e4>)
10003e76:	0030      	movs	r0, r6
10003e78:	0039      	movs	r1, r7
10003e7a:	f001 f898 	bl	10004fae <__wrap___aeabi_ddiv>
10003e7e:	0004      	movs	r4, r0
10003e80:	000d      	movs	r5, r1
10003e82:	e023      	b.n	10003ecc <_etoa+0x244>
10003e84:	9b1e      	ldr	r3, [sp, #120]	; 0x78
10003e86:	9304      	str	r3, [sp, #16]
10003e88:	9b1d      	ldr	r3, [sp, #116]	; 0x74
10003e8a:	9303      	str	r3, [sp, #12]
10003e8c:	9b1c      	ldr	r3, [sp, #112]	; 0x70
10003e8e:	9302      	str	r3, [sp, #8]
10003e90:	9a08      	ldr	r2, [sp, #32]
10003e92:	9b09      	ldr	r3, [sp, #36]	; 0x24
10003e94:	9200      	str	r2, [sp, #0]
10003e96:	9301      	str	r3, [sp, #4]
10003e98:	4643      	mov	r3, r8
10003e9a:	9a0c      	ldr	r2, [sp, #48]	; 0x30
10003e9c:	4651      	mov	r1, sl
10003e9e:	4658      	mov	r0, fp
10003ea0:	f000 f8fc 	bl	1000409c <_ftoa>
10003ea4:	b011      	add	sp, #68	; 0x44
10003ea6:	bcf0      	pop	{r4, r5, r6, r7}
10003ea8:	46bb      	mov	fp, r7
10003eaa:	46b2      	mov	sl, r6
10003eac:	46a9      	mov	r9, r5
10003eae:	46a0      	mov	r8, r4
10003eb0:	bdf0      	pop	{r4, r5, r6, r7, pc}
10003eb2:	2300      	movs	r3, #0
10003eb4:	2400      	movs	r4, #0
10003eb6:	9306      	str	r3, [sp, #24]
10003eb8:	9407      	str	r4, [sp, #28]
10003eba:	9606      	str	r6, [sp, #24]
10003ebc:	2380      	movs	r3, #128	; 0x80
10003ebe:	061b      	lsls	r3, r3, #24
10003ec0:	469c      	mov	ip, r3
10003ec2:	4465      	add	r5, ip
10003ec4:	9507      	str	r5, [sp, #28]
10003ec6:	e71a      	b.n	10003cfe <_etoa+0x76>
10003ec8:	2300      	movs	r3, #0
10003eca:	4699      	mov	r9, r3
10003ecc:	464b      	mov	r3, r9
10003ece:	3363      	adds	r3, #99	; 0x63
10003ed0:	2bc6      	cmp	r3, #198	; 0xc6
10003ed2:	d81e      	bhi.n	10003f12 <_etoa+0x28a>
10003ed4:	2604      	movs	r6, #4
10003ed6:	9b1e      	ldr	r3, [sp, #120]	; 0x78
10003ed8:	051b      	lsls	r3, r3, #20
10003eda:	d526      	bpl.n	10003f2a <_etoa+0x2a2>
10003edc:	002b      	movs	r3, r5
10003ede:	4323      	orrs	r3, r4
10003ee0:	d00f      	beq.n	10003f02 <_etoa+0x27a>
10003ee2:	4a64      	ldr	r2, [pc, #400]	; (10004074 <_etoa+0x3ec>)
10003ee4:	4b64      	ldr	r3, [pc, #400]	; (10004078 <_etoa+0x3f0>)
10003ee6:	9806      	ldr	r0, [sp, #24]
10003ee8:	9907      	ldr	r1, [sp, #28]
10003eea:	f001 f8d7 	bl	1000509c <__wrap___aeabi_dcmpge>
10003eee:	2800      	cmp	r0, #0
10003ef0:	d079      	beq.n	10003fe6 <_etoa+0x35e>
10003ef2:	2200      	movs	r2, #0
10003ef4:	4b61      	ldr	r3, [pc, #388]	; (1000407c <_etoa+0x3f4>)
10003ef6:	9806      	ldr	r0, [sp, #24]
10003ef8:	9907      	ldr	r1, [sp, #28]
10003efa:	f001 f8c1 	bl	10005080 <__wrap___aeabi_dcmplt>
10003efe:	2800      	cmp	r0, #0
10003f00:	d071      	beq.n	10003fe6 <_etoa+0x35e>
10003f02:	9b1c      	ldr	r3, [sp, #112]	; 0x70
10003f04:	454b      	cmp	r3, r9
10003f06:	dd06      	ble.n	10003f16 <_etoa+0x28e>
10003f08:	464a      	mov	r2, r9
10003f0a:	1a98      	subs	r0, r3, r2
10003f0c:	1e43      	subs	r3, r0, #1
10003f0e:	931c      	str	r3, [sp, #112]	; 0x70
10003f10:	e003      	b.n	10003f1a <_etoa+0x292>
10003f12:	2605      	movs	r6, #5
10003f14:	e7df      	b.n	10003ed6 <_etoa+0x24e>
10003f16:	2300      	movs	r3, #0
10003f18:	931c      	str	r3, [sp, #112]	; 0x70
10003f1a:	2380      	movs	r3, #128	; 0x80
10003f1c:	00db      	lsls	r3, r3, #3
10003f1e:	9a1e      	ldr	r2, [sp, #120]	; 0x78
10003f20:	431a      	orrs	r2, r3
10003f22:	921e      	str	r2, [sp, #120]	; 0x78
10003f24:	2600      	movs	r6, #0
10003f26:	2300      	movs	r3, #0
10003f28:	4699      	mov	r9, r3
10003f2a:	9b1d      	ldr	r3, [sp, #116]	; 0x74
10003f2c:	429e      	cmp	r6, r3
10003f2e:	d264      	bcs.n	10003ffa <_etoa+0x372>
10003f30:	1b9f      	subs	r7, r3, r6
10003f32:	2302      	movs	r3, #2
10003f34:	9a1e      	ldr	r2, [sp, #120]	; 0x78
10003f36:	401a      	ands	r2, r3
10003f38:	920a      	str	r2, [sp, #40]	; 0x28
10003f3a:	9a1e      	ldr	r2, [sp, #120]	; 0x78
10003f3c:	4213      	tst	r3, r2
10003f3e:	d002      	beq.n	10003f46 <_etoa+0x2be>
10003f40:	2e00      	cmp	r6, #0
10003f42:	d000      	beq.n	10003f46 <_etoa+0x2be>
10003f44:	2700      	movs	r7, #0
10003f46:	464b      	mov	r3, r9
10003f48:	2b00      	cmp	r3, #0
10003f4a:	d007      	beq.n	10003f5c <_etoa+0x2d4>
10003f4c:	0022      	movs	r2, r4
10003f4e:	002b      	movs	r3, r5
10003f50:	9806      	ldr	r0, [sp, #24]
10003f52:	9907      	ldr	r1, [sp, #28]
10003f54:	f001 f82b 	bl	10004fae <__wrap___aeabi_ddiv>
10003f58:	9006      	str	r0, [sp, #24]
10003f5a:	9107      	str	r1, [sp, #28]
10003f5c:	2200      	movs	r2, #0
10003f5e:	2300      	movs	r3, #0
10003f60:	9808      	ldr	r0, [sp, #32]
10003f62:	9909      	ldr	r1, [sp, #36]	; 0x24
10003f64:	f001 f88c 	bl	10005080 <__wrap___aeabi_dcmplt>
10003f68:	2800      	cmp	r0, #0
10003f6a:	d148      	bne.n	10003ffe <_etoa+0x376>
10003f6c:	4b44      	ldr	r3, [pc, #272]	; (10004080 <_etoa+0x3f8>)
10003f6e:	9a1e      	ldr	r2, [sp, #120]	; 0x78
10003f70:	4013      	ands	r3, r2
10003f72:	9304      	str	r3, [sp, #16]
10003f74:	9703      	str	r7, [sp, #12]
10003f76:	9b1c      	ldr	r3, [sp, #112]	; 0x70
10003f78:	9302      	str	r3, [sp, #8]
10003f7a:	9b06      	ldr	r3, [sp, #24]
10003f7c:	9c07      	ldr	r4, [sp, #28]
10003f7e:	9300      	str	r3, [sp, #0]
10003f80:	9401      	str	r4, [sp, #4]
10003f82:	4643      	mov	r3, r8
10003f84:	9a0c      	ldr	r2, [sp, #48]	; 0x30
10003f86:	4651      	mov	r1, sl
10003f88:	4658      	mov	r0, fp
10003f8a:	f000 f887 	bl	1000409c <_ftoa>
10003f8e:	2e00      	cmp	r6, #0
10003f90:	d100      	bne.n	10003f94 <_etoa+0x30c>
10003f92:	e787      	b.n	10003ea4 <_etoa+0x21c>
10003f94:	9b1e      	ldr	r3, [sp, #120]	; 0x78
10003f96:	069b      	lsls	r3, r3, #26
10003f98:	d53d      	bpl.n	10004016 <_etoa+0x38e>
10003f9a:	2545      	movs	r5, #69	; 0x45
10003f9c:	1c44      	adds	r4, r0, #1
10003f9e:	4643      	mov	r3, r8
10003fa0:	0002      	movs	r2, r0
10003fa2:	4651      	mov	r1, sl
10003fa4:	0028      	movs	r0, r5
10003fa6:	47d8      	blx	fp
10003fa8:	464b      	mov	r3, r9
10003faa:	17da      	asrs	r2, r3, #31
10003fac:	189b      	adds	r3, r3, r2
10003fae:	4053      	eors	r3, r2
10003fb0:	2205      	movs	r2, #5
10003fb2:	9205      	str	r2, [sp, #20]
10003fb4:	3e01      	subs	r6, #1
10003fb6:	9604      	str	r6, [sp, #16]
10003fb8:	2200      	movs	r2, #0
10003fba:	9203      	str	r2, [sp, #12]
10003fbc:	320a      	adds	r2, #10
10003fbe:	9202      	str	r2, [sp, #8]
10003fc0:	464a      	mov	r2, r9
10003fc2:	0fd0      	lsrs	r0, r2, #31
10003fc4:	9001      	str	r0, [sp, #4]
10003fc6:	9300      	str	r3, [sp, #0]
10003fc8:	4643      	mov	r3, r8
10003fca:	0022      	movs	r2, r4
10003fcc:	4651      	mov	r1, sl
10003fce:	4658      	mov	r0, fp
10003fd0:	f7ff fd8a 	bl	10003ae8 <_ntoa_long>
10003fd4:	9b0a      	ldr	r3, [sp, #40]	; 0x28
10003fd6:	2b00      	cmp	r3, #0
10003fd8:	d100      	bne.n	10003fdc <_etoa+0x354>
10003fda:	e763      	b.n	10003ea4 <_etoa+0x21c>
10003fdc:	0002      	movs	r2, r0
10003fde:	465f      	mov	r7, fp
10003fe0:	9e0c      	ldr	r6, [sp, #48]	; 0x30
10003fe2:	9d1d      	ldr	r5, [sp, #116]	; 0x74
10003fe4:	e054      	b.n	10004090 <_etoa+0x408>
10003fe6:	9b1c      	ldr	r3, [sp, #112]	; 0x70
10003fe8:	2b00      	cmp	r3, #0
10003fea:	d09e      	beq.n	10003f2a <_etoa+0x2a2>
10003fec:	9b0d      	ldr	r3, [sp, #52]	; 0x34
10003fee:	2b00      	cmp	r3, #0
10003ff0:	d09b      	beq.n	10003f2a <_etoa+0x2a2>
10003ff2:	9b1c      	ldr	r3, [sp, #112]	; 0x70
10003ff4:	3b01      	subs	r3, #1
10003ff6:	931c      	str	r3, [sp, #112]	; 0x70
10003ff8:	e797      	b.n	10003f2a <_etoa+0x2a2>
10003ffa:	2700      	movs	r7, #0
10003ffc:	e799      	b.n	10003f32 <_etoa+0x2aa>
10003ffe:	9c06      	ldr	r4, [sp, #24]
10004000:	9d07      	ldr	r5, [sp, #28]
10004002:	0022      	movs	r2, r4
10004004:	0029      	movs	r1, r5
10004006:	2080      	movs	r0, #128	; 0x80
10004008:	0600      	lsls	r0, r0, #24
1000400a:	4684      	mov	ip, r0
1000400c:	4461      	add	r1, ip
1000400e:	000b      	movs	r3, r1
10004010:	9206      	str	r2, [sp, #24]
10004012:	9307      	str	r3, [sp, #28]
10004014:	e7aa      	b.n	10003f6c <_etoa+0x2e4>
10004016:	2565      	movs	r5, #101	; 0x65
10004018:	e7c0      	b.n	10003f9c <_etoa+0x314>
1000401a:	46c0      	nop			; (mov r8, r8)
1000401c:	7fefffff 	.word	0x7fefffff
10004020:	ffefffff 	.word	0xffefffff
10004024:	fffffc01 	.word	0xfffffc01
10004028:	3ff00000 	.word	0x3ff00000
1000402c:	509f79fb 	.word	0x509f79fb
10004030:	3fd34413 	.word	0x3fd34413
10004034:	8b60c8b3 	.word	0x8b60c8b3
10004038:	3fc68a28 	.word	0x3fc68a28
1000403c:	3ff80000 	.word	0x3ff80000
10004040:	636f4361 	.word	0x636f4361
10004044:	3fd287a7 	.word	0x3fd287a7
10004048:	0979a371 	.word	0x0979a371
1000404c:	400a934f 	.word	0x400a934f
10004050:	3fe00000 	.word	0x3fe00000
10004054:	bbb55516 	.word	0xbbb55516
10004058:	40026bb1 	.word	0x40026bb1
1000405c:	fefa39ef 	.word	0xfefa39ef
10004060:	3fe62e42 	.word	0x3fe62e42
10004064:	000003ff 	.word	0x000003ff
10004068:	402c0000 	.word	0x402c0000
1000406c:	40240000 	.word	0x40240000
10004070:	40180000 	.word	0x40180000
10004074:	eb1c432d 	.word	0xeb1c432d
10004078:	3f1a36e2 	.word	0x3f1a36e2
1000407c:	412e8480 	.word	0x412e8480
10004080:	fffff7ff 	.word	0xfffff7ff
10004084:	1c54      	adds	r4, r2, #1
10004086:	4643      	mov	r3, r8
10004088:	4651      	mov	r1, sl
1000408a:	2020      	movs	r0, #32
1000408c:	47b8      	blx	r7
1000408e:	0022      	movs	r2, r4
10004090:	1b93      	subs	r3, r2, r6
10004092:	42ab      	cmp	r3, r5
10004094:	d3f6      	bcc.n	10004084 <_etoa+0x3fc>
10004096:	0010      	movs	r0, r2
10004098:	e704      	b.n	10003ea4 <_etoa+0x21c>
1000409a:	46c0      	nop			; (mov r8, r8)

1000409c <_ftoa>:
1000409c:	b5f0      	push	{r4, r5, r6, r7, lr}
1000409e:	46de      	mov	lr, fp
100040a0:	4657      	mov	r7, sl
100040a2:	464e      	mov	r6, r9
100040a4:	4645      	mov	r5, r8
100040a6:	b5e0      	push	{r5, r6, r7, lr}
100040a8:	b095      	sub	sp, #84	; 0x54
100040aa:	9006      	str	r0, [sp, #24]
100040ac:	9107      	str	r1, [sp, #28]
100040ae:	4693      	mov	fp, r2
100040b0:	4699      	mov	r9, r3
100040b2:	9f20      	ldr	r7, [sp, #128]	; 0x80
100040b4:	9a1e      	ldr	r2, [sp, #120]	; 0x78
100040b6:	9b1f      	ldr	r3, [sp, #124]	; 0x7c
100040b8:	0010      	movs	r0, r2
100040ba:	0019      	movs	r1, r3
100040bc:	f000 fffb 	bl	100050b6 <__wrap___aeabi_dcmpun>
100040c0:	2800      	cmp	r0, #0
100040c2:	d131      	bne.n	10004128 <_ftoa+0x8c>
100040c4:	2201      	movs	r2, #1
100040c6:	4252      	negs	r2, r2
100040c8:	4bbf      	ldr	r3, [pc, #764]	; (100043c8 <_ftoa+0x32c>)
100040ca:	981e      	ldr	r0, [sp, #120]	; 0x78
100040cc:	991f      	ldr	r1, [sp, #124]	; 0x7c
100040ce:	f000 ffd7 	bl	10005080 <__wrap___aeabi_dcmplt>
100040d2:	2800      	cmp	r0, #0
100040d4:	d137      	bne.n	10004146 <_ftoa+0xaa>
100040d6:	2201      	movs	r2, #1
100040d8:	4252      	negs	r2, r2
100040da:	4bbc      	ldr	r3, [pc, #752]	; (100043cc <_ftoa+0x330>)
100040dc:	981e      	ldr	r0, [sp, #120]	; 0x78
100040de:	991f      	ldr	r1, [sp, #124]	; 0x7c
100040e0:	f000 ffe4 	bl	100050ac <__wrap___aeabi_dcmpgt>
100040e4:	2800      	cmp	r0, #0
100040e6:	d13d      	bne.n	10004164 <_ftoa+0xc8>
100040e8:	2200      	movs	r2, #0
100040ea:	4bb9      	ldr	r3, [pc, #740]	; (100043d0 <_ftoa+0x334>)
100040ec:	981e      	ldr	r0, [sp, #120]	; 0x78
100040ee:	991f      	ldr	r1, [sp, #124]	; 0x7c
100040f0:	f000 ffdc 	bl	100050ac <__wrap___aeabi_dcmpgt>
100040f4:	2800      	cmp	r0, #0
100040f6:	d150      	bne.n	1000419a <_ftoa+0xfe>
100040f8:	2200      	movs	r2, #0
100040fa:	4bb6      	ldr	r3, [pc, #728]	; (100043d4 <_ftoa+0x338>)
100040fc:	981e      	ldr	r0, [sp, #120]	; 0x78
100040fe:	991f      	ldr	r1, [sp, #124]	; 0x7c
10004100:	f000 ffbe 	bl	10005080 <__wrap___aeabi_dcmplt>
10004104:	2800      	cmp	r0, #0
10004106:	d148      	bne.n	1000419a <_ftoa+0xfe>
10004108:	2200      	movs	r2, #0
1000410a:	2300      	movs	r3, #0
1000410c:	981e      	ldr	r0, [sp, #120]	; 0x78
1000410e:	991f      	ldr	r1, [sp, #124]	; 0x7c
10004110:	f000 ffb6 	bl	10005080 <__wrap___aeabi_dcmplt>
10004114:	2800      	cmp	r0, #0
10004116:	d150      	bne.n	100041ba <_ftoa+0x11e>
10004118:	2300      	movs	r3, #0
1000411a:	4698      	mov	r8, r3
1000411c:	9b22      	ldr	r3, [sp, #136]	; 0x88
1000411e:	055b      	lsls	r3, r3, #21
10004120:	d400      	bmi.n	10004124 <_ftoa+0x88>
10004122:	e0b6      	b.n	10004292 <_ftoa+0x1f6>
10004124:	2400      	movs	r4, #0
10004126:	e058      	b.n	100041da <_ftoa+0x13e>
10004128:	9b22      	ldr	r3, [sp, #136]	; 0x88
1000412a:	9303      	str	r3, [sp, #12]
1000412c:	9b21      	ldr	r3, [sp, #132]	; 0x84
1000412e:	9302      	str	r3, [sp, #8]
10004130:	2303      	movs	r3, #3
10004132:	9301      	str	r3, [sp, #4]
10004134:	4ba8      	ldr	r3, [pc, #672]	; (100043d8 <_ftoa+0x33c>)
10004136:	9300      	str	r3, [sp, #0]
10004138:	464b      	mov	r3, r9
1000413a:	465a      	mov	r2, fp
1000413c:	9907      	ldr	r1, [sp, #28]
1000413e:	9806      	ldr	r0, [sp, #24]
10004140:	f7ff fbf2 	bl	10003928 <_out_rev>
10004144:	e10e      	b.n	10004364 <_ftoa+0x2c8>
10004146:	9b22      	ldr	r3, [sp, #136]	; 0x88
10004148:	9303      	str	r3, [sp, #12]
1000414a:	9b21      	ldr	r3, [sp, #132]	; 0x84
1000414c:	9302      	str	r3, [sp, #8]
1000414e:	2304      	movs	r3, #4
10004150:	9301      	str	r3, [sp, #4]
10004152:	4ba2      	ldr	r3, [pc, #648]	; (100043dc <_ftoa+0x340>)
10004154:	9300      	str	r3, [sp, #0]
10004156:	464b      	mov	r3, r9
10004158:	465a      	mov	r2, fp
1000415a:	9907      	ldr	r1, [sp, #28]
1000415c:	9806      	ldr	r0, [sp, #24]
1000415e:	f7ff fbe3 	bl	10003928 <_out_rev>
10004162:	e0ff      	b.n	10004364 <_ftoa+0x2c8>
10004164:	2304      	movs	r3, #4
10004166:	9a22      	ldr	r2, [sp, #136]	; 0x88
10004168:	401a      	ands	r2, r3
1000416a:	9922      	ldr	r1, [sp, #136]	; 0x88
1000416c:	420b      	tst	r3, r1
1000416e:	d010      	beq.n	10004192 <_ftoa+0xf6>
10004170:	4b9b      	ldr	r3, [pc, #620]	; (100043e0 <_ftoa+0x344>)
10004172:	2a00      	cmp	r2, #0
10004174:	d00f      	beq.n	10004196 <_ftoa+0xfa>
10004176:	2204      	movs	r2, #4
10004178:	9922      	ldr	r1, [sp, #136]	; 0x88
1000417a:	9103      	str	r1, [sp, #12]
1000417c:	9921      	ldr	r1, [sp, #132]	; 0x84
1000417e:	9102      	str	r1, [sp, #8]
10004180:	9201      	str	r2, [sp, #4]
10004182:	9300      	str	r3, [sp, #0]
10004184:	464b      	mov	r3, r9
10004186:	465a      	mov	r2, fp
10004188:	9907      	ldr	r1, [sp, #28]
1000418a:	9806      	ldr	r0, [sp, #24]
1000418c:	f7ff fbcc 	bl	10003928 <_out_rev>
10004190:	e0e8      	b.n	10004364 <_ftoa+0x2c8>
10004192:	4b94      	ldr	r3, [pc, #592]	; (100043e4 <_ftoa+0x348>)
10004194:	e7ed      	b.n	10004172 <_ftoa+0xd6>
10004196:	2203      	movs	r2, #3
10004198:	e7ee      	b.n	10004178 <_ftoa+0xdc>
1000419a:	9b22      	ldr	r3, [sp, #136]	; 0x88
1000419c:	9304      	str	r3, [sp, #16]
1000419e:	9b21      	ldr	r3, [sp, #132]	; 0x84
100041a0:	9303      	str	r3, [sp, #12]
100041a2:	9702      	str	r7, [sp, #8]
100041a4:	9b1e      	ldr	r3, [sp, #120]	; 0x78
100041a6:	9c1f      	ldr	r4, [sp, #124]	; 0x7c
100041a8:	9300      	str	r3, [sp, #0]
100041aa:	9401      	str	r4, [sp, #4]
100041ac:	464b      	mov	r3, r9
100041ae:	465a      	mov	r2, fp
100041b0:	9907      	ldr	r1, [sp, #28]
100041b2:	9806      	ldr	r0, [sp, #24]
100041b4:	f7ff fd68 	bl	10003c88 <_etoa>
100041b8:	e0d4      	b.n	10004364 <_ftoa+0x2c8>
100041ba:	9a1e      	ldr	r2, [sp, #120]	; 0x78
100041bc:	9b1f      	ldr	r3, [sp, #124]	; 0x7c
100041be:	2000      	movs	r0, #0
100041c0:	2100      	movs	r1, #0
100041c2:	f000 fee2 	bl	10004f8a <__wrap___aeabi_dsub>
100041c6:	901e      	str	r0, [sp, #120]	; 0x78
100041c8:	911f      	str	r1, [sp, #124]	; 0x7c
100041ca:	2301      	movs	r3, #1
100041cc:	4698      	mov	r8, r3
100041ce:	e7a5      	b.n	1000411c <_ftoa+0x80>
100041d0:	ab0c      	add	r3, sp, #48	; 0x30
100041d2:	2230      	movs	r2, #48	; 0x30
100041d4:	551a      	strb	r2, [r3, r4]
100041d6:	3f01      	subs	r7, #1
100041d8:	3401      	adds	r4, #1
100041da:	2c1f      	cmp	r4, #31
100041dc:	d801      	bhi.n	100041e2 <_ftoa+0x146>
100041de:	2f09      	cmp	r7, #9
100041e0:	d8f6      	bhi.n	100041d0 <_ftoa+0x134>
100041e2:	981e      	ldr	r0, [sp, #120]	; 0x78
100041e4:	991f      	ldr	r1, [sp, #124]	; 0x7c
100041e6:	f000 ff91 	bl	1000510c <__wrap___aeabi_d2iz>
100041ea:	0005      	movs	r5, r0
100041ec:	f000 ff76 	bl	100050dc <__wrap___aeabi_i2d>
100041f0:	0002      	movs	r2, r0
100041f2:	000b      	movs	r3, r1
100041f4:	981e      	ldr	r0, [sp, #120]	; 0x78
100041f6:	991f      	ldr	r1, [sp, #124]	; 0x7c
100041f8:	f000 fec7 	bl	10004f8a <__wrap___aeabi_dsub>
100041fc:	00fa      	lsls	r2, r7, #3
100041fe:	4b7a      	ldr	r3, [pc, #488]	; (100043e8 <_ftoa+0x34c>)
10004200:	189b      	adds	r3, r3, r2
10004202:	681a      	ldr	r2, [r3, #0]
10004204:	685b      	ldr	r3, [r3, #4]
10004206:	920a      	str	r2, [sp, #40]	; 0x28
10004208:	930b      	str	r3, [sp, #44]	; 0x2c
1000420a:	f000 feee 	bl	10004fea <__wrap___aeabi_dmul>
1000420e:	9008      	str	r0, [sp, #32]
10004210:	9109      	str	r1, [sp, #36]	; 0x24
10004212:	f000 ff9f 	bl	10005154 <__wrap___aeabi_d2uiz>
10004216:	0006      	movs	r6, r0
10004218:	f000 ff5c 	bl	100050d4 <__wrap___aeabi_ui2d>
1000421c:	0002      	movs	r2, r0
1000421e:	000b      	movs	r3, r1
10004220:	9808      	ldr	r0, [sp, #32]
10004222:	9909      	ldr	r1, [sp, #36]	; 0x24
10004224:	f000 feb1 	bl	10004f8a <__wrap___aeabi_dsub>
10004228:	9008      	str	r0, [sp, #32]
1000422a:	9109      	str	r1, [sp, #36]	; 0x24
1000422c:	2200      	movs	r2, #0
1000422e:	4b6f      	ldr	r3, [pc, #444]	; (100043ec <_ftoa+0x350>)
10004230:	f000 ff3c 	bl	100050ac <__wrap___aeabi_dcmpgt>
10004234:	2800      	cmp	r0, #0
10004236:	d02e      	beq.n	10004296 <_ftoa+0x1fa>
10004238:	3601      	adds	r6, #1
1000423a:	0030      	movs	r0, r6
1000423c:	f000 ff4a 	bl	100050d4 <__wrap___aeabi_ui2d>
10004240:	0002      	movs	r2, r0
10004242:	000b      	movs	r3, r1
10004244:	980a      	ldr	r0, [sp, #40]	; 0x28
10004246:	990b      	ldr	r1, [sp, #44]	; 0x2c
10004248:	f000 ff20 	bl	1000508c <__wrap___aeabi_dcmple>
1000424c:	2800      	cmp	r0, #0
1000424e:	d001      	beq.n	10004254 <_ftoa+0x1b8>
10004250:	3501      	adds	r5, #1
10004252:	2600      	movs	r6, #0
10004254:	2f00      	cmp	r7, #0
10004256:	d12c      	bne.n	100042b2 <_ftoa+0x216>
10004258:	0028      	movs	r0, r5
1000425a:	f000 ff3f 	bl	100050dc <__wrap___aeabi_i2d>
1000425e:	0002      	movs	r2, r0
10004260:	000b      	movs	r3, r1
10004262:	981e      	ldr	r0, [sp, #120]	; 0x78
10004264:	991f      	ldr	r1, [sp, #124]	; 0x7c
10004266:	f000 fe90 	bl	10004f8a <__wrap___aeabi_dsub>
1000426a:	0006      	movs	r6, r0
1000426c:	000f      	movs	r7, r1
1000426e:	2200      	movs	r2, #0
10004270:	4b5e      	ldr	r3, [pc, #376]	; (100043ec <_ftoa+0x350>)
10004272:	f000 ff05 	bl	10005080 <__wrap___aeabi_dcmplt>
10004276:	2800      	cmp	r0, #0
10004278:	d146      	bne.n	10004308 <_ftoa+0x26c>
1000427a:	2200      	movs	r2, #0
1000427c:	4b5b      	ldr	r3, [pc, #364]	; (100043ec <_ftoa+0x350>)
1000427e:	0030      	movs	r0, r6
10004280:	0039      	movs	r1, r7
10004282:	f000 ff13 	bl	100050ac <__wrap___aeabi_dcmpgt>
10004286:	2800      	cmp	r0, #0
10004288:	d13e      	bne.n	10004308 <_ftoa+0x26c>
1000428a:	07eb      	lsls	r3, r5, #31
1000428c:	d53c      	bpl.n	10004308 <_ftoa+0x26c>
1000428e:	3501      	adds	r5, #1
10004290:	e03a      	b.n	10004308 <_ftoa+0x26c>
10004292:	2706      	movs	r7, #6
10004294:	e746      	b.n	10004124 <_ftoa+0x88>
10004296:	2200      	movs	r2, #0
10004298:	4b54      	ldr	r3, [pc, #336]	; (100043ec <_ftoa+0x350>)
1000429a:	9808      	ldr	r0, [sp, #32]
1000429c:	9909      	ldr	r1, [sp, #36]	; 0x24
1000429e:	f000 feef 	bl	10005080 <__wrap___aeabi_dcmplt>
100042a2:	2800      	cmp	r0, #0
100042a4:	d1d6      	bne.n	10004254 <_ftoa+0x1b8>
100042a6:	2e00      	cmp	r6, #0
100042a8:	d001      	beq.n	100042ae <_ftoa+0x212>
100042aa:	07f3      	lsls	r3, r6, #31
100042ac:	d5d2      	bpl.n	10004254 <_ftoa+0x1b8>
100042ae:	3601      	adds	r6, #1
100042b0:	e7d0      	b.n	10004254 <_ftoa+0x1b8>
100042b2:	46aa      	mov	sl, r5
100042b4:	2c1f      	cmp	r4, #31
100042b6:	d811      	bhi.n	100042dc <_ftoa+0x240>
100042b8:	3f01      	subs	r7, #1
100042ba:	210a      	movs	r1, #10
100042bc:	0030      	movs	r0, r6
100042be:	f000 fc29 	bl	10004b14 <__wrap___aeabi_uidiv>
100042c2:	1c65      	adds	r5, r4, #1
100042c4:	3130      	adds	r1, #48	; 0x30
100042c6:	ab0c      	add	r3, sp, #48	; 0x30
100042c8:	5519      	strb	r1, [r3, r4]
100042ca:	210a      	movs	r1, #10
100042cc:	0030      	movs	r0, r6
100042ce:	f000 fc21 	bl	10004b14 <__wrap___aeabi_uidiv>
100042d2:	2e09      	cmp	r6, #9
100042d4:	d90e      	bls.n	100042f4 <_ftoa+0x258>
100042d6:	0006      	movs	r6, r0
100042d8:	002c      	movs	r4, r5
100042da:	e7eb      	b.n	100042b4 <_ftoa+0x218>
100042dc:	4655      	mov	r5, sl
100042de:	2c1f      	cmp	r4, #31
100042e0:	d80c      	bhi.n	100042fc <_ftoa+0x260>
100042e2:	1e7b      	subs	r3, r7, #1
100042e4:	2f00      	cmp	r7, #0
100042e6:	d009      	beq.n	100042fc <_ftoa+0x260>
100042e8:	aa0c      	add	r2, sp, #48	; 0x30
100042ea:	2130      	movs	r1, #48	; 0x30
100042ec:	5511      	strb	r1, [r2, r4]
100042ee:	001f      	movs	r7, r3
100042f0:	3401      	adds	r4, #1
100042f2:	e7f4      	b.n	100042de <_ftoa+0x242>
100042f4:	002b      	movs	r3, r5
100042f6:	4655      	mov	r5, sl
100042f8:	001c      	movs	r4, r3
100042fa:	e7f0      	b.n	100042de <_ftoa+0x242>
100042fc:	2c1f      	cmp	r4, #31
100042fe:	d803      	bhi.n	10004308 <_ftoa+0x26c>
10004300:	ab0c      	add	r3, sp, #48	; 0x30
10004302:	222e      	movs	r2, #46	; 0x2e
10004304:	551a      	strb	r2, [r3, r4]
10004306:	3401      	adds	r4, #1
10004308:	2c1f      	cmp	r4, #31
1000430a:	d810      	bhi.n	1000432e <_ftoa+0x292>
1000430c:	210a      	movs	r1, #10
1000430e:	0028      	movs	r0, r5
10004310:	f000 fbd8 	bl	10004ac4 <__wrap___aeabi_idiv>
10004314:	1c66      	adds	r6, r4, #1
10004316:	3130      	adds	r1, #48	; 0x30
10004318:	ab0c      	add	r3, sp, #48	; 0x30
1000431a:	5519      	strb	r1, [r3, r4]
1000431c:	210a      	movs	r1, #10
1000431e:	0028      	movs	r0, r5
10004320:	f000 fbd0 	bl	10004ac4 <__wrap___aeabi_idiv>
10004324:	1e05      	subs	r5, r0, #0
10004326:	d001      	beq.n	1000432c <_ftoa+0x290>
10004328:	0034      	movs	r4, r6
1000432a:	e7ed      	b.n	10004308 <_ftoa+0x26c>
1000432c:	0034      	movs	r4, r6
1000432e:	2303      	movs	r3, #3
10004330:	9a22      	ldr	r2, [sp, #136]	; 0x88
10004332:	4013      	ands	r3, r2
10004334:	2b01      	cmp	r3, #1
10004336:	d01c      	beq.n	10004372 <_ftoa+0x2d6>
10004338:	2c1f      	cmp	r4, #31
1000433a:	d806      	bhi.n	1000434a <_ftoa+0x2ae>
1000433c:	4643      	mov	r3, r8
1000433e:	2b00      	cmp	r3, #0
10004340:	d032      	beq.n	100043a8 <_ftoa+0x30c>
10004342:	ab0c      	add	r3, sp, #48	; 0x30
10004344:	222d      	movs	r2, #45	; 0x2d
10004346:	551a      	strb	r2, [r3, r4]
10004348:	3401      	adds	r4, #1
1000434a:	9b22      	ldr	r3, [sp, #136]	; 0x88
1000434c:	9303      	str	r3, [sp, #12]
1000434e:	9b21      	ldr	r3, [sp, #132]	; 0x84
10004350:	9302      	str	r3, [sp, #8]
10004352:	9401      	str	r4, [sp, #4]
10004354:	ab0c      	add	r3, sp, #48	; 0x30
10004356:	9300      	str	r3, [sp, #0]
10004358:	464b      	mov	r3, r9
1000435a:	465a      	mov	r2, fp
1000435c:	9907      	ldr	r1, [sp, #28]
1000435e:	9806      	ldr	r0, [sp, #24]
10004360:	f7ff fae2 	bl	10003928 <_out_rev>
10004364:	b015      	add	sp, #84	; 0x54
10004366:	bcf0      	pop	{r4, r5, r6, r7}
10004368:	46bb      	mov	fp, r7
1000436a:	46b2      	mov	sl, r6
1000436c:	46a9      	mov	r9, r5
1000436e:	46a0      	mov	r8, r4
10004370:	bdf0      	pop	{r4, r5, r6, r7, pc}
10004372:	9b21      	ldr	r3, [sp, #132]	; 0x84
10004374:	2b00      	cmp	r3, #0
10004376:	d013      	beq.n	100043a0 <_ftoa+0x304>
10004378:	4643      	mov	r3, r8
1000437a:	2b00      	cmp	r3, #0
1000437c:	d102      	bne.n	10004384 <_ftoa+0x2e8>
1000437e:	330c      	adds	r3, #12
10004380:	4213      	tst	r3, r2
10004382:	d00f      	beq.n	100043a4 <_ftoa+0x308>
10004384:	9b21      	ldr	r3, [sp, #132]	; 0x84
10004386:	3b01      	subs	r3, #1
10004388:	9321      	str	r3, [sp, #132]	; 0x84
1000438a:	0019      	movs	r1, r3
1000438c:	e003      	b.n	10004396 <_ftoa+0x2fa>
1000438e:	ab0c      	add	r3, sp, #48	; 0x30
10004390:	2230      	movs	r2, #48	; 0x30
10004392:	551a      	strb	r2, [r3, r4]
10004394:	3401      	adds	r4, #1
10004396:	428c      	cmp	r4, r1
10004398:	d2ce      	bcs.n	10004338 <_ftoa+0x29c>
1000439a:	2c1f      	cmp	r4, #31
1000439c:	d9f7      	bls.n	1000438e <_ftoa+0x2f2>
1000439e:	e7cb      	b.n	10004338 <_ftoa+0x29c>
100043a0:	9921      	ldr	r1, [sp, #132]	; 0x84
100043a2:	e7f8      	b.n	10004396 <_ftoa+0x2fa>
100043a4:	9921      	ldr	r1, [sp, #132]	; 0x84
100043a6:	e7f6      	b.n	10004396 <_ftoa+0x2fa>
100043a8:	9b22      	ldr	r3, [sp, #136]	; 0x88
100043aa:	075b      	lsls	r3, r3, #29
100043ac:	d504      	bpl.n	100043b8 <_ftoa+0x31c>
100043ae:	ab0c      	add	r3, sp, #48	; 0x30
100043b0:	222b      	movs	r2, #43	; 0x2b
100043b2:	551a      	strb	r2, [r3, r4]
100043b4:	3401      	adds	r4, #1
100043b6:	e7c8      	b.n	1000434a <_ftoa+0x2ae>
100043b8:	9b22      	ldr	r3, [sp, #136]	; 0x88
100043ba:	071b      	lsls	r3, r3, #28
100043bc:	d5c5      	bpl.n	1000434a <_ftoa+0x2ae>
100043be:	ab0c      	add	r3, sp, #48	; 0x30
100043c0:	2220      	movs	r2, #32
100043c2:	551a      	strb	r2, [r3, r4]
100043c4:	3401      	adds	r4, #1
100043c6:	e7c0      	b.n	1000434a <_ftoa+0x2ae>
100043c8:	ffefffff 	.word	0xffefffff
100043cc:	7fefffff 	.word	0x7fefffff
100043d0:	41cdcd65 	.word	0x41cdcd65
100043d4:	c1cdcd65 	.word	0xc1cdcd65
100043d8:	1000a598 	.word	0x1000a598
100043dc:	1000a59c 	.word	0x1000a59c
100043e0:	1000a590 	.word	0x1000a590
100043e4:	1000a58c 	.word	0x1000a58c
100043e8:	1000a788 	.word	0x1000a788
100043ec:	3fe00000 	.word	0x3fe00000

100043f0 <_vsnprintf>:
100043f0:	b5f0      	push	{r4, r5, r6, r7, lr}
100043f2:	46de      	mov	lr, fp
100043f4:	4657      	mov	r7, sl
100043f6:	464e      	mov	r6, r9
100043f8:	4645      	mov	r5, r8
100043fa:	b5e0      	push	{r5, r6, r7, lr}
100043fc:	b093      	sub	sp, #76	; 0x4c
100043fe:	4682      	mov	sl, r0
10004400:	468b      	mov	fp, r1
10004402:	4690      	mov	r8, r2
10004404:	9311      	str	r3, [sp, #68]	; 0x44
10004406:	2900      	cmp	r1, #0
10004408:	d100      	bne.n	1000440c <_vsnprintf+0x1c>
1000440a:	e2eb      	b.n	100049e4 <_vsnprintf+0x5f4>
1000440c:	2700      	movs	r7, #0
1000440e:	4655      	mov	r5, sl
10004410:	9b11      	ldr	r3, [sp, #68]	; 0x44
10004412:	7818      	ldrb	r0, [r3, #0]
10004414:	2800      	cmp	r0, #0
10004416:	d100      	bne.n	1000441a <_vsnprintf+0x2a>
10004418:	e2e7      	b.n	100049ea <_vsnprintf+0x5fa>
1000441a:	2825      	cmp	r0, #37	; 0x25
1000441c:	d009      	beq.n	10004432 <_vsnprintf+0x42>
1000441e:	1c7c      	adds	r4, r7, #1
10004420:	4643      	mov	r3, r8
10004422:	003a      	movs	r2, r7
10004424:	4659      	mov	r1, fp
10004426:	47a8      	blx	r5
10004428:	9b11      	ldr	r3, [sp, #68]	; 0x44
1000442a:	3301      	adds	r3, #1
1000442c:	9311      	str	r3, [sp, #68]	; 0x44
1000442e:	0027      	movs	r7, r4
10004430:	e7ee      	b.n	10004410 <_vsnprintf+0x20>
10004432:	3301      	adds	r3, #1
10004434:	9311      	str	r3, [sp, #68]	; 0x44
10004436:	2400      	movs	r4, #0
10004438:	9a11      	ldr	r2, [sp, #68]	; 0x44
1000443a:	7811      	ldrb	r1, [r2, #0]
1000443c:	000b      	movs	r3, r1
1000443e:	3b20      	subs	r3, #32
10004440:	b2d8      	uxtb	r0, r3
10004442:	2810      	cmp	r0, #16
10004444:	d803      	bhi.n	1000444e <_vsnprintf+0x5e>
10004446:	0083      	lsls	r3, r0, #2
10004448:	48d0      	ldr	r0, [pc, #832]	; (1000478c <_vsnprintf+0x39c>)
1000444a:	58c3      	ldr	r3, [r0, r3]
1000444c:	469f      	mov	pc, r3
1000444e:	000b      	movs	r3, r1
10004450:	3b30      	subs	r3, #48	; 0x30
10004452:	b2db      	uxtb	r3, r3
10004454:	2b09      	cmp	r3, #9
10004456:	d92c      	bls.n	100044b2 <_vsnprintf+0xc2>
10004458:	292a      	cmp	r1, #42	; 0x2a
1000445a:	d02f      	beq.n	100044bc <_vsnprintf+0xcc>
1000445c:	2300      	movs	r3, #0
1000445e:	930a      	str	r3, [sp, #40]	; 0x28
10004460:	9b11      	ldr	r3, [sp, #68]	; 0x44
10004462:	781a      	ldrb	r2, [r3, #0]
10004464:	2a2e      	cmp	r2, #46	; 0x2e
10004466:	d039      	beq.n	100044dc <_vsnprintf+0xec>
10004468:	2300      	movs	r3, #0
1000446a:	469a      	mov	sl, r3
1000446c:	9a11      	ldr	r2, [sp, #68]	; 0x44
1000446e:	7813      	ldrb	r3, [r2, #0]
10004470:	3b68      	subs	r3, #104	; 0x68
10004472:	b2d9      	uxtb	r1, r3
10004474:	2912      	cmp	r1, #18
10004476:	d876      	bhi.n	10004566 <_vsnprintf+0x176>
10004478:	008b      	lsls	r3, r1, #2
1000447a:	49c5      	ldr	r1, [pc, #788]	; (10004790 <_vsnprintf+0x3a0>)
1000447c:	58cb      	ldr	r3, [r1, r3]
1000447e:	469f      	mov	pc, r3
10004480:	2301      	movs	r3, #1
10004482:	431c      	orrs	r4, r3
10004484:	3201      	adds	r2, #1
10004486:	9211      	str	r2, [sp, #68]	; 0x44
10004488:	e7d6      	b.n	10004438 <_vsnprintf+0x48>
1000448a:	2302      	movs	r3, #2
1000448c:	431c      	orrs	r4, r3
1000448e:	3201      	adds	r2, #1
10004490:	9211      	str	r2, [sp, #68]	; 0x44
10004492:	e7d1      	b.n	10004438 <_vsnprintf+0x48>
10004494:	2304      	movs	r3, #4
10004496:	431c      	orrs	r4, r3
10004498:	3201      	adds	r2, #1
1000449a:	9211      	str	r2, [sp, #68]	; 0x44
1000449c:	e7cc      	b.n	10004438 <_vsnprintf+0x48>
1000449e:	2308      	movs	r3, #8
100044a0:	431c      	orrs	r4, r3
100044a2:	3201      	adds	r2, #1
100044a4:	9211      	str	r2, [sp, #68]	; 0x44
100044a6:	e7c7      	b.n	10004438 <_vsnprintf+0x48>
100044a8:	2310      	movs	r3, #16
100044aa:	431c      	orrs	r4, r3
100044ac:	3201      	adds	r2, #1
100044ae:	9211      	str	r2, [sp, #68]	; 0x44
100044b0:	e7c2      	b.n	10004438 <_vsnprintf+0x48>
100044b2:	a811      	add	r0, sp, #68	; 0x44
100044b4:	f7ff fa26 	bl	10003904 <_atoi>
100044b8:	900a      	str	r0, [sp, #40]	; 0x28
100044ba:	e7d1      	b.n	10004460 <_vsnprintf+0x70>
100044bc:	9b1c      	ldr	r3, [sp, #112]	; 0x70
100044be:	1d1a      	adds	r2, r3, #4
100044c0:	921c      	str	r2, [sp, #112]	; 0x70
100044c2:	6818      	ldr	r0, [r3, #0]
100044c4:	2800      	cmp	r0, #0
100044c6:	db04      	blt.n	100044d2 <_vsnprintf+0xe2>
100044c8:	900a      	str	r0, [sp, #40]	; 0x28
100044ca:	9b11      	ldr	r3, [sp, #68]	; 0x44
100044cc:	3301      	adds	r3, #1
100044ce:	9311      	str	r3, [sp, #68]	; 0x44
100044d0:	e7c6      	b.n	10004460 <_vsnprintf+0x70>
100044d2:	2302      	movs	r3, #2
100044d4:	431c      	orrs	r4, r3
100044d6:	4243      	negs	r3, r0
100044d8:	930a      	str	r3, [sp, #40]	; 0x28
100044da:	e7f6      	b.n	100044ca <_vsnprintf+0xda>
100044dc:	2280      	movs	r2, #128	; 0x80
100044de:	00d2      	lsls	r2, r2, #3
100044e0:	4314      	orrs	r4, r2
100044e2:	1c5a      	adds	r2, r3, #1
100044e4:	9211      	str	r2, [sp, #68]	; 0x44
100044e6:	785a      	ldrb	r2, [r3, #1]
100044e8:	0013      	movs	r3, r2
100044ea:	3b30      	subs	r3, #48	; 0x30
100044ec:	b2db      	uxtb	r3, r3
100044ee:	2b09      	cmp	r3, #9
100044f0:	d904      	bls.n	100044fc <_vsnprintf+0x10c>
100044f2:	2a2a      	cmp	r2, #42	; 0x2a
100044f4:	d007      	beq.n	10004506 <_vsnprintf+0x116>
100044f6:	2300      	movs	r3, #0
100044f8:	469a      	mov	sl, r3
100044fa:	e7b7      	b.n	1000446c <_vsnprintf+0x7c>
100044fc:	a811      	add	r0, sp, #68	; 0x44
100044fe:	f7ff fa01 	bl	10003904 <_atoi>
10004502:	4682      	mov	sl, r0
10004504:	e7b2      	b.n	1000446c <_vsnprintf+0x7c>
10004506:	9b1c      	ldr	r3, [sp, #112]	; 0x70
10004508:	1d1a      	adds	r2, r3, #4
1000450a:	921c      	str	r2, [sp, #112]	; 0x70
1000450c:	6818      	ldr	r0, [r3, #0]
1000450e:	2800      	cmp	r0, #0
10004510:	db04      	blt.n	1000451c <_vsnprintf+0x12c>
10004512:	4682      	mov	sl, r0
10004514:	9b11      	ldr	r3, [sp, #68]	; 0x44
10004516:	3301      	adds	r3, #1
10004518:	9311      	str	r3, [sp, #68]	; 0x44
1000451a:	e7a7      	b.n	1000446c <_vsnprintf+0x7c>
1000451c:	2000      	movs	r0, #0
1000451e:	e7f8      	b.n	10004512 <_vsnprintf+0x122>
10004520:	2380      	movs	r3, #128	; 0x80
10004522:	005b      	lsls	r3, r3, #1
10004524:	4323      	orrs	r3, r4
10004526:	1c51      	adds	r1, r2, #1
10004528:	9111      	str	r1, [sp, #68]	; 0x44
1000452a:	7852      	ldrb	r2, [r2, #1]
1000452c:	2a6c      	cmp	r2, #108	; 0x6c
1000452e:	d001      	beq.n	10004534 <_vsnprintf+0x144>
10004530:	001c      	movs	r4, r3
10004532:	e018      	b.n	10004566 <_vsnprintf+0x176>
10004534:	23c0      	movs	r3, #192	; 0xc0
10004536:	009b      	lsls	r3, r3, #2
10004538:	431c      	orrs	r4, r3
1000453a:	3101      	adds	r1, #1
1000453c:	9111      	str	r1, [sp, #68]	; 0x44
1000453e:	e012      	b.n	10004566 <_vsnprintf+0x176>
10004540:	2380      	movs	r3, #128	; 0x80
10004542:	4323      	orrs	r3, r4
10004544:	1c51      	adds	r1, r2, #1
10004546:	9111      	str	r1, [sp, #68]	; 0x44
10004548:	7852      	ldrb	r2, [r2, #1]
1000454a:	2a68      	cmp	r2, #104	; 0x68
1000454c:	d001      	beq.n	10004552 <_vsnprintf+0x162>
1000454e:	001c      	movs	r4, r3
10004550:	e009      	b.n	10004566 <_vsnprintf+0x176>
10004552:	23c0      	movs	r3, #192	; 0xc0
10004554:	431c      	orrs	r4, r3
10004556:	3101      	adds	r1, #1
10004558:	9111      	str	r1, [sp, #68]	; 0x44
1000455a:	e004      	b.n	10004566 <_vsnprintf+0x176>
1000455c:	2380      	movs	r3, #128	; 0x80
1000455e:	005b      	lsls	r3, r3, #1
10004560:	431c      	orrs	r4, r3
10004562:	3201      	adds	r2, #1
10004564:	9211      	str	r2, [sp, #68]	; 0x44
10004566:	9b11      	ldr	r3, [sp, #68]	; 0x44
10004568:	7818      	ldrb	r0, [r3, #0]
1000456a:	0003      	movs	r3, r0
1000456c:	3b25      	subs	r3, #37	; 0x25
1000456e:	b2da      	uxtb	r2, r3
10004570:	2a53      	cmp	r2, #83	; 0x53
10004572:	d900      	bls.n	10004576 <_vsnprintf+0x186>
10004574:	e22c      	b.n	100049d0 <_vsnprintf+0x5e0>
10004576:	0093      	lsls	r3, r2, #2
10004578:	4a86      	ldr	r2, [pc, #536]	; (10004794 <_vsnprintf+0x3a4>)
1000457a:	58d3      	ldr	r3, [r2, r3]
1000457c:	469f      	mov	pc, r3
1000457e:	2380      	movs	r3, #128	; 0x80
10004580:	009b      	lsls	r3, r3, #2
10004582:	431c      	orrs	r4, r3
10004584:	3201      	adds	r2, #1
10004586:	9211      	str	r2, [sp, #68]	; 0x44
10004588:	e7ed      	b.n	10004566 <_vsnprintf+0x176>
1000458a:	2380      	movs	r3, #128	; 0x80
1000458c:	005b      	lsls	r3, r3, #1
1000458e:	431c      	orrs	r4, r3
10004590:	3201      	adds	r2, #1
10004592:	9211      	str	r2, [sp, #68]	; 0x44
10004594:	e7e7      	b.n	10004566 <_vsnprintf+0x176>
10004596:	2878      	cmp	r0, #120	; 0x78
10004598:	d009      	beq.n	100045ae <_vsnprintf+0x1be>
1000459a:	2858      	cmp	r0, #88	; 0x58
1000459c:	d038      	beq.n	10004610 <_vsnprintf+0x220>
1000459e:	286f      	cmp	r0, #111	; 0x6f
100045a0:	d038      	beq.n	10004614 <_vsnprintf+0x224>
100045a2:	2862      	cmp	r0, #98	; 0x62
100045a4:	d038      	beq.n	10004618 <_vsnprintf+0x228>
100045a6:	2310      	movs	r3, #16
100045a8:	439c      	bics	r4, r3
100045aa:	260a      	movs	r6, #10
100045ac:	e000      	b.n	100045b0 <_vsnprintf+0x1c0>
100045ae:	2610      	movs	r6, #16
100045b0:	2858      	cmp	r0, #88	; 0x58
100045b2:	d033      	beq.n	1000461c <_vsnprintf+0x22c>
100045b4:	2869      	cmp	r0, #105	; 0x69
100045b6:	d003      	beq.n	100045c0 <_vsnprintf+0x1d0>
100045b8:	2864      	cmp	r0, #100	; 0x64
100045ba:	d001      	beq.n	100045c0 <_vsnprintf+0x1d0>
100045bc:	220c      	movs	r2, #12
100045be:	4394      	bics	r4, r2
100045c0:	0563      	lsls	r3, r4, #21
100045c2:	d501      	bpl.n	100045c8 <_vsnprintf+0x1d8>
100045c4:	2201      	movs	r2, #1
100045c6:	4394      	bics	r4, r2
100045c8:	2869      	cmp	r0, #105	; 0x69
100045ca:	d02a      	beq.n	10004622 <_vsnprintf+0x232>
100045cc:	2864      	cmp	r0, #100	; 0x64
100045ce:	d028      	beq.n	10004622 <_vsnprintf+0x232>
100045d0:	05a3      	lsls	r3, r4, #22
100045d2:	d500      	bpl.n	100045d6 <_vsnprintf+0x1e6>
100045d4:	e09f      	b.n	10004716 <_vsnprintf+0x326>
100045d6:	05e3      	lsls	r3, r4, #23
100045d8:	d500      	bpl.n	100045dc <_vsnprintf+0x1ec>
100045da:	e0b8      	b.n	1000474e <_vsnprintf+0x35e>
100045dc:	0663      	lsls	r3, r4, #25
100045de:	d400      	bmi.n	100045e2 <_vsnprintf+0x1f2>
100045e0:	e0ca      	b.n	10004778 <_vsnprintf+0x388>
100045e2:	9a1c      	ldr	r2, [sp, #112]	; 0x70
100045e4:	1d11      	adds	r1, r2, #4
100045e6:	911c      	str	r1, [sp, #112]	; 0x70
100045e8:	6811      	ldr	r1, [r2, #0]
100045ea:	22ff      	movs	r2, #255	; 0xff
100045ec:	400a      	ands	r2, r1
100045ee:	9405      	str	r4, [sp, #20]
100045f0:	9b0a      	ldr	r3, [sp, #40]	; 0x28
100045f2:	9304      	str	r3, [sp, #16]
100045f4:	4653      	mov	r3, sl
100045f6:	9303      	str	r3, [sp, #12]
100045f8:	9602      	str	r6, [sp, #8]
100045fa:	2300      	movs	r3, #0
100045fc:	9301      	str	r3, [sp, #4]
100045fe:	9200      	str	r2, [sp, #0]
10004600:	4643      	mov	r3, r8
10004602:	003a      	movs	r2, r7
10004604:	4659      	mov	r1, fp
10004606:	0028      	movs	r0, r5
10004608:	f7ff fa6e 	bl	10003ae8 <_ntoa_long>
1000460c:	0007      	movs	r7, r0
1000460e:	e027      	b.n	10004660 <_vsnprintf+0x270>
10004610:	2610      	movs	r6, #16
10004612:	e7cd      	b.n	100045b0 <_vsnprintf+0x1c0>
10004614:	2608      	movs	r6, #8
10004616:	e7cb      	b.n	100045b0 <_vsnprintf+0x1c0>
10004618:	2602      	movs	r6, #2
1000461a:	e7c9      	b.n	100045b0 <_vsnprintf+0x1c0>
1000461c:	2220      	movs	r2, #32
1000461e:	4314      	orrs	r4, r2
10004620:	e7c8      	b.n	100045b4 <_vsnprintf+0x1c4>
10004622:	05a3      	lsls	r3, r4, #22
10004624:	d420      	bmi.n	10004668 <_vsnprintf+0x278>
10004626:	05e3      	lsls	r3, r4, #23
10004628:	d450      	bmi.n	100046cc <_vsnprintf+0x2dc>
1000462a:	0663      	lsls	r3, r4, #25
1000462c:	d566      	bpl.n	100046fc <_vsnprintf+0x30c>
1000462e:	9a1c      	ldr	r2, [sp, #112]	; 0x70
10004630:	1d11      	adds	r1, r2, #4
10004632:	911c      	str	r1, [sp, #112]	; 0x70
10004634:	6811      	ldr	r1, [r2, #0]
10004636:	22ff      	movs	r2, #255	; 0xff
10004638:	400a      	ands	r2, r1
1000463a:	17d3      	asrs	r3, r2, #31
1000463c:	18d1      	adds	r1, r2, r3
1000463e:	4059      	eors	r1, r3
10004640:	9405      	str	r4, [sp, #20]
10004642:	9b0a      	ldr	r3, [sp, #40]	; 0x28
10004644:	9304      	str	r3, [sp, #16]
10004646:	4653      	mov	r3, sl
10004648:	9303      	str	r3, [sp, #12]
1000464a:	9602      	str	r6, [sp, #8]
1000464c:	0fd2      	lsrs	r2, r2, #31
1000464e:	9201      	str	r2, [sp, #4]
10004650:	9100      	str	r1, [sp, #0]
10004652:	4643      	mov	r3, r8
10004654:	003a      	movs	r2, r7
10004656:	4659      	mov	r1, fp
10004658:	0028      	movs	r0, r5
1000465a:	f7ff fa45 	bl	10003ae8 <_ntoa_long>
1000465e:	0007      	movs	r7, r0
10004660:	9b11      	ldr	r3, [sp, #68]	; 0x44
10004662:	3301      	adds	r3, #1
10004664:	9311      	str	r3, [sp, #68]	; 0x44
10004666:	e6d3      	b.n	10004410 <_vsnprintf+0x20>
10004668:	9b1c      	ldr	r3, [sp, #112]	; 0x70
1000466a:	1dda      	adds	r2, r3, #7
1000466c:	2107      	movs	r1, #7
1000466e:	438a      	bics	r2, r1
10004670:	0011      	movs	r1, r2
10004672:	3108      	adds	r1, #8
10004674:	911c      	str	r1, [sp, #112]	; 0x70
10004676:	6811      	ldr	r1, [r2, #0]
10004678:	6853      	ldr	r3, [r2, #4]
1000467a:	469c      	mov	ip, r3
1000467c:	17db      	asrs	r3, r3, #31
1000467e:	930c      	str	r3, [sp, #48]	; 0x30
10004680:	930d      	str	r3, [sp, #52]	; 0x34
10004682:	9a0c      	ldr	r2, [sp, #48]	; 0x30
10004684:	9b0d      	ldr	r3, [sp, #52]	; 0x34
10004686:	0010      	movs	r0, r2
10004688:	4048      	eors	r0, r1
1000468a:	900e      	str	r0, [sp, #56]	; 0x38
1000468c:	4662      	mov	r2, ip
1000468e:	4053      	eors	r3, r2
10004690:	930f      	str	r3, [sp, #60]	; 0x3c
10004692:	980e      	ldr	r0, [sp, #56]	; 0x38
10004694:	990f      	ldr	r1, [sp, #60]	; 0x3c
10004696:	9a0c      	ldr	r2, [sp, #48]	; 0x30
10004698:	9b0d      	ldr	r3, [sp, #52]	; 0x34
1000469a:	1a80      	subs	r0, r0, r2
1000469c:	4199      	sbcs	r1, r3
1000469e:	900e      	str	r0, [sp, #56]	; 0x38
100046a0:	910f      	str	r1, [sp, #60]	; 0x3c
100046a2:	9408      	str	r4, [sp, #32]
100046a4:	9b0a      	ldr	r3, [sp, #40]	; 0x28
100046a6:	9307      	str	r3, [sp, #28]
100046a8:	4653      	mov	r3, sl
100046aa:	9306      	str	r3, [sp, #24]
100046ac:	9604      	str	r6, [sp, #16]
100046ae:	2300      	movs	r3, #0
100046b0:	9305      	str	r3, [sp, #20]
100046b2:	4663      	mov	r3, ip
100046b4:	0fda      	lsrs	r2, r3, #31
100046b6:	9202      	str	r2, [sp, #8]
100046b8:	9000      	str	r0, [sp, #0]
100046ba:	9101      	str	r1, [sp, #4]
100046bc:	4643      	mov	r3, r8
100046be:	003a      	movs	r2, r7
100046c0:	4659      	mov	r1, fp
100046c2:	0028      	movs	r0, r5
100046c4:	f7ff fa6e 	bl	10003ba4 <_ntoa_long_long>
100046c8:	0007      	movs	r7, r0
100046ca:	e7c9      	b.n	10004660 <_vsnprintf+0x270>
100046cc:	9a1c      	ldr	r2, [sp, #112]	; 0x70
100046ce:	1d11      	adds	r1, r2, #4
100046d0:	911c      	str	r1, [sp, #112]	; 0x70
100046d2:	6812      	ldr	r2, [r2, #0]
100046d4:	17d3      	asrs	r3, r2, #31
100046d6:	18d1      	adds	r1, r2, r3
100046d8:	4059      	eors	r1, r3
100046da:	9405      	str	r4, [sp, #20]
100046dc:	9b0a      	ldr	r3, [sp, #40]	; 0x28
100046de:	9304      	str	r3, [sp, #16]
100046e0:	4653      	mov	r3, sl
100046e2:	9303      	str	r3, [sp, #12]
100046e4:	9602      	str	r6, [sp, #8]
100046e6:	0fd2      	lsrs	r2, r2, #31
100046e8:	9201      	str	r2, [sp, #4]
100046ea:	9100      	str	r1, [sp, #0]
100046ec:	4643      	mov	r3, r8
100046ee:	003a      	movs	r2, r7
100046f0:	4659      	mov	r1, fp
100046f2:	0028      	movs	r0, r5
100046f4:	f7ff f9f8 	bl	10003ae8 <_ntoa_long>
100046f8:	0007      	movs	r7, r0
100046fa:	e7b1      	b.n	10004660 <_vsnprintf+0x270>
100046fc:	0623      	lsls	r3, r4, #24
100046fe:	d505      	bpl.n	1000470c <_vsnprintf+0x31c>
10004700:	9a1c      	ldr	r2, [sp, #112]	; 0x70
10004702:	1d11      	adds	r1, r2, #4
10004704:	911c      	str	r1, [sp, #112]	; 0x70
10004706:	2300      	movs	r3, #0
10004708:	5ed2      	ldrsh	r2, [r2, r3]
1000470a:	e796      	b.n	1000463a <_vsnprintf+0x24a>
1000470c:	9a1c      	ldr	r2, [sp, #112]	; 0x70
1000470e:	1d11      	adds	r1, r2, #4
10004710:	911c      	str	r1, [sp, #112]	; 0x70
10004712:	6812      	ldr	r2, [r2, #0]
10004714:	e791      	b.n	1000463a <_vsnprintf+0x24a>
10004716:	9b1c      	ldr	r3, [sp, #112]	; 0x70
10004718:	1dda      	adds	r2, r3, #7
1000471a:	2107      	movs	r1, #7
1000471c:	438a      	bics	r2, r1
1000471e:	0011      	movs	r1, r2
10004720:	3108      	adds	r1, #8
10004722:	911c      	str	r1, [sp, #112]	; 0x70
10004724:	9408      	str	r4, [sp, #32]
10004726:	9b0a      	ldr	r3, [sp, #40]	; 0x28
10004728:	9307      	str	r3, [sp, #28]
1000472a:	4653      	mov	r3, sl
1000472c:	9306      	str	r3, [sp, #24]
1000472e:	9604      	str	r6, [sp, #16]
10004730:	2300      	movs	r3, #0
10004732:	9305      	str	r3, [sp, #20]
10004734:	9302      	str	r3, [sp, #8]
10004736:	6813      	ldr	r3, [r2, #0]
10004738:	6854      	ldr	r4, [r2, #4]
1000473a:	9300      	str	r3, [sp, #0]
1000473c:	9401      	str	r4, [sp, #4]
1000473e:	4643      	mov	r3, r8
10004740:	003a      	movs	r2, r7
10004742:	4659      	mov	r1, fp
10004744:	0028      	movs	r0, r5
10004746:	f7ff fa2d 	bl	10003ba4 <_ntoa_long_long>
1000474a:	0007      	movs	r7, r0
1000474c:	e788      	b.n	10004660 <_vsnprintf+0x270>
1000474e:	9a1c      	ldr	r2, [sp, #112]	; 0x70
10004750:	1d11      	adds	r1, r2, #4
10004752:	911c      	str	r1, [sp, #112]	; 0x70
10004754:	9405      	str	r4, [sp, #20]
10004756:	9b0a      	ldr	r3, [sp, #40]	; 0x28
10004758:	9304      	str	r3, [sp, #16]
1000475a:	4653      	mov	r3, sl
1000475c:	9303      	str	r3, [sp, #12]
1000475e:	9602      	str	r6, [sp, #8]
10004760:	2300      	movs	r3, #0
10004762:	9301      	str	r3, [sp, #4]
10004764:	6813      	ldr	r3, [r2, #0]
10004766:	9300      	str	r3, [sp, #0]
10004768:	4643      	mov	r3, r8
1000476a:	003a      	movs	r2, r7
1000476c:	4659      	mov	r1, fp
1000476e:	0028      	movs	r0, r5
10004770:	f7ff f9ba 	bl	10003ae8 <_ntoa_long>
10004774:	0007      	movs	r7, r0
10004776:	e773      	b.n	10004660 <_vsnprintf+0x270>
10004778:	0623      	lsls	r3, r4, #24
1000477a:	d50d      	bpl.n	10004798 <_vsnprintf+0x3a8>
1000477c:	9a1c      	ldr	r2, [sp, #112]	; 0x70
1000477e:	1d11      	adds	r1, r2, #4
10004780:	911c      	str	r1, [sp, #112]	; 0x70
10004782:	6812      	ldr	r2, [r2, #0]
10004784:	0412      	lsls	r2, r2, #16
10004786:	0c12      	lsrs	r2, r2, #16
10004788:	e731      	b.n	100045ee <_vsnprintf+0x1fe>
1000478a:	46c0      	nop			; (mov r8, r8)
1000478c:	1000a5a4 	.word	0x1000a5a4
10004790:	1000a5e8 	.word	0x1000a5e8
10004794:	1000a634 	.word	0x1000a634
10004798:	9a1c      	ldr	r2, [sp, #112]	; 0x70
1000479a:	1d11      	adds	r1, r2, #4
1000479c:	911c      	str	r1, [sp, #112]	; 0x70
1000479e:	6812      	ldr	r2, [r2, #0]
100047a0:	e725      	b.n	100045ee <_vsnprintf+0x1fe>
100047a2:	2846      	cmp	r0, #70	; 0x46
100047a4:	d01a      	beq.n	100047dc <_vsnprintf+0x3ec>
100047a6:	9b1c      	ldr	r3, [sp, #112]	; 0x70
100047a8:	3307      	adds	r3, #7
100047aa:	2207      	movs	r2, #7
100047ac:	4393      	bics	r3, r2
100047ae:	001a      	movs	r2, r3
100047b0:	3208      	adds	r2, #8
100047b2:	921c      	str	r2, [sp, #112]	; 0x70
100047b4:	9404      	str	r4, [sp, #16]
100047b6:	9a0a      	ldr	r2, [sp, #40]	; 0x28
100047b8:	9203      	str	r2, [sp, #12]
100047ba:	4652      	mov	r2, sl
100047bc:	9202      	str	r2, [sp, #8]
100047be:	685c      	ldr	r4, [r3, #4]
100047c0:	681b      	ldr	r3, [r3, #0]
100047c2:	9300      	str	r3, [sp, #0]
100047c4:	9401      	str	r4, [sp, #4]
100047c6:	4643      	mov	r3, r8
100047c8:	003a      	movs	r2, r7
100047ca:	4659      	mov	r1, fp
100047cc:	0028      	movs	r0, r5
100047ce:	f7ff fc65 	bl	1000409c <_ftoa>
100047d2:	0007      	movs	r7, r0
100047d4:	9b11      	ldr	r3, [sp, #68]	; 0x44
100047d6:	3301      	adds	r3, #1
100047d8:	9311      	str	r3, [sp, #68]	; 0x44
100047da:	e619      	b.n	10004410 <_vsnprintf+0x20>
100047dc:	2320      	movs	r3, #32
100047de:	431c      	orrs	r4, r3
100047e0:	e7e1      	b.n	100047a6 <_vsnprintf+0x3b6>
100047e2:	2867      	cmp	r0, #103	; 0x67
100047e4:	d001      	beq.n	100047ea <_vsnprintf+0x3fa>
100047e6:	2847      	cmp	r0, #71	; 0x47
100047e8:	d102      	bne.n	100047f0 <_vsnprintf+0x400>
100047ea:	2380      	movs	r3, #128	; 0x80
100047ec:	011b      	lsls	r3, r3, #4
100047ee:	431c      	orrs	r4, r3
100047f0:	2845      	cmp	r0, #69	; 0x45
100047f2:	d001      	beq.n	100047f8 <_vsnprintf+0x408>
100047f4:	2847      	cmp	r0, #71	; 0x47
100047f6:	d101      	bne.n	100047fc <_vsnprintf+0x40c>
100047f8:	2320      	movs	r3, #32
100047fa:	431c      	orrs	r4, r3
100047fc:	9b1c      	ldr	r3, [sp, #112]	; 0x70
100047fe:	3307      	adds	r3, #7
10004800:	2207      	movs	r2, #7
10004802:	4393      	bics	r3, r2
10004804:	001a      	movs	r2, r3
10004806:	3208      	adds	r2, #8
10004808:	921c      	str	r2, [sp, #112]	; 0x70
1000480a:	9404      	str	r4, [sp, #16]
1000480c:	9a0a      	ldr	r2, [sp, #40]	; 0x28
1000480e:	9203      	str	r2, [sp, #12]
10004810:	4652      	mov	r2, sl
10004812:	9202      	str	r2, [sp, #8]
10004814:	685c      	ldr	r4, [r3, #4]
10004816:	681b      	ldr	r3, [r3, #0]
10004818:	9300      	str	r3, [sp, #0]
1000481a:	9401      	str	r4, [sp, #4]
1000481c:	4643      	mov	r3, r8
1000481e:	003a      	movs	r2, r7
10004820:	4659      	mov	r1, fp
10004822:	0028      	movs	r0, r5
10004824:	f7ff fa30 	bl	10003c88 <_etoa>
10004828:	0007      	movs	r7, r0
1000482a:	9b11      	ldr	r3, [sp, #68]	; 0x44
1000482c:	3301      	adds	r3, #1
1000482e:	9311      	str	r3, [sp, #68]	; 0x44
10004830:	e5ee      	b.n	10004410 <_vsnprintf+0x20>
10004832:	2302      	movs	r3, #2
10004834:	001a      	movs	r2, r3
10004836:	4022      	ands	r2, r4
10004838:	4692      	mov	sl, r2
1000483a:	4223      	tst	r3, r4
1000483c:	d01f      	beq.n	1000487e <_vsnprintf+0x48e>
1000483e:	2401      	movs	r4, #1
10004840:	9b1c      	ldr	r3, [sp, #112]	; 0x70
10004842:	1d1a      	adds	r2, r3, #4
10004844:	921c      	str	r2, [sp, #112]	; 0x70
10004846:	1c7a      	adds	r2, r7, #1
10004848:	4691      	mov	r9, r2
1000484a:	7818      	ldrb	r0, [r3, #0]
1000484c:	4643      	mov	r3, r8
1000484e:	003a      	movs	r2, r7
10004850:	4659      	mov	r1, fp
10004852:	47a8      	blx	r5
10004854:	4653      	mov	r3, sl
10004856:	2b00      	cmp	r3, #0
10004858:	d116      	bne.n	10004888 <_vsnprintf+0x498>
1000485a:	9b11      	ldr	r3, [sp, #68]	; 0x44
1000485c:	3301      	adds	r3, #1
1000485e:	9311      	str	r3, [sp, #68]	; 0x44
10004860:	464f      	mov	r7, r9
10004862:	e5d5      	b.n	10004410 <_vsnprintf+0x20>
10004864:	1c56      	adds	r6, r2, #1
10004866:	4643      	mov	r3, r8
10004868:	4659      	mov	r1, fp
1000486a:	2020      	movs	r0, #32
1000486c:	47b8      	blx	r7
1000486e:	0023      	movs	r3, r4
10004870:	0032      	movs	r2, r6
10004872:	1c5c      	adds	r4, r3, #1
10004874:	429d      	cmp	r5, r3
10004876:	d8f5      	bhi.n	10004864 <_vsnprintf+0x474>
10004878:	003d      	movs	r5, r7
1000487a:	0017      	movs	r7, r2
1000487c:	e7e0      	b.n	10004840 <_vsnprintf+0x450>
1000487e:	2301      	movs	r3, #1
10004880:	003a      	movs	r2, r7
10004882:	002f      	movs	r7, r5
10004884:	9d0a      	ldr	r5, [sp, #40]	; 0x28
10004886:	e7f4      	b.n	10004872 <_vsnprintf+0x482>
10004888:	464a      	mov	r2, r9
1000488a:	46a9      	mov	r9, r5
1000488c:	9d0a      	ldr	r5, [sp, #40]	; 0x28
1000488e:	e006      	b.n	1000489e <_vsnprintf+0x4ae>
10004890:	1c57      	adds	r7, r2, #1
10004892:	4643      	mov	r3, r8
10004894:	4659      	mov	r1, fp
10004896:	2020      	movs	r0, #32
10004898:	47c8      	blx	r9
1000489a:	0034      	movs	r4, r6
1000489c:	003a      	movs	r2, r7
1000489e:	1c66      	adds	r6, r4, #1
100048a0:	42a5      	cmp	r5, r4
100048a2:	d8f5      	bhi.n	10004890 <_vsnprintf+0x4a0>
100048a4:	464d      	mov	r5, r9
100048a6:	4691      	mov	r9, r2
100048a8:	e7d7      	b.n	1000485a <_vsnprintf+0x46a>
100048aa:	9b1c      	ldr	r3, [sp, #112]	; 0x70
100048ac:	1d1a      	adds	r2, r3, #4
100048ae:	921c      	str	r2, [sp, #112]	; 0x70
100048b0:	681b      	ldr	r3, [r3, #0]
100048b2:	4699      	mov	r9, r3
100048b4:	4653      	mov	r3, sl
100048b6:	2b00      	cmp	r3, #0
100048b8:	d100      	bne.n	100048bc <_vsnprintf+0x4cc>
100048ba:	3b01      	subs	r3, #1
100048bc:	464e      	mov	r6, r9
100048be:	e001      	b.n	100048c4 <_vsnprintf+0x4d4>
100048c0:	3601      	adds	r6, #1
100048c2:	0013      	movs	r3, r2
100048c4:	7832      	ldrb	r2, [r6, #0]
100048c6:	2a00      	cmp	r2, #0
100048c8:	d002      	beq.n	100048d0 <_vsnprintf+0x4e0>
100048ca:	1e5a      	subs	r2, r3, #1
100048cc:	2b00      	cmp	r3, #0
100048ce:	d1f7      	bne.n	100048c0 <_vsnprintf+0x4d0>
100048d0:	464b      	mov	r3, r9
100048d2:	1af2      	subs	r2, r6, r3
100048d4:	9210      	str	r2, [sp, #64]	; 0x40
100048d6:	2380      	movs	r3, #128	; 0x80
100048d8:	00db      	lsls	r3, r3, #3
100048da:	0026      	movs	r6, r4
100048dc:	401e      	ands	r6, r3
100048de:	421c      	tst	r4, r3
100048e0:	d003      	beq.n	100048ea <_vsnprintf+0x4fa>
100048e2:	4552      	cmp	r2, sl
100048e4:	d901      	bls.n	100048ea <_vsnprintf+0x4fa>
100048e6:	4653      	mov	r3, sl
100048e8:	9310      	str	r3, [sp, #64]	; 0x40
100048ea:	2302      	movs	r3, #2
100048ec:	001a      	movs	r2, r3
100048ee:	4022      	ands	r2, r4
100048f0:	920b      	str	r2, [sp, #44]	; 0x2c
100048f2:	4223      	tst	r3, r4
100048f4:	d005      	beq.n	10004902 <_vsnprintf+0x512>
100048f6:	003a      	movs	r2, r7
100048f8:	0037      	movs	r7, r6
100048fa:	464c      	mov	r4, r9
100048fc:	46a9      	mov	r9, r5
100048fe:	4655      	mov	r5, sl
10004900:	e020      	b.n	10004944 <_vsnprintf+0x554>
10004902:	003a      	movs	r2, r7
10004904:	9b10      	ldr	r3, [sp, #64]	; 0x40
10004906:	465f      	mov	r7, fp
10004908:	46b3      	mov	fp, r6
1000490a:	002e      	movs	r6, r5
1000490c:	e006      	b.n	1000491c <_vsnprintf+0x52c>
1000490e:	1c55      	adds	r5, r2, #1
10004910:	4643      	mov	r3, r8
10004912:	0039      	movs	r1, r7
10004914:	2020      	movs	r0, #32
10004916:	47b0      	blx	r6
10004918:	0023      	movs	r3, r4
1000491a:	002a      	movs	r2, r5
1000491c:	1c5c      	adds	r4, r3, #1
1000491e:	990a      	ldr	r1, [sp, #40]	; 0x28
10004920:	4299      	cmp	r1, r3
10004922:	d8f4      	bhi.n	1000490e <_vsnprintf+0x51e>
10004924:	0035      	movs	r5, r6
10004926:	465e      	mov	r6, fp
10004928:	46bb      	mov	fp, r7
1000492a:	9410      	str	r4, [sp, #64]	; 0x40
1000492c:	0037      	movs	r7, r6
1000492e:	464c      	mov	r4, r9
10004930:	46a9      	mov	r9, r5
10004932:	4655      	mov	r5, sl
10004934:	e006      	b.n	10004944 <_vsnprintf+0x554>
10004936:	001d      	movs	r5, r3
10004938:	3401      	adds	r4, #1
1000493a:	1c56      	adds	r6, r2, #1
1000493c:	4643      	mov	r3, r8
1000493e:	4659      	mov	r1, fp
10004940:	47c8      	blx	r9
10004942:	0032      	movs	r2, r6
10004944:	7820      	ldrb	r0, [r4, #0]
10004946:	2800      	cmp	r0, #0
10004948:	d004      	beq.n	10004954 <_vsnprintf+0x564>
1000494a:	2f00      	cmp	r7, #0
1000494c:	d0f4      	beq.n	10004938 <_vsnprintf+0x548>
1000494e:	1e6b      	subs	r3, r5, #1
10004950:	2d00      	cmp	r5, #0
10004952:	d1f0      	bne.n	10004936 <_vsnprintf+0x546>
10004954:	0017      	movs	r7, r2
10004956:	464d      	mov	r5, r9
10004958:	9b0b      	ldr	r3, [sp, #44]	; 0x2c
1000495a:	2b00      	cmp	r3, #0
1000495c:	d103      	bne.n	10004966 <_vsnprintf+0x576>
1000495e:	9b11      	ldr	r3, [sp, #68]	; 0x44
10004960:	3301      	adds	r3, #1
10004962:	9311      	str	r3, [sp, #68]	; 0x44
10004964:	e554      	b.n	10004410 <_vsnprintf+0x20>
10004966:	9f0a      	ldr	r7, [sp, #40]	; 0x28
10004968:	9b10      	ldr	r3, [sp, #64]	; 0x40
1000496a:	e006      	b.n	1000497a <_vsnprintf+0x58a>
1000496c:	1c56      	adds	r6, r2, #1
1000496e:	4643      	mov	r3, r8
10004970:	4659      	mov	r1, fp
10004972:	2020      	movs	r0, #32
10004974:	47a8      	blx	r5
10004976:	0023      	movs	r3, r4
10004978:	0032      	movs	r2, r6
1000497a:	1c5c      	adds	r4, r3, #1
1000497c:	429f      	cmp	r7, r3
1000497e:	d8f5      	bhi.n	1000496c <_vsnprintf+0x57c>
10004980:	0017      	movs	r7, r2
10004982:	e7ec      	b.n	1000495e <_vsnprintf+0x56e>
10004984:	2321      	movs	r3, #33	; 0x21
10004986:	431c      	orrs	r4, r3
10004988:	9b1c      	ldr	r3, [sp, #112]	; 0x70
1000498a:	1d1a      	adds	r2, r3, #4
1000498c:	921c      	str	r2, [sp, #112]	; 0x70
1000498e:	681b      	ldr	r3, [r3, #0]
10004990:	9300      	str	r3, [sp, #0]
10004992:	9405      	str	r4, [sp, #20]
10004994:	2308      	movs	r3, #8
10004996:	9304      	str	r3, [sp, #16]
10004998:	4653      	mov	r3, sl
1000499a:	9303      	str	r3, [sp, #12]
1000499c:	2310      	movs	r3, #16
1000499e:	9302      	str	r3, [sp, #8]
100049a0:	2300      	movs	r3, #0
100049a2:	9301      	str	r3, [sp, #4]
100049a4:	4643      	mov	r3, r8
100049a6:	003a      	movs	r2, r7
100049a8:	4659      	mov	r1, fp
100049aa:	0028      	movs	r0, r5
100049ac:	f7ff f89c 	bl	10003ae8 <_ntoa_long>
100049b0:	0007      	movs	r7, r0
100049b2:	9b11      	ldr	r3, [sp, #68]	; 0x44
100049b4:	3301      	adds	r3, #1
100049b6:	9311      	str	r3, [sp, #68]	; 0x44
100049b8:	e52a      	b.n	10004410 <_vsnprintf+0x20>
100049ba:	1c7c      	adds	r4, r7, #1
100049bc:	4643      	mov	r3, r8
100049be:	003a      	movs	r2, r7
100049c0:	4659      	mov	r1, fp
100049c2:	2025      	movs	r0, #37	; 0x25
100049c4:	47a8      	blx	r5
100049c6:	9b11      	ldr	r3, [sp, #68]	; 0x44
100049c8:	3301      	adds	r3, #1
100049ca:	9311      	str	r3, [sp, #68]	; 0x44
100049cc:	0027      	movs	r7, r4
100049ce:	e51f      	b.n	10004410 <_vsnprintf+0x20>
100049d0:	1c7c      	adds	r4, r7, #1
100049d2:	4643      	mov	r3, r8
100049d4:	003a      	movs	r2, r7
100049d6:	4659      	mov	r1, fp
100049d8:	47a8      	blx	r5
100049da:	9b11      	ldr	r3, [sp, #68]	; 0x44
100049dc:	3301      	adds	r3, #1
100049de:	9311      	str	r3, [sp, #68]	; 0x44
100049e0:	0027      	movs	r7, r4
100049e2:	e515      	b.n	10004410 <_vsnprintf+0x20>
100049e4:	4b0a      	ldr	r3, [pc, #40]	; (10004a10 <_vsnprintf+0x620>)
100049e6:	469a      	mov	sl, r3
100049e8:	e510      	b.n	1000440c <_vsnprintf+0x1c>
100049ea:	46aa      	mov	sl, r5
100049ec:	4547      	cmp	r7, r8
100049ee:	d302      	bcc.n	100049f6 <_vsnprintf+0x606>
100049f0:	4643      	mov	r3, r8
100049f2:	1e5a      	subs	r2, r3, #1
100049f4:	e000      	b.n	100049f8 <_vsnprintf+0x608>
100049f6:	003a      	movs	r2, r7
100049f8:	4643      	mov	r3, r8
100049fa:	4659      	mov	r1, fp
100049fc:	2000      	movs	r0, #0
100049fe:	47d0      	blx	sl
10004a00:	0038      	movs	r0, r7
10004a02:	b013      	add	sp, #76	; 0x4c
10004a04:	bcf0      	pop	{r4, r5, r6, r7}
10004a06:	46bb      	mov	fp, r7
10004a08:	46b2      	mov	sl, r6
10004a0a:	46a9      	mov	r9, r5
10004a0c:	46a0      	mov	r8, r4
10004a0e:	bdf0      	pop	{r4, r5, r6, r7, pc}
10004a10:	100038f5 	.word	0x100038f5

10004a14 <__wrap_snprintf>:
10004a14:	b40c      	push	{r2, r3}
10004a16:	b510      	push	{r4, lr}
10004a18:	b084      	sub	sp, #16
10004a1a:	000a      	movs	r2, r1
10004a1c:	ac06      	add	r4, sp, #24
10004a1e:	cc08      	ldmia	r4!, {r3}
10004a20:	9403      	str	r4, [sp, #12]
10004a22:	9400      	str	r4, [sp, #0]
10004a24:	0001      	movs	r1, r0
10004a26:	4804      	ldr	r0, [pc, #16]	; (10004a38 <__wrap_snprintf+0x24>)
10004a28:	f7ff fce2 	bl	100043f0 <_vsnprintf>
10004a2c:	b004      	add	sp, #16
10004a2e:	bc10      	pop	{r4}
10004a30:	bc08      	pop	{r3}
10004a32:	b002      	add	sp, #8
10004a34:	4718      	bx	r3
10004a36:	46c0      	nop			; (mov r8, r8)
10004a38:	100038ed 	.word	0x100038ed

10004a3c <vfctprintf>:
10004a3c:	b500      	push	{lr}
10004a3e:	b085      	sub	sp, #20
10004a40:	9002      	str	r0, [sp, #8]
10004a42:	9103      	str	r1, [sp, #12]
10004a44:	2101      	movs	r1, #1
10004a46:	9300      	str	r3, [sp, #0]
10004a48:	0013      	movs	r3, r2
10004a4a:	424a      	negs	r2, r1
10004a4c:	a902      	add	r1, sp, #8
10004a4e:	4802      	ldr	r0, [pc, #8]	; (10004a58 <vfctprintf+0x1c>)
10004a50:	f7ff fcce 	bl	100043f0 <_vsnprintf>
10004a54:	b005      	add	sp, #20
10004a56:	bd00      	pop	{pc}
10004a58:	100038f7 	.word	0x100038f7

10004a5c <__aeabi_bits_init>:
10004a5c:	4801      	ldr	r0, [pc, #4]	; (10004a64 <__aeabi_bits_init+0x8>)
10004a5e:	2104      	movs	r1, #4
10004a60:	4b01      	ldr	r3, [pc, #4]	; (10004a68 <__aeabi_bits_init+0xc>)
10004a62:	4718      	bx	r3
10004a64:	200002c0 	.word	0x200002c0
10004a68:	10004a8d 	.word	0x10004a8d

10004a6c <rom_func_lookup>:
10004a6c:	b510      	push	{r4, lr}
10004a6e:	0001      	movs	r1, r0
10004a70:	2318      	movs	r3, #24
10004a72:	881b      	ldrh	r3, [r3, #0]
10004a74:	2214      	movs	r2, #20
10004a76:	8810      	ldrh	r0, [r2, #0]
10004a78:	4798      	blx	r3
10004a7a:	bd10      	pop	{r4, pc}

10004a7c <rom_data_lookup>:
10004a7c:	b510      	push	{r4, lr}
10004a7e:	0001      	movs	r1, r0
10004a80:	2318      	movs	r3, #24
10004a82:	881b      	ldrh	r3, [r3, #0]
10004a84:	2216      	movs	r2, #22
10004a86:	8810      	ldrh	r0, [r2, #0]
10004a88:	4798      	blx	r3
10004a8a:	bd10      	pop	{r4, pc}

10004a8c <rom_funcs_lookup>:
10004a8c:	b5f0      	push	{r4, r5, r6, r7, lr}
10004a8e:	46c6      	mov	lr, r8
10004a90:	b500      	push	{lr}
10004a92:	0007      	movs	r7, r0
10004a94:	000e      	movs	r6, r1
10004a96:	2500      	movs	r5, #0
10004a98:	2301      	movs	r3, #1
10004a9a:	4698      	mov	r8, r3
10004a9c:	e000      	b.n	10004aa0 <rom_funcs_lookup+0x14>
10004a9e:	3501      	adds	r5, #1
10004aa0:	42b5      	cmp	r5, r6
10004aa2:	d20a      	bcs.n	10004aba <rom_funcs_lookup+0x2e>
10004aa4:	00ac      	lsls	r4, r5, #2
10004aa6:	193c      	adds	r4, r7, r4
10004aa8:	6820      	ldr	r0, [r4, #0]
10004aaa:	f7ff ffdf 	bl	10004a6c <rom_func_lookup>
10004aae:	6020      	str	r0, [r4, #0]
10004ab0:	2800      	cmp	r0, #0
10004ab2:	d1f4      	bne.n	10004a9e <rom_funcs_lookup+0x12>
10004ab4:	2300      	movs	r3, #0
10004ab6:	4698      	mov	r8, r3
10004ab8:	e7f1      	b.n	10004a9e <rom_funcs_lookup+0x12>
10004aba:	4640      	mov	r0, r8
10004abc:	bc80      	pop	{r7}
10004abe:	46b8      	mov	r8, r7
10004ac0:	bdf0      	pop	{r4, r5, r6, r7, pc}
	...

10004ac4 <__wrap___aeabi_idiv>:
10004ac4:	4a12      	ldr	r2, [pc, #72]	; (10004b10 <divmod_s32s32_savestate+0x18>)
10004ac6:	6f93      	ldr	r3, [r2, #120]	; 0x78
10004ac8:	089b      	lsrs	r3, r3, #2
10004aca:	d215      	bcs.n	10004af8 <divmod_s32s32_savestate>

10004acc <divmod_s32s32_unsafe>:
10004acc:	6690      	str	r0, [r2, #104]	; 0x68
10004ace:	66d1      	str	r1, [r2, #108]	; 0x6c
10004ad0:	2900      	cmp	r1, #0
10004ad2:	d005      	beq.n	10004ae0 <divmod_s32s32_unsafe+0x14>
10004ad4:	e7ff      	b.n	10004ad6 <divmod_s32s32_unsafe+0xa>
10004ad6:	e7ff      	b.n	10004ad8 <divmod_s32s32_unsafe+0xc>
10004ad8:	e7ff      	b.n	10004ada <divmod_s32s32_unsafe+0xe>
10004ada:	6f51      	ldr	r1, [r2, #116]	; 0x74
10004adc:	6f10      	ldr	r0, [r2, #112]	; 0x70
10004ade:	4770      	bx	lr
10004ae0:	b504      	push	{r2, lr}
10004ae2:	2180      	movs	r1, #128	; 0x80
10004ae4:	0609      	lsls	r1, r1, #24
10004ae6:	17c2      	asrs	r2, r0, #31
10004ae8:	4051      	eors	r1, r2
10004aea:	2800      	cmp	r0, #0
10004aec:	d000      	beq.n	10004af0 <divmod_s32s32_unsafe+0x24>
10004aee:	43c8      	mvns	r0, r1
10004af0:	f004 fb16 	bl	10009120 <____aeabi_idiv0_veneer>
10004af4:	2100      	movs	r1, #0
10004af6:	bd04      	pop	{r2, pc}

10004af8 <divmod_s32s32_savestate>:
10004af8:	b5f0      	push	{r4, r5, r6, r7, lr}
10004afa:	6e14      	ldr	r4, [r2, #96]	; 0x60
10004afc:	6e55      	ldr	r5, [r2, #100]	; 0x64
10004afe:	6f57      	ldr	r7, [r2, #116]	; 0x74
10004b00:	6f16      	ldr	r6, [r2, #112]	; 0x70
10004b02:	f7ff ffe3 	bl	10004acc <divmod_s32s32_unsafe>
10004b06:	6614      	str	r4, [r2, #96]	; 0x60
10004b08:	6655      	str	r5, [r2, #100]	; 0x64
10004b0a:	6757      	str	r7, [r2, #116]	; 0x74
10004b0c:	6716      	str	r6, [r2, #112]	; 0x70
10004b0e:	bdf0      	pop	{r4, r5, r6, r7, pc}
10004b10:	d0000000 	.word	0xd0000000

10004b14 <__wrap___aeabi_uidiv>:
10004b14:	4a11      	ldr	r2, [pc, #68]	; (10004b5c <divmod_u32u32_savestate+0x18>)
10004b16:	6f93      	ldr	r3, [r2, #120]	; 0x78
10004b18:	089b      	lsrs	r3, r3, #2
10004b1a:	d213      	bcs.n	10004b44 <divmod_u32u32_savestate>

10004b1c <divmod_u32u32_unsafe>:
10004b1c:	6610      	str	r0, [r2, #96]	; 0x60
10004b1e:	6651      	str	r1, [r2, #100]	; 0x64
10004b20:	2900      	cmp	r1, #0
10004b22:	d005      	beq.n	10004b30 <divmod_u32u32_unsafe+0x14>
10004b24:	e7ff      	b.n	10004b26 <divmod_u32u32_unsafe+0xa>
10004b26:	e7ff      	b.n	10004b28 <divmod_u32u32_unsafe+0xc>
10004b28:	e7ff      	b.n	10004b2a <divmod_u32u32_unsafe+0xe>
10004b2a:	6f51      	ldr	r1, [r2, #116]	; 0x74
10004b2c:	6f10      	ldr	r0, [r2, #112]	; 0x70
10004b2e:	4770      	bx	lr
10004b30:	b504      	push	{r2, lr}
10004b32:	2800      	cmp	r0, #0
10004b34:	d001      	beq.n	10004b3a <divmod_u32u32_unsafe+0x1e>
10004b36:	2000      	movs	r0, #0
10004b38:	43c0      	mvns	r0, r0
10004b3a:	f004 faf1 	bl	10009120 <____aeabi_idiv0_veneer>
10004b3e:	2100      	movs	r1, #0
10004b40:	bd04      	pop	{r2, pc}
10004b42:	46c0      	nop			; (mov r8, r8)

10004b44 <divmod_u32u32_savestate>:
10004b44:	b5f0      	push	{r4, r5, r6, r7, lr}
10004b46:	6e14      	ldr	r4, [r2, #96]	; 0x60
10004b48:	6e55      	ldr	r5, [r2, #100]	; 0x64
10004b4a:	6f57      	ldr	r7, [r2, #116]	; 0x74
10004b4c:	6f16      	ldr	r6, [r2, #112]	; 0x70
10004b4e:	f7ff ffe5 	bl	10004b1c <divmod_u32u32_unsafe>
10004b52:	6614      	str	r4, [r2, #96]	; 0x60
10004b54:	6655      	str	r5, [r2, #100]	; 0x64
10004b56:	6757      	str	r7, [r2, #116]	; 0x74
10004b58:	6716      	str	r6, [r2, #112]	; 0x70
10004b5a:	bdf0      	pop	{r4, r5, r6, r7, pc}
10004b5c:	d0000000 	.word	0xd0000000

10004b60 <__wrap___aeabi_ldivmod>:
10004b60:	4694      	mov	ip, r2
10004b62:	4a4a      	ldr	r2, [pc, #296]	; (10004c8c <udiv0+0x1a>)
10004b64:	6f92      	ldr	r2, [r2, #120]	; 0x78
10004b66:	0892      	lsrs	r2, r2, #2
10004b68:	4662      	mov	r2, ip
10004b6a:	d201      	bcs.n	10004b70 <divmod_s64s64_savestate>
10004b6c:	e028      	b.n	10004bc0 <divmod_s64s64_unsafe>
10004b6e:	46c0      	nop			; (mov r8, r8)

10004b70 <divmod_s64s64_savestate>:
10004b70:	b5f0      	push	{r4, r5, r6, r7, lr}
10004b72:	4e46      	ldr	r6, [pc, #280]	; (10004c8c <udiv0+0x1a>)
10004b74:	6e34      	ldr	r4, [r6, #96]	; 0x60
10004b76:	6e75      	ldr	r5, [r6, #100]	; 0x64
10004b78:	6f77      	ldr	r7, [r6, #116]	; 0x74
10004b7a:	6f36      	ldr	r6, [r6, #112]	; 0x70
10004b7c:	f000 f820 	bl	10004bc0 <divmod_s64s64_unsafe>
10004b80:	4694      	mov	ip, r2
10004b82:	4a42      	ldr	r2, [pc, #264]	; (10004c8c <udiv0+0x1a>)
10004b84:	6614      	str	r4, [r2, #96]	; 0x60
10004b86:	6655      	str	r5, [r2, #100]	; 0x64
10004b88:	6757      	str	r7, [r2, #116]	; 0x74
10004b8a:	6716      	str	r6, [r2, #112]	; 0x70
10004b8c:	4662      	mov	r2, ip
10004b8e:	bdf0      	pop	{r4, r5, r6, r7, pc}

10004b90 <__wrap___aeabi_uldivmod>:
10004b90:	4694      	mov	ip, r2
10004b92:	4a3e      	ldr	r2, [pc, #248]	; (10004c8c <udiv0+0x1a>)
10004b94:	6f92      	ldr	r2, [r2, #120]	; 0x78
10004b96:	0892      	lsrs	r2, r2, #2
10004b98:	4662      	mov	r2, ip
10004b9a:	d201      	bcs.n	10004ba0 <divmod_u64u64_savestate>
10004b9c:	e054      	b.n	10004c48 <divmod_u64u64_unsafe>
10004b9e:	46c0      	nop			; (mov r8, r8)

10004ba0 <divmod_u64u64_savestate>:
10004ba0:	b5f0      	push	{r4, r5, r6, r7, lr}
10004ba2:	4e3a      	ldr	r6, [pc, #232]	; (10004c8c <udiv0+0x1a>)
10004ba4:	6e34      	ldr	r4, [r6, #96]	; 0x60
10004ba6:	6e75      	ldr	r5, [r6, #100]	; 0x64
10004ba8:	6f77      	ldr	r7, [r6, #116]	; 0x74
10004baa:	6f36      	ldr	r6, [r6, #112]	; 0x70
10004bac:	f000 f84c 	bl	10004c48 <divmod_u64u64_unsafe>
10004bb0:	4694      	mov	ip, r2
10004bb2:	4a36      	ldr	r2, [pc, #216]	; (10004c8c <udiv0+0x1a>)
10004bb4:	6614      	str	r4, [r2, #96]	; 0x60
10004bb6:	6655      	str	r5, [r2, #100]	; 0x64
10004bb8:	6757      	str	r7, [r2, #116]	; 0x74
10004bba:	6716      	str	r6, [r2, #112]	; 0x70
10004bbc:	4662      	mov	r2, ip
10004bbe:	bdf0      	pop	{r4, r5, r6, r7, pc}

10004bc0 <divmod_s64s64_unsafe>:
10004bc0:	2b00      	cmp	r3, #0
10004bc2:	db24      	blt.n	10004c0e <l42_1+0x26>
10004bc4:	d011      	beq.n	10004bea <l42_1+0x2>
10004bc6:	2900      	cmp	r1, #0
10004bc8:	da3e      	bge.n	10004c48 <divmod_u64u64_unsafe>
10004bca:	b500      	push	{lr}
10004bcc:	43c9      	mvns	r1, r1
10004bce:	4240      	negs	r0, r0
10004bd0:	d100      	bne.n	10004bd4 <l40_1>
10004bd2:	3101      	adds	r1, #1

10004bd4 <l40_1>:
10004bd4:	f000 f838 	bl	10004c48 <divmod_u64u64_unsafe>
10004bd8:	43c9      	mvns	r1, r1
10004bda:	4240      	negs	r0, r0
10004bdc:	d100      	bne.n	10004be0 <l41_1>
10004bde:	3101      	adds	r1, #1

10004be0 <l41_1>:
10004be0:	43db      	mvns	r3, r3
10004be2:	4252      	negs	r2, r2
10004be4:	d100      	bne.n	10004be8 <l42_1>
10004be6:	3301      	adds	r3, #1

10004be8 <l42_1>:
10004be8:	bd00      	pop	{pc}
10004bea:	2a00      	cmp	r2, #0
10004bec:	d1eb      	bne.n	10004bc6 <divmod_s64s64_unsafe+0x6>
10004bee:	2800      	cmp	r0, #0
10004bf0:	d101      	bne.n	10004bf6 <l42_1+0xe>
10004bf2:	2900      	cmp	r1, #0
10004bf4:	d005      	beq.n	10004c02 <l42_1+0x1a>
10004bf6:	2000      	movs	r0, #0
10004bf8:	0fc9      	lsrs	r1, r1, #31
10004bfa:	07c9      	lsls	r1, r1, #31
10004bfc:	d101      	bne.n	10004c02 <l42_1+0x1a>
10004bfe:	43c0      	mvns	r0, r0
10004c00:	0841      	lsrs	r1, r0, #1
10004c02:	b500      	push	{lr}
10004c04:	f004 fa84 	bl	10009110 <____aeabi_ldiv0_veneer>
10004c08:	2200      	movs	r2, #0
10004c0a:	2300      	movs	r3, #0
10004c0c:	bd00      	pop	{pc}
10004c0e:	b500      	push	{lr}
10004c10:	2900      	cmp	r1, #0
10004c12:	db0a      	blt.n	10004c2a <l44_1+0x2>
10004c14:	43db      	mvns	r3, r3
10004c16:	4252      	negs	r2, r2
10004c18:	d100      	bne.n	10004c1c <l43_1>
10004c1a:	3301      	adds	r3, #1

10004c1c <l43_1>:
10004c1c:	f000 f814 	bl	10004c48 <divmod_u64u64_unsafe>
10004c20:	43c9      	mvns	r1, r1
10004c22:	4240      	negs	r0, r0
10004c24:	d100      	bne.n	10004c28 <l44_1>
10004c26:	3101      	adds	r1, #1

10004c28 <l44_1>:
10004c28:	bd00      	pop	{pc}
10004c2a:	43c9      	mvns	r1, r1
10004c2c:	4240      	negs	r0, r0
10004c2e:	d100      	bne.n	10004c32 <l45_1>
10004c30:	3101      	adds	r1, #1

10004c32 <l45_1>:
10004c32:	43db      	mvns	r3, r3
10004c34:	4252      	negs	r2, r2
10004c36:	d100      	bne.n	10004c3a <l46_1>
10004c38:	3301      	adds	r3, #1

10004c3a <l46_1>:
10004c3a:	f000 f805 	bl	10004c48 <divmod_u64u64_unsafe>
10004c3e:	43db      	mvns	r3, r3
10004c40:	4252      	negs	r2, r2
10004c42:	d100      	bne.n	10004c46 <l47_1>
10004c44:	3301      	adds	r3, #1

10004c46 <l47_1>:
10004c46:	bd00      	pop	{pc}

10004c48 <divmod_u64u64_unsafe>:
10004c48:	2900      	cmp	r1, #0
10004c4a:	d123      	bne.n	10004c94 <y64>
10004c4c:	2b00      	cmp	r3, #0
10004c4e:	d118      	bne.n	10004c82 <udiv0+0x10>
10004c50:	2a00      	cmp	r2, #0
10004c52:	d00c      	beq.n	10004c6e <divmod_u64u64_unsafe+0x26>
10004c54:	46bc      	mov	ip, r7
10004c56:	4f0d      	ldr	r7, [pc, #52]	; (10004c8c <udiv0+0x1a>)
10004c58:	6638      	str	r0, [r7, #96]	; 0x60
10004c5a:	667a      	str	r2, [r7, #100]	; 0x64
10004c5c:	2100      	movs	r1, #0
10004c5e:	2300      	movs	r3, #0
10004c60:	e7ff      	b.n	10004c62 <divmod_u64u64_unsafe+0x1a>
10004c62:	e7ff      	b.n	10004c64 <divmod_u64u64_unsafe+0x1c>
10004c64:	e7ff      	b.n	10004c66 <divmod_u64u64_unsafe+0x1e>
10004c66:	6f7a      	ldr	r2, [r7, #116]	; 0x74
10004c68:	6f38      	ldr	r0, [r7, #112]	; 0x70
10004c6a:	4667      	mov	r7, ip
10004c6c:	4770      	bx	lr
10004c6e:	2800      	cmp	r0, #0
10004c70:	d001      	beq.n	10004c76 <udiv0+0x4>

10004c72 <udiv0>:
10004c72:	4807      	ldr	r0, [pc, #28]	; (10004c90 <udiv0+0x1e>)
10004c74:	0001      	movs	r1, r0
10004c76:	b500      	push	{lr}
10004c78:	f004 fa4a 	bl	10009110 <____aeabi_ldiv0_veneer>
10004c7c:	2200      	movs	r2, #0
10004c7e:	2300      	movs	r3, #0
10004c80:	bd00      	pop	{pc}
10004c82:	0002      	movs	r2, r0
10004c84:	000b      	movs	r3, r1
10004c86:	2000      	movs	r0, #0
10004c88:	2100      	movs	r1, #0
10004c8a:	4770      	bx	lr
10004c8c:	d0000000 	.word	0xd0000000
10004c90:	ffffffff 	.word	0xffffffff

10004c94 <y64>:
10004c94:	2b00      	cmp	r3, #0
10004c96:	d000      	beq.n	10004c9a <y64+0x6>
10004c98:	e0bf      	b.n	10004e1a <y64_x48>
10004c9a:	0c13      	lsrs	r3, r2, #16
10004c9c:	d128      	bne.n	10004cf0 <y64_x32>
10004c9e:	2a00      	cmp	r2, #0
10004ca0:	d0e7      	beq.n	10004c72 <udiv0>
10004ca2:	b480      	push	{r7}
10004ca4:	4f11      	ldr	r7, [pc, #68]	; (10004cec <y64+0x58>)
10004ca6:	6639      	str	r1, [r7, #96]	; 0x60
10004ca8:	667a      	str	r2, [r7, #100]	; 0x64
10004caa:	e7ff      	b.n	10004cac <y64+0x18>
10004cac:	e7ff      	b.n	10004cae <y64+0x1a>
10004cae:	b430      	push	{r4, r5}
10004cb0:	0c04      	lsrs	r4, r0, #16
10004cb2:	6f7b      	ldr	r3, [r7, #116]	; 0x74
10004cb4:	6f39      	ldr	r1, [r7, #112]	; 0x70
10004cb6:	041b      	lsls	r3, r3, #16
10004cb8:	4323      	orrs	r3, r4
10004cba:	663b      	str	r3, [r7, #96]	; 0x60
10004cbc:	667a      	str	r2, [r7, #100]	; 0x64
10004cbe:	e7ff      	b.n	10004cc0 <y64+0x2c>
10004cc0:	e7ff      	b.n	10004cc2 <y64+0x2e>
10004cc2:	e7ff      	b.n	10004cc4 <y64+0x30>
10004cc4:	46c0      	nop			; (mov r8, r8)
10004cc6:	b284      	uxth	r4, r0
10004cc8:	6f7b      	ldr	r3, [r7, #116]	; 0x74
10004cca:	6f3d      	ldr	r5, [r7, #112]	; 0x70
10004ccc:	041b      	lsls	r3, r3, #16
10004cce:	4323      	orrs	r3, r4
10004cd0:	663b      	str	r3, [r7, #96]	; 0x60
10004cd2:	667a      	str	r2, [r7, #100]	; 0x64
10004cd4:	e7ff      	b.n	10004cd6 <y64+0x42>
10004cd6:	e7ff      	b.n	10004cd8 <y64+0x44>
10004cd8:	46c0      	nop			; (mov r8, r8)
10004cda:	2300      	movs	r3, #0
10004cdc:	042c      	lsls	r4, r5, #16
10004cde:	0c2d      	lsrs	r5, r5, #16
10004ce0:	6f7a      	ldr	r2, [r7, #116]	; 0x74
10004ce2:	6f38      	ldr	r0, [r7, #112]	; 0x70
10004ce4:	1900      	adds	r0, r0, r4
10004ce6:	4169      	adcs	r1, r5
10004ce8:	bcb0      	pop	{r4, r5, r7}
10004cea:	4770      	bx	lr
10004cec:	d0000000 	.word	0xd0000000

10004cf0 <y64_x32>:
10004cf0:	b5f0      	push	{r4, r5, r6, r7, lr}
10004cf2:	4694      	mov	ip, r2
10004cf4:	2500      	movs	r5, #0
10004cf6:	0e14      	lsrs	r4, r2, #24
10004cf8:	d101      	bne.n	10004cfe <y64_x32+0xe>
10004cfa:	0212      	lsls	r2, r2, #8
10004cfc:	3508      	adds	r5, #8
10004cfe:	0f14      	lsrs	r4, r2, #28
10004d00:	d101      	bne.n	10004d06 <y64_x32+0x16>
10004d02:	0112      	lsls	r2, r2, #4
10004d04:	3504      	adds	r5, #4
10004d06:	0f94      	lsrs	r4, r2, #30
10004d08:	d101      	bne.n	10004d0e <y64_x32+0x1e>
10004d0a:	0092      	lsls	r2, r2, #2
10004d0c:	3502      	adds	r5, #2
10004d0e:	0fd4      	lsrs	r4, r2, #31
10004d10:	d101      	bne.n	10004d16 <y64_x32+0x26>
10004d12:	0052      	lsls	r2, r2, #1
10004d14:	3501      	adds	r5, #1
10004d16:	0bd4      	lsrs	r4, r2, #15
10004d18:	3401      	adds	r4, #1
10004d1a:	4f25      	ldr	r7, [pc, #148]	; (10004db0 <y64_x32+0xc0>)
10004d1c:	667c      	str	r4, [r7, #100]	; 0x64
10004d1e:	4c25      	ldr	r4, [pc, #148]	; (10004db4 <y64_x32+0xc4>)
10004d20:	663c      	str	r4, [r7, #96]	; 0x60
10004d22:	0c0e      	lsrs	r6, r1, #16
10004d24:	b293      	uxth	r3, r2
10004d26:	e7ff      	b.n	10004d28 <y64_x32+0x38>
10004d28:	e7ff      	b.n	10004d2a <y64_x32+0x3a>
10004d2a:	e7ff      	b.n	10004d2c <y64_x32+0x3c>
10004d2c:	6f3c      	ldr	r4, [r7, #112]	; 0x70
10004d2e:	4366      	muls	r6, r4
10004d30:	0c36      	lsrs	r6, r6, #16
10004d32:	0377      	lsls	r7, r6, #13
10004d34:	46be      	mov	lr, r7
10004d36:	4373      	muls	r3, r6
10004d38:	0bdf      	lsrs	r7, r3, #15
10004d3a:	045b      	lsls	r3, r3, #17
10004d3c:	1ac0      	subs	r0, r0, r3
10004d3e:	41b9      	sbcs	r1, r7
10004d40:	0c13      	lsrs	r3, r2, #16
10004d42:	4373      	muls	r3, r6
10004d44:	18db      	adds	r3, r3, r3
10004d46:	1ac9      	subs	r1, r1, r3
10004d48:	08ce      	lsrs	r6, r1, #3
10004d4a:	4366      	muls	r6, r4
10004d4c:	0c36      	lsrs	r6, r6, #16
10004d4e:	44b6      	add	lr, r6
10004d50:	b293      	uxth	r3, r2
10004d52:	4373      	muls	r3, r6
10004d54:	0f1f      	lsrs	r7, r3, #28
10004d56:	011b      	lsls	r3, r3, #4
10004d58:	1ac0      	subs	r0, r0, r3
10004d5a:	41b9      	sbcs	r1, r7
10004d5c:	0c13      	lsrs	r3, r2, #16
10004d5e:	4373      	muls	r3, r6
10004d60:	0b1f      	lsrs	r7, r3, #12
10004d62:	051b      	lsls	r3, r3, #20
10004d64:	1ac0      	subs	r0, r0, r3
10004d66:	41b9      	sbcs	r1, r7
10004d68:	0d86      	lsrs	r6, r0, #22
10004d6a:	028f      	lsls	r7, r1, #10
10004d6c:	433e      	orrs	r6, r7
10004d6e:	4366      	muls	r6, r4
10004d70:	0c36      	lsrs	r6, r6, #16
10004d72:	2d09      	cmp	r5, #9
10004d74:	db24      	blt.n	10004dc0 <last0>
10004d76:	0a52      	lsrs	r2, r2, #9
10004d78:	4372      	muls	r2, r6
10004d7a:	1a80      	subs	r0, r0, r2
10004d7c:	0377      	lsls	r7, r6, #13
10004d7e:	0a46      	lsrs	r6, r0, #9
10004d80:	4366      	muls	r6, r4
10004d82:	0c36      	lsrs	r6, r6, #16
10004d84:	2316      	movs	r3, #22
10004d86:	1b5b      	subs	r3, r3, r5
10004d88:	40de      	lsrs	r6, r3
10004d8a:	40df      	lsrs	r7, r3
10004d8c:	19bf      	adds	r7, r7, r6
10004d8e:	4664      	mov	r4, ip
10004d90:	4366      	muls	r6, r4
10004d92:	1b82      	subs	r2, r0, r6
10004d94:	4670      	mov	r0, lr
10004d96:	3504      	adds	r5, #4
10004d98:	3306      	adds	r3, #6
10004d9a:	0001      	movs	r1, r0
10004d9c:	40d9      	lsrs	r1, r3
10004d9e:	40a8      	lsls	r0, r5
10004da0:	19c0      	adds	r0, r0, r7
10004da2:	d300      	bcc.n	10004da6 <y64_x32+0xb6>
10004da4:	3101      	adds	r1, #1
10004da6:	42a2      	cmp	r2, r4
10004da8:	d206      	bcs.n	10004db8 <y64_x32+0xc8>
10004daa:	2300      	movs	r3, #0
10004dac:	bdf0      	pop	{r4, r5, r6, r7, pc}
10004dae:	0000      	.short	0x0000
10004db0:	d0000000 	.word	0xd0000000
10004db4:	ffffffff 	.word	0xffffffff
10004db8:	1b12      	subs	r2, r2, r4
10004dba:	3001      	adds	r0, #1
10004dbc:	d3f3      	bcc.n	10004da6 <y64_x32+0xb6>
10004dbe:	e7f1      	b.n	10004da4 <y64_x32+0xb4>

10004dc0 <last0>:
10004dc0:	2709      	movs	r7, #9
10004dc2:	1b7f      	subs	r7, r7, r5
10004dc4:	40fe      	lsrs	r6, r7
10004dc6:	4664      	mov	r4, ip
10004dc8:	b2a2      	uxth	r2, r4
10004dca:	4372      	muls	r2, r6
10004dcc:	1a80      	subs	r0, r0, r2
10004dce:	d200      	bcs.n	10004dd2 <last0+0x12>
10004dd0:	3901      	subs	r1, #1
10004dd2:	0c22      	lsrs	r2, r4, #16
10004dd4:	4372      	muls	r2, r6
10004dd6:	0c13      	lsrs	r3, r2, #16
10004dd8:	0412      	lsls	r2, r2, #16
10004dda:	1a82      	subs	r2, r0, r2
10004ddc:	4199      	sbcs	r1, r3
10004dde:	000b      	movs	r3, r1
10004de0:	4670      	mov	r0, lr
10004de2:	3504      	adds	r5, #4
10004de4:	3713      	adds	r7, #19
10004de6:	0001      	movs	r1, r0
10004de8:	40f9      	lsrs	r1, r7
10004dea:	40a8      	lsls	r0, r5
10004dec:	1980      	adds	r0, r0, r6
10004dee:	d300      	bcc.n	10004df2 <last0+0x32>
10004df0:	3101      	adds	r1, #1
10004df2:	2b00      	cmp	r3, #0
10004df4:	d102      	bne.n	10004dfc <last0+0x3c>
10004df6:	42a2      	cmp	r2, r4
10004df8:	d20a      	bcs.n	10004e10 <last0+0x50>
10004dfa:	bdf0      	pop	{r4, r5, r6, r7, pc}
10004dfc:	3001      	adds	r0, #1
10004dfe:	d300      	bcc.n	10004e02 <last0+0x42>
10004e00:	3101      	adds	r1, #1
10004e02:	1b12      	subs	r2, r2, r4
10004e04:	d2fa      	bcs.n	10004dfc <last0+0x3c>
10004e06:	3b01      	subs	r3, #1
10004e08:	d1f8      	bne.n	10004dfc <last0+0x3c>
10004e0a:	42a2      	cmp	r2, r4
10004e0c:	d200      	bcs.n	10004e10 <last0+0x50>
10004e0e:	bdf0      	pop	{r4, r5, r6, r7, pc}
10004e10:	3001      	adds	r0, #1
10004e12:	d300      	bcc.n	10004e16 <last0+0x56>
10004e14:	3101      	adds	r1, #1
10004e16:	1b12      	subs	r2, r2, r4
10004e18:	e7f7      	b.n	10004e0a <last0+0x4a>

10004e1a <y64_x48>:
10004e1a:	b5f0      	push	{r4, r5, r6, r7, lr}
10004e1c:	0c1c      	lsrs	r4, r3, #16
10004e1e:	d000      	beq.n	10004e22 <y64_x48+0x8>
10004e20:	e080      	b.n	10004f24 <y64_x64>
10004e22:	b40c      	push	{r2, r3}
10004e24:	2500      	movs	r5, #0
10004e26:	0a1c      	lsrs	r4, r3, #8
10004e28:	d104      	bne.n	10004e34 <y64_x48+0x1a>
10004e2a:	021b      	lsls	r3, r3, #8
10004e2c:	0e16      	lsrs	r6, r2, #24
10004e2e:	4333      	orrs	r3, r6
10004e30:	0212      	lsls	r2, r2, #8
10004e32:	3508      	adds	r5, #8
10004e34:	0b1c      	lsrs	r4, r3, #12
10004e36:	d104      	bne.n	10004e42 <y64_x48+0x28>
10004e38:	011b      	lsls	r3, r3, #4
10004e3a:	0f16      	lsrs	r6, r2, #28
10004e3c:	4333      	orrs	r3, r6
10004e3e:	0112      	lsls	r2, r2, #4
10004e40:	3504      	adds	r5, #4
10004e42:	0b9c      	lsrs	r4, r3, #14
10004e44:	d104      	bne.n	10004e50 <y64_x48+0x36>
10004e46:	009b      	lsls	r3, r3, #2
10004e48:	0f96      	lsrs	r6, r2, #30
10004e4a:	4333      	orrs	r3, r6
10004e4c:	0092      	lsls	r2, r2, #2
10004e4e:	3502      	adds	r5, #2
10004e50:	0bdc      	lsrs	r4, r3, #15
10004e52:	d102      	bne.n	10004e5a <y64_x48+0x40>
10004e54:	1892      	adds	r2, r2, r2
10004e56:	415b      	adcs	r3, r3
10004e58:	3501      	adds	r5, #1
10004e5a:	001c      	movs	r4, r3
10004e5c:	1897      	adds	r7, r2, r2
10004e5e:	4164      	adcs	r4, r4
10004e60:	3401      	adds	r4, #1
10004e62:	4f46      	ldr	r7, [pc, #280]	; (10004f7c <y64_x64+0x58>)
10004e64:	667c      	str	r4, [r7, #100]	; 0x64
10004e66:	4c46      	ldr	r4, [pc, #280]	; (10004f80 <y64_x64+0x5c>)
10004e68:	663c      	str	r4, [r7, #96]	; 0x60
10004e6a:	0c0e      	lsrs	r6, r1, #16
10004e6c:	e7ff      	b.n	10004e6e <y64_x48+0x54>
10004e6e:	e7ff      	b.n	10004e70 <y64_x48+0x56>
10004e70:	e7ff      	b.n	10004e72 <y64_x48+0x58>
10004e72:	46c0      	nop			; (mov r8, r8)
10004e74:	6f3c      	ldr	r4, [r7, #112]	; 0x70
10004e76:	4366      	muls	r6, r4
10004e78:	0c36      	lsrs	r6, r6, #16
10004e7a:	0377      	lsls	r7, r6, #13
10004e7c:	46be      	mov	lr, r7
10004e7e:	b297      	uxth	r7, r2
10004e80:	4377      	muls	r7, r6
10004e82:	1bc0      	subs	r0, r0, r7
10004e84:	d200      	bcs.n	10004e88 <y64_x48+0x6e>
10004e86:	3901      	subs	r1, #1
10004e88:	1bc0      	subs	r0, r0, r7
10004e8a:	d200      	bcs.n	10004e8e <y64_x48+0x74>
10004e8c:	3901      	subs	r1, #1
10004e8e:	b29f      	uxth	r7, r3
10004e90:	4377      	muls	r7, r6
10004e92:	1bc9      	subs	r1, r1, r7
10004e94:	1bc9      	subs	r1, r1, r7
10004e96:	0c17      	lsrs	r7, r2, #16
10004e98:	4377      	muls	r7, r6
10004e9a:	047e      	lsls	r6, r7, #17
10004e9c:	0bff      	lsrs	r7, r7, #15
10004e9e:	1b80      	subs	r0, r0, r6
10004ea0:	41b9      	sbcs	r1, r7
10004ea2:	08ce      	lsrs	r6, r1, #3
10004ea4:	4366      	muls	r6, r4
10004ea6:	0c36      	lsrs	r6, r6, #16
10004ea8:	2d0c      	cmp	r5, #12
10004eaa:	db33      	blt.n	10004f14 <last1>
10004eac:	44b6      	add	lr, r6
10004eae:	0b12      	lsrs	r2, r2, #12
10004eb0:	051f      	lsls	r7, r3, #20
10004eb2:	433a      	orrs	r2, r7
10004eb4:	0b1b      	lsrs	r3, r3, #12
10004eb6:	b297      	uxth	r7, r2
10004eb8:	4377      	muls	r7, r6
10004eba:	1bc0      	subs	r0, r0, r7
10004ebc:	d200      	bcs.n	10004ec0 <y64_x48+0xa6>
10004ebe:	3901      	subs	r1, #1
10004ec0:	b29f      	uxth	r7, r3
10004ec2:	4377      	muls	r7, r6
10004ec4:	1bc9      	subs	r1, r1, r7
10004ec6:	0c17      	lsrs	r7, r2, #16
10004ec8:	4377      	muls	r7, r6
10004eca:	043e      	lsls	r6, r7, #16
10004ecc:	0c3f      	lsrs	r7, r7, #16
10004ece:	1b80      	subs	r0, r0, r6
10004ed0:	41b9      	sbcs	r1, r7
10004ed2:	0d86      	lsrs	r6, r0, #22
10004ed4:	028f      	lsls	r7, r1, #10
10004ed6:	433e      	orrs	r6, r7
10004ed8:	4366      	muls	r6, r4
10004eda:	2729      	movs	r7, #41	; 0x29
10004edc:	1b7f      	subs	r7, r7, r5
10004ede:	40fe      	lsrs	r6, r7
10004ee0:	3d0c      	subs	r5, #12
10004ee2:	4677      	mov	r7, lr
10004ee4:	40af      	lsls	r7, r5
10004ee6:	19bf      	adds	r7, r7, r6
10004ee8:	bc30      	pop	{r4, r5}
10004eea:	b2a2      	uxth	r2, r4
10004eec:	b2ab      	uxth	r3, r5
10004eee:	4372      	muls	r2, r6
10004ef0:	4373      	muls	r3, r6
10004ef2:	1a80      	subs	r0, r0, r2
10004ef4:	4199      	sbcs	r1, r3
10004ef6:	0c22      	lsrs	r2, r4, #16
10004ef8:	4372      	muls	r2, r6
10004efa:	0c13      	lsrs	r3, r2, #16
10004efc:	0412      	lsls	r2, r2, #16
10004efe:	1a80      	subs	r0, r0, r2
10004f00:	4199      	sbcs	r1, r3
10004f02:	0002      	movs	r2, r0
10004f04:	000b      	movs	r3, r1
10004f06:	3701      	adds	r7, #1
10004f08:	1b00      	subs	r0, r0, r4
10004f0a:	41a9      	sbcs	r1, r5
10004f0c:	d2f9      	bcs.n	10004f02 <y64_x48+0xe8>
10004f0e:	1e78      	subs	r0, r7, #1
10004f10:	2100      	movs	r1, #0
10004f12:	bdf0      	pop	{r4, r5, r6, r7, pc}

10004f14 <last1>:
10004f14:	270c      	movs	r7, #12
10004f16:	1b7f      	subs	r7, r7, r5
10004f18:	40fe      	lsrs	r6, r7
10004f1a:	4677      	mov	r7, lr
10004f1c:	0b7f      	lsrs	r7, r7, #13
10004f1e:	40af      	lsls	r7, r5
10004f20:	19ff      	adds	r7, r7, r7
10004f22:	e7e0      	b.n	10004ee6 <y64_x48+0xcc>

10004f24 <y64_x64>:
10004f24:	2400      	movs	r4, #0
10004f26:	1c5d      	adds	r5, r3, #1
10004f28:	d007      	beq.n	10004f3a <y64_x64+0x16>
10004f2a:	4f14      	ldr	r7, [pc, #80]	; (10004f7c <y64_x64+0x58>)
10004f2c:	667d      	str	r5, [r7, #100]	; 0x64
10004f2e:	6639      	str	r1, [r7, #96]	; 0x60
10004f30:	e7ff      	b.n	10004f32 <y64_x64+0xe>
10004f32:	e7ff      	b.n	10004f34 <y64_x64+0x10>
10004f34:	e7ff      	b.n	10004f36 <y64_x64+0x12>
10004f36:	e7ff      	b.n	10004f38 <y64_x64+0x14>
10004f38:	6f3c      	ldr	r4, [r7, #112]	; 0x70
10004f3a:	b295      	uxth	r5, r2
10004f3c:	b29e      	uxth	r6, r3
10004f3e:	4365      	muls	r5, r4
10004f40:	4366      	muls	r6, r4
10004f42:	1b40      	subs	r0, r0, r5
10004f44:	41b1      	sbcs	r1, r6
10004f46:	0c15      	lsrs	r5, r2, #16
10004f48:	0c1e      	lsrs	r6, r3, #16
10004f4a:	4365      	muls	r5, r4
10004f4c:	4366      	muls	r6, r4
10004f4e:	0436      	lsls	r6, r6, #16
10004f50:	0c2f      	lsrs	r7, r5, #16
10004f52:	433e      	orrs	r6, r7
10004f54:	042d      	lsls	r5, r5, #16
10004f56:	1b40      	subs	r0, r0, r5
10004f58:	41b1      	sbcs	r1, r6
10004f5a:	4299      	cmp	r1, r3
10004f5c:	d204      	bcs.n	10004f68 <y64_x64+0x44>
10004f5e:	0002      	movs	r2, r0
10004f60:	000b      	movs	r3, r1
10004f62:	0020      	movs	r0, r4
10004f64:	2100      	movs	r1, #0
10004f66:	bdf0      	pop	{r4, r5, r6, r7, pc}
10004f68:	d101      	bne.n	10004f6e <y64_x64+0x4a>
10004f6a:	4290      	cmp	r0, r2
10004f6c:	d3f7      	bcc.n	10004f5e <y64_x64+0x3a>
10004f6e:	1a80      	subs	r0, r0, r2
10004f70:	4199      	sbcs	r1, r3
10004f72:	3401      	adds	r4, #1
10004f74:	4299      	cmp	r1, r3
10004f76:	d3f2      	bcc.n	10004f5e <y64_x64+0x3a>
10004f78:	e7f6      	b.n	10004f68 <y64_x64+0x44>
10004f7a:	0000      	.short	0x0000
10004f7c:	d0000000 	.word	0xd0000000
10004f80:	ffffffff 	.word	0xffffffff

10004f84 <__wrap___aeabi_drsub>:
10004f84:	4048      	eors	r0, r1
10004f86:	4041      	eors	r1, r0
10004f88:	4048      	eors	r0, r1

10004f8a <__wrap___aeabi_dsub>:
10004f8a:	b418      	push	{r3, r4}
10004f8c:	4b1b      	ldr	r3, [pc, #108]	; (10004ffc <__wrap___aeabi_dmul+0x12>)
10004f8e:	685b      	ldr	r3, [r3, #4]
10004f90:	46fc      	mov	ip, pc
10004f92:	9301      	str	r3, [sp, #4]
10004f94:	bd08      	pop	{r3, pc}
10004f96:	df04      	.short	0xdf04
10004f98:	100052f7 	.word	0x100052f7

10004f9c <__wrap___aeabi_dadd>:
10004f9c:	b418      	push	{r3, r4}
10004f9e:	4b17      	ldr	r3, [pc, #92]	; (10004ffc <__wrap___aeabi_dmul+0x12>)
10004fa0:	681b      	ldr	r3, [r3, #0]
10004fa2:	46fc      	mov	ip, pc
10004fa4:	9301      	str	r3, [sp, #4]
10004fa6:	bd08      	pop	{r3, pc}
10004fa8:	5301df00 	.word	0x5301df00
10004fac:	1000      	.short	0x1000

10004fae <__wrap___aeabi_ddiv>:
10004fae:	4694      	mov	ip, r2
10004fb0:	4a13      	ldr	r2, [pc, #76]	; (10005000 <__wrap___aeabi_dmul+0x16>)
10004fb2:	6f92      	ldr	r2, [r2, #120]	; 0x78
10004fb4:	0892      	lsrs	r2, r2, #2
10004fb6:	d209      	bcs.n	10004fcc <ddiv_save_state>
10004fb8:	4662      	mov	r2, ip

10004fba <ddiv_shim_call>:
10004fba:	b418      	push	{r3, r4}
10004fbc:	4b0f      	ldr	r3, [pc, #60]	; (10004ffc <__wrap___aeabi_dmul+0x12>)
10004fbe:	68db      	ldr	r3, [r3, #12]
10004fc0:	46fc      	mov	ip, pc
10004fc2:	9301      	str	r3, [sp, #4]
10004fc4:	bd08      	pop	{r3, pc}
10004fc6:	df0c      	.short	0xdf0c
10004fc8:	100055b9 	.word	0x100055b9

10004fcc <ddiv_save_state>:
10004fcc:	4a0c      	ldr	r2, [pc, #48]	; (10005000 <__wrap___aeabi_dmul+0x16>)
10004fce:	b5f0      	push	{r4, r5, r6, r7, lr}
10004fd0:	6e14      	ldr	r4, [r2, #96]	; 0x60
10004fd2:	6e55      	ldr	r5, [r2, #100]	; 0x64
10004fd4:	6f57      	ldr	r7, [r2, #116]	; 0x74
10004fd6:	6f16      	ldr	r6, [r2, #112]	; 0x70
10004fd8:	4662      	mov	r2, ip
10004fda:	f7ff ffee 	bl	10004fba <ddiv_shim_call>
10004fde:	4a08      	ldr	r2, [pc, #32]	; (10005000 <__wrap___aeabi_dmul+0x16>)
10004fe0:	6614      	str	r4, [r2, #96]	; 0x60
10004fe2:	6655      	str	r5, [r2, #100]	; 0x64
10004fe4:	6757      	str	r7, [r2, #116]	; 0x74
10004fe6:	6716      	str	r6, [r2, #112]	; 0x70
10004fe8:	bdf0      	pop	{r4, r5, r6, r7, pc}

10004fea <__wrap___aeabi_dmul>:
10004fea:	b418      	push	{r3, r4}
10004fec:	4b03      	ldr	r3, [pc, #12]	; (10004ffc <__wrap___aeabi_dmul+0x12>)
10004fee:	689b      	ldr	r3, [r3, #8]
10004ff0:	46fc      	mov	ip, pc
10004ff2:	9301      	str	r3, [sp, #4]
10004ff4:	bd08      	pop	{r3, pc}
10004ff6:	df08      	.short	0xdf08
10004ff8:	1000545d 	.word	0x1000545d
10004ffc:	20000f18 	.word	0x20000f18
10005000:	d0000000 	.word	0xd0000000

10005004 <__wrap___aeabi_cdrcmple>:
10005004:	b5ff      	push	{r0, r1, r2, r3, r4, r5, r6, r7, lr}
10005006:	4050      	eors	r0, r2
10005008:	4042      	eors	r2, r0
1000500a:	4050      	eors	r0, r2
1000500c:	4059      	eors	r1, r3
1000500e:	404b      	eors	r3, r1
10005010:	4059      	eors	r1, r3
10005012:	e000      	b.n	10005016 <__aeabi_dfcmple_guts>

10005014 <__wrap___aeabi_cdcmpeq>:
10005014:	b5ff      	push	{r0, r1, r2, r3, r4, r5, r6, r7, lr}

10005016 <__aeabi_dfcmple_guts>:
10005016:	4f15      	ldr	r7, [pc, #84]	; (1000506c <__aeabi_dfcmple_guts+0x56>)
10005018:	004c      	lsls	r4, r1, #1
1000501a:	0d64      	lsrs	r4, r4, #21
1000501c:	d003      	beq.n	10005026 <__aeabi_dfcmple_guts+0x10>
1000501e:	42bc      	cmp	r4, r7
10005020:	d104      	bne.n	1000502c <__aeabi_dfcmple_guts+0x16>
10005022:	030c      	lsls	r4, r1, #12
10005024:	d814      	bhi.n	10005050 <__aeabi_dfcmple_guts+0x3a>
10005026:	2000      	movs	r0, #0
10005028:	0d09      	lsrs	r1, r1, #20
1000502a:	0509      	lsls	r1, r1, #20
1000502c:	005c      	lsls	r4, r3, #1
1000502e:	0d64      	lsrs	r4, r4, #21
10005030:	d003      	beq.n	1000503a <__aeabi_dfcmple_guts+0x24>
10005032:	42bc      	cmp	r4, r7
10005034:	d104      	bne.n	10005040 <__aeabi_dfcmple_guts+0x2a>
10005036:	031c      	lsls	r4, r3, #12
10005038:	d80a      	bhi.n	10005050 <__aeabi_dfcmple_guts+0x3a>
1000503a:	2200      	movs	r2, #0
1000503c:	0d1b      	lsrs	r3, r3, #20
1000503e:	051b      	lsls	r3, r3, #20
10005040:	2601      	movs	r6, #1
10005042:	404b      	eors	r3, r1
10005044:	d409      	bmi.n	1000505a <__aeabi_dfcmple_guts+0x44>
10005046:	404b      	eors	r3, r1
10005048:	d503      	bpl.n	10005052 <__aeabi_dfcmple_guts+0x3c>
1000504a:	428b      	cmp	r3, r1
1000504c:	d100      	bne.n	10005050 <__aeabi_dfcmple_guts+0x3a>
1000504e:	4282      	cmp	r2, r0
10005050:	bdff      	pop	{r0, r1, r2, r3, r4, r5, r6, r7, pc}
10005052:	4299      	cmp	r1, r3
10005054:	d1fc      	bne.n	10005050 <__aeabi_dfcmple_guts+0x3a>
10005056:	4290      	cmp	r0, r2
10005058:	bdff      	pop	{r0, r1, r2, r3, r4, r5, r6, r7, pc}
1000505a:	430b      	orrs	r3, r1
1000505c:	18db      	adds	r3, r3, r3
1000505e:	4303      	orrs	r3, r0
10005060:	4313      	orrs	r3, r2
10005062:	d0f5      	beq.n	10005050 <__aeabi_dfcmple_guts+0x3a>
10005064:	43c9      	mvns	r1, r1
10005066:	1849      	adds	r1, r1, r1
10005068:	bdff      	pop	{r0, r1, r2, r3, r4, r5, r6, r7, pc}
1000506a:	0000      	.short	0x0000
1000506c:	000007ff 	.word	0x000007ff

10005070 <__wrap___aeabi_dcmpeq>:
10005070:	b500      	push	{lr}
10005072:	f7ff ffcf 	bl	10005014 <__wrap___aeabi_cdcmpeq>
10005076:	d001      	beq.n	1000507c <__wrap___aeabi_dcmpeq+0xc>
10005078:	2000      	movs	r0, #0
1000507a:	bd00      	pop	{pc}
1000507c:	2001      	movs	r0, #1
1000507e:	bd00      	pop	{pc}

10005080 <__wrap___aeabi_dcmplt>:
10005080:	b500      	push	{lr}
10005082:	f7ff ffc7 	bl	10005014 <__wrap___aeabi_cdcmpeq>
10005086:	4180      	sbcs	r0, r0
10005088:	bd00      	pop	{pc}
1000508a:	46c0      	nop			; (mov r8, r8)

1000508c <__wrap___aeabi_dcmple>:
1000508c:	b500      	push	{lr}
1000508e:	f7ff ffc1 	bl	10005014 <__wrap___aeabi_cdcmpeq>
10005092:	d901      	bls.n	10005098 <__wrap___aeabi_dcmple+0xc>
10005094:	2000      	movs	r0, #0
10005096:	bd00      	pop	{pc}
10005098:	2001      	movs	r0, #1
1000509a:	bd00      	pop	{pc}

1000509c <__wrap___aeabi_dcmpge>:
1000509c:	b500      	push	{lr}
1000509e:	f7ff ffb1 	bl	10005004 <__wrap___aeabi_cdrcmple>
100050a2:	d901      	bls.n	100050a8 <__wrap___aeabi_dcmpge+0xc>
100050a4:	2000      	movs	r0, #0
100050a6:	bd00      	pop	{pc}
100050a8:	2001      	movs	r0, #1
100050aa:	bd00      	pop	{pc}

100050ac <__wrap___aeabi_dcmpgt>:
100050ac:	b500      	push	{lr}
100050ae:	f7ff ffa9 	bl	10005004 <__wrap___aeabi_cdrcmple>
100050b2:	4180      	sbcs	r0, r0
100050b4:	bd00      	pop	{pc}

100050b6 <__wrap___aeabi_dcmpun>:
100050b6:	2001      	movs	r0, #1
100050b8:	0540      	lsls	r0, r0, #21
100050ba:	004a      	lsls	r2, r1, #1
100050bc:	1812      	adds	r2, r2, r0
100050be:	d804      	bhi.n	100050ca <__wrap___aeabi_dcmpun+0x14>
100050c0:	005a      	lsls	r2, r3, #1
100050c2:	1812      	adds	r2, r2, r0
100050c4:	d801      	bhi.n	100050ca <__wrap___aeabi_dcmpun+0x14>
100050c6:	2000      	movs	r0, #0
100050c8:	4770      	bx	lr
100050ca:	2001      	movs	r0, #1
100050cc:	4770      	bx	lr
100050ce:	2000      	movs	r0, #0
100050d0:	4770      	bx	lr
	...

100050d4 <__wrap___aeabi_ui2d>:
100050d4:	2100      	movs	r1, #0
100050d6:	2800      	cmp	r0, #0
100050d8:	d105      	bne.n	100050e6 <__wrap___aeabi_i2d+0xa>
100050da:	4770      	bx	lr

100050dc <__wrap___aeabi_i2d>:
100050dc:	17c1      	asrs	r1, r0, #31
100050de:	4048      	eors	r0, r1
100050e0:	1a40      	subs	r0, r0, r1
100050e2:	d0fa      	beq.n	100050da <__wrap___aeabi_ui2d+0x6>
100050e4:	07c9      	lsls	r1, r1, #31
100050e6:	b513      	push	{r0, r1, r4, lr}
100050e8:	4b06      	ldr	r3, [pc, #24]	; (10005104 <__wrap___aeabi_i2d+0x28>)
100050ea:	681b      	ldr	r3, [r3, #0]
100050ec:	4798      	blx	r3
100050ee:	bc0c      	pop	{r2, r3}
100050f0:	1c44      	adds	r4, r0, #1
100050f2:	40a2      	lsls	r2, r4
100050f4:	0510      	lsls	r0, r2, #20
100050f6:	0b12      	lsrs	r2, r2, #12
100050f8:	4903      	ldr	r1, [pc, #12]	; (10005108 <__wrap___aeabi_i2d+0x2c>)
100050fa:	1b09      	subs	r1, r1, r4
100050fc:	0509      	lsls	r1, r1, #20
100050fe:	4319      	orrs	r1, r3
10005100:	4311      	orrs	r1, r2
10005102:	bd10      	pop	{r4, pc}
10005104:	20001018 	.word	0x20001018
10005108:	0000041f 	.word	0x0000041f

1000510c <__wrap___aeabi_d2iz>:
1000510c:	b510      	push	{r4, lr}
1000510e:	004c      	lsls	r4, r1, #1
10005110:	0d62      	lsrs	r2, r4, #21
10005112:	2380      	movs	r3, #128	; 0x80
10005114:	18d2      	adds	r2, r2, r3
10005116:	00db      	lsls	r3, r3, #3
10005118:	1ad2      	subs	r2, r2, r3
1000511a:	055b      	lsls	r3, r3, #21
1000511c:	2a7e      	cmp	r2, #126	; 0x7e
1000511e:	dd10      	ble.n	10005142 <__wrap___aeabi_d2iz+0x36>
10005120:	3a9e      	subs	r2, #158	; 0x9e
10005122:	da13      	bge.n	1000514c <__wrap___aeabi_d2iz+0x40>
10005124:	17cc      	asrs	r4, r1, #31
10005126:	0309      	lsls	r1, r1, #12
10005128:	0849      	lsrs	r1, r1, #1
1000512a:	4319      	orrs	r1, r3
1000512c:	4252      	negs	r2, r2
1000512e:	40d1      	lsrs	r1, r2
10005130:	0064      	lsls	r4, r4, #1
10005132:	3401      	adds	r4, #1
10005134:	3215      	adds	r2, #21
10005136:	2a20      	cmp	r2, #32
10005138:	da05      	bge.n	10005146 <__wrap___aeabi_d2iz+0x3a>
1000513a:	40d0      	lsrs	r0, r2
1000513c:	4308      	orrs	r0, r1
1000513e:	4360      	muls	r0, r4
10005140:	bd10      	pop	{r4, pc}
10005142:	2000      	movs	r0, #0
10005144:	bd10      	pop	{r4, pc}
10005146:	4608      	mov	r0, r1
10005148:	4360      	muls	r0, r4
1000514a:	bd10      	pop	{r4, pc}
1000514c:	0fc8      	lsrs	r0, r1, #31
1000514e:	18c0      	adds	r0, r0, r3
10005150:	3801      	subs	r0, #1
10005152:	bd10      	pop	{r4, pc}

10005154 <__wrap___aeabi_d2uiz>:
10005154:	b418      	push	{r3, r4}
10005156:	4b04      	ldr	r3, [pc, #16]	; (10005168 <__wrap___aeabi_d2uiz+0x14>)
10005158:	6a5b      	ldr	r3, [r3, #36]	; 0x24
1000515a:	46fc      	mov	ip, pc
1000515c:	9301      	str	r3, [sp, #4]
1000515e:	bd08      	pop	{r3, pc}
10005160:	5769df24 	.word	0x5769df24
10005164:	00001000 	.word	0x00001000
10005168:	20000f18 	.word	0x20000f18

1000516c <__wrap___aeabi_l2d>:
1000516c:	b418      	push	{r3, r4}
1000516e:	4b04      	ldr	r3, [pc, #16]	; (10005180 <__wrap___aeabi_l2d+0x14>)
10005170:	6ddb      	ldr	r3, [r3, #92]	; 0x5c
10005172:	46fc      	mov	ip, pc
10005174:	9301      	str	r3, [sp, #4]
10005176:	bd08      	pop	{r3, pc}
10005178:	5875df5c 	.word	0x5875df5c
1000517c:	00001000 	.word	0x00001000
10005180:	20000f18 	.word	0x20000f18

10005184 <__wrap___aeabi_d2lz>:
10005184:	42c9      	cmn	r1, r1
10005186:	d311      	bcc.n	100051ac <double2int64>
10005188:	b500      	push	{lr}
1000518a:	0049      	lsls	r1, r1, #1
1000518c:	0849      	lsrs	r1, r1, #1
1000518e:	2200      	movs	r2, #0
10005190:	f000 f818 	bl	100051c4 <double2ufix64>
10005194:	2900      	cmp	r1, #0
10005196:	d404      	bmi.n	100051a2 <__wrap___aeabi_d2lz+0x1e>
10005198:	2200      	movs	r2, #0
1000519a:	4240      	negs	r0, r0
1000519c:	418a      	sbcs	r2, r1
1000519e:	4611      	mov	r1, r2
100051a0:	bd00      	pop	{pc}
100051a2:	2180      	movs	r1, #128	; 0x80
100051a4:	0609      	lsls	r1, r1, #24
100051a6:	2000      	movs	r0, #0
100051a8:	bd00      	pop	{pc}
	...

100051ac <double2int64>:
100051ac:	b418      	push	{r3, r4}
100051ae:	4b04      	ldr	r3, [pc, #16]	; (100051c0 <double2int64+0x14>)
100051b0:	6edb      	ldr	r3, [r3, #108]	; 0x6c
100051b2:	46fc      	mov	ip, pc
100051b4:	9301      	str	r3, [sp, #4]
100051b6:	bd08      	pop	{r3, pc}
100051b8:	5777df6c 	.word	0x5777df6c
100051bc:	00001000 	.word	0x00001000
100051c0:	20000f18 	.word	0x20000f18

100051c4 <double2ufix64>:
100051c4:	b418      	push	{r3, r4}
100051c6:	4b04      	ldr	r3, [pc, #16]	; (100051d8 <double2ufix64+0x14>)
100051c8:	6f9b      	ldr	r3, [r3, #120]	; 0x78
100051ca:	46fc      	mov	ip, pc
100051cc:	9301      	str	r3, [sp, #4]
100051ce:	bd08      	pop	{r3, pc}
100051d0:	5793df78 	.word	0x5793df78
100051d4:	00001000 	.word	0x00001000
100051d8:	20000f18 	.word	0x20000f18

100051dc <__wrap___aeabi_d2f>:
100051dc:	b418      	push	{r3, r4}
100051de:	4b04      	ldr	r3, [pc, #16]	; (100051f0 <__wrap___aeabi_d2f+0x14>)
100051e0:	6fdb      	ldr	r3, [r3, #124]	; 0x7c
100051e2:	46fc      	mov	ip, pc
100051e4:	9301      	str	r3, [sp, #4]
100051e6:	bd08      	pop	{r3, pc}
100051e8:	5801df7c 	.word	0x5801df7c
100051ec:	00001000 	.word	0x00001000
100051f0:	20000f18 	.word	0x20000f18

100051f4 <__aeabi_double_init>:
100051f4:	b570      	push	{r4, r5, r6, lr}
100051f6:	2313      	movs	r3, #19
100051f8:	781c      	ldrb	r4, [r3, #0]
100051fa:	2c01      	cmp	r4, #1
100051fc:	d014      	beq.n	10005228 <__aeabi_double_init+0x34>
100051fe:	2c01      	cmp	r4, #1
10005200:	dc14      	bgt.n	1000522c <__aeabi_double_init+0x38>
10005202:	2c02      	cmp	r4, #2
10005204:	dc02      	bgt.n	1000520c <__aeabi_double_init+0x18>
10005206:	4a1f      	ldr	r2, [pc, #124]	; (10005284 <__aeabi_double_init+0x90>)
10005208:	4b1f      	ldr	r3, [pc, #124]	; (10005288 <__aeabi_double_init+0x94>)
1000520a:	649a      	str	r2, [r3, #72]	; 0x48
1000520c:	481f      	ldr	r0, [pc, #124]	; (1000528c <__aeabi_double_init+0x98>)
1000520e:	f7ff fc2d 	bl	10004a6c <rom_func_lookup>
10005212:	4b1f      	ldr	r3, [pc, #124]	; (10005290 <__aeabi_double_init+0x9c>)
10005214:	6018      	str	r0, [r3, #0]
10005216:	bd70      	pop	{r4, r5, r6, pc}
10005218:	0099      	lsls	r1, r3, #2
1000521a:	481a      	ldr	r0, [pc, #104]	; (10005284 <__aeabi_double_init+0x90>)
1000521c:	4a1a      	ldr	r2, [pc, #104]	; (10005288 <__aeabi_double_init+0x94>)
1000521e:	5088      	str	r0, [r1, r2]
10005220:	3301      	adds	r3, #1
10005222:	2b1f      	cmp	r3, #31
10005224:	d9f8      	bls.n	10005218 <__aeabi_double_init+0x24>
10005226:	e7ea      	b.n	100051fe <__aeabi_double_init+0xa>
10005228:	2300      	movs	r3, #0
1000522a:	e7fa      	b.n	10005222 <__aeabi_double_init+0x2e>
1000522c:	4819      	ldr	r0, [pc, #100]	; (10005294 <__aeabi_double_init+0xa0>)
1000522e:	f7ff fc25 	bl	10004a7c <rom_data_lookup>
10005232:	0005      	movs	r5, r0
10005234:	4818      	ldr	r0, [pc, #96]	; (10005298 <__aeabi_double_init+0xa4>)
10005236:	f7ff fc21 	bl	10004a7c <rom_data_lookup>
1000523a:	3802      	subs	r0, #2
1000523c:	7803      	ldrb	r3, [r0, #0]
1000523e:	009b      	lsls	r3, r3, #2
10005240:	2b7f      	cmp	r3, #127	; 0x7f
10005242:	dd19      	ble.n	10005278 <__aeabi_double_init+0x84>
10005244:	2280      	movs	r2, #128	; 0x80
10005246:	0029      	movs	r1, r5
10005248:	480f      	ldr	r0, [pc, #60]	; (10005288 <__aeabi_double_init+0x94>)
1000524a:	f000 fcfd 	bl	10005c48 <__wrap___aeabi_memcpy>
1000524e:	2c02      	cmp	r4, #2
10005250:	d1d7      	bne.n	10005202 <__aeabi_double_init+0xe>
10005252:	4b12      	ldr	r3, [pc, #72]	; (1000529c <__aeabi_double_init+0xa8>)
10005254:	881a      	ldrh	r2, [r3, #0]
10005256:	23b5      	movs	r3, #181	; 0xb5
10005258:	021b      	lsls	r3, r3, #8
1000525a:	429a      	cmp	r2, r3
1000525c:	d109      	bne.n	10005272 <__aeabi_double_init+0x7e>
1000525e:	4b10      	ldr	r3, [pc, #64]	; (100052a0 <__aeabi_double_init+0xac>)
10005260:	881a      	ldrh	r2, [r3, #0]
10005262:	4b10      	ldr	r3, [pc, #64]	; (100052a4 <__aeabi_double_init+0xb0>)
10005264:	429a      	cmp	r2, r3
10005266:	d104      	bne.n	10005272 <__aeabi_double_init+0x7e>
10005268:	4b0f      	ldr	r3, [pc, #60]	; (100052a8 <__aeabi_double_init+0xb4>)
1000526a:	881a      	ldrh	r2, [r3, #0]
1000526c:	4b0f      	ldr	r3, [pc, #60]	; (100052ac <__aeabi_double_init+0xb8>)
1000526e:	429a      	cmp	r2, r3
10005270:	d0c7      	beq.n	10005202 <__aeabi_double_init+0xe>
10005272:	2000      	movs	r0, #0
10005274:	f7fe fb22 	bl	100038bc <panic>
10005278:	4b0d      	ldr	r3, [pc, #52]	; (100052b0 <__aeabi_double_init+0xbc>)
1000527a:	4a0e      	ldr	r2, [pc, #56]	; (100052b4 <__aeabi_double_init+0xc0>)
1000527c:	2132      	movs	r1, #50	; 0x32
1000527e:	480e      	ldr	r0, [pc, #56]	; (100052b8 <__aeabi_double_init+0xc4>)
10005280:	f7fe fa82 	bl	10003788 <__assert_func>
10005284:	100052bd 	.word	0x100052bd
10005288:	20000f18 	.word	0x20000f18
1000528c:	0000334c 	.word	0x0000334c
10005290:	20001018 	.word	0x20001018
10005294:	00004453 	.word	0x00004453
10005298:	00004653 	.word	0x00004653
1000529c:	00003854 	.word	0x00003854
100052a0:	000038d8 	.word	0x000038d8
100052a4:	00004649 	.word	0x00004649
100052a8:	0000389c 	.word	0x0000389c
100052ac:	00004659 	.word	0x00004659
100052b0:	1000a7d8 	.word	0x1000a7d8
100052b4:	1000a890 	.word	0x1000a890
100052b8:	1000a82c 	.word	0x1000a82c

100052bc <double_table_shim_on_use_helper>:
100052bc:	b507      	push	{r0, r1, r2, lr}
100052be:	4660      	mov	r0, ip
100052c0:	2800      	cmp	r0, #0
100052c2:	d100      	bne.n	100052c6 <double_table_shim_on_use_helper+0xa>
100052c4:	be00      	bkpt	0x0000
100052c6:	8801      	ldrh	r1, [r0, #0]
100052c8:	0a0a      	lsrs	r2, r1, #8
100052ca:	3002      	adds	r0, #2
100052cc:	2adf      	cmp	r2, #223	; 0xdf
100052ce:	d1fa      	bne.n	100052c6 <double_table_shim_on_use_helper+0xa>
100052d0:	b2c9      	uxtb	r1, r1
100052d2:	0882      	lsrs	r2, r0, #2
100052d4:	d304      	bcc.n	100052e0 <double_table_shim_on_use_helper+0x24>
100052d6:	8802      	ldrh	r2, [r0, #0]
100052d8:	8840      	ldrh	r0, [r0, #2]
100052da:	0400      	lsls	r0, r0, #16
100052dc:	4310      	orrs	r0, r2
100052de:	e000      	b.n	100052e2 <double_table_shim_on_use_helper+0x26>
100052e0:	6800      	ldr	r0, [r0, #0]
100052e2:	4a02      	ldr	r2, [pc, #8]	; (100052ec <double_table_shim_on_use_helper+0x30>)
100052e4:	5050      	str	r0, [r2, r1]
100052e6:	9003      	str	r0, [sp, #12]
100052e8:	bd07      	pop	{r0, r1, r2, pc}
100052ea:	0000      	.short	0x0000
100052ec:	20000f18 	.word	0x20000f18

100052f0 <drsub_shim>:
100052f0:	b40f      	push	{r0, r1, r2, r3}
100052f2:	bc03      	pop	{r0, r1}
100052f4:	bc0c      	pop	{r2, r3}

100052f6 <dsub_shim>:
100052f6:	b5f0      	push	{r4, r5, r6, r7, lr}
100052f8:	2401      	movs	r4, #1
100052fa:	07e4      	lsls	r4, r4, #31
100052fc:	4063      	eors	r3, r4
100052fe:	e000      	b.n	10005302 <da_entry>

10005300 <dadd_shim>:
10005300:	b5f0      	push	{r4, r5, r6, r7, lr}

10005302 <da_entry>:
10005302:	0d0c      	lsrs	r4, r1, #20
10005304:	0fcf      	lsrs	r7, r1, #31
10005306:	1e66      	subs	r6, r4, #1
10005308:	0536      	lsls	r6, r6, #20
1000530a:	1b89      	subs	r1, r1, r6
1000530c:	0564      	lsls	r4, r4, #21
1000530e:	d303      	bcc.n	10005318 <l8_1>
10005310:	43c9      	mvns	r1, r1
10005312:	4240      	negs	r0, r0
10005314:	d300      	bcc.n	10005318 <l8_1>
10005316:	3101      	adds	r1, #1

10005318 <l8_1>:
10005318:	0d64      	lsrs	r4, r4, #21
1000531a:	d003      	beq.n	10005324 <l8_2>
1000531c:	1c66      	adds	r6, r4, #1
1000531e:	0af6      	lsrs	r6, r6, #11
10005320:	d007      	beq.n	10005332 <l8_3>
10005322:	1be4      	subs	r4, r4, r7

10005324 <l8_2>:
10005324:	2000      	movs	r0, #0
10005326:	007f      	lsls	r7, r7, #1
10005328:	1c79      	adds	r1, r7, #1
1000532a:	0789      	lsls	r1, r1, #30
1000532c:	1289      	asrs	r1, r1, #10
1000532e:	3c80      	subs	r4, #128	; 0x80
10005330:	0324      	lsls	r4, r4, #12

10005332 <l8_3>:
10005332:	0d1d      	lsrs	r5, r3, #20
10005334:	0fdf      	lsrs	r7, r3, #31
10005336:	1e6e      	subs	r6, r5, #1
10005338:	0536      	lsls	r6, r6, #20
1000533a:	1b9b      	subs	r3, r3, r6
1000533c:	056d      	lsls	r5, r5, #21
1000533e:	d303      	bcc.n	10005348 <l9_1>
10005340:	43db      	mvns	r3, r3
10005342:	4252      	negs	r2, r2
10005344:	d300      	bcc.n	10005348 <l9_1>
10005346:	3301      	adds	r3, #1

10005348 <l9_1>:
10005348:	0d6d      	lsrs	r5, r5, #21
1000534a:	d003      	beq.n	10005354 <l9_2>
1000534c:	1c6e      	adds	r6, r5, #1
1000534e:	0af6      	lsrs	r6, r6, #11
10005350:	d007      	beq.n	10005362 <l9_3>
10005352:	1bed      	subs	r5, r5, r7

10005354 <l9_2>:
10005354:	2200      	movs	r2, #0
10005356:	007f      	lsls	r7, r7, #1
10005358:	1c7b      	adds	r3, r7, #1
1000535a:	079b      	lsls	r3, r3, #30
1000535c:	129b      	asrs	r3, r3, #10
1000535e:	3d80      	subs	r5, #128	; 0x80
10005360:	032d      	lsls	r5, r5, #12

10005362 <l9_3>:
10005362:	1b2f      	subs	r7, r5, r4
10005364:	1b66      	subs	r6, r4, r5
10005366:	d458      	bmi.n	1000541a <da_ygtx>
10005368:	46a4      	mov	ip, r4
1000536a:	2e20      	cmp	r6, #32
1000536c:	da46      	bge.n	100053fc <da_xrgty>
1000536e:	3720      	adds	r7, #32
10005370:	0014      	movs	r4, r2
10005372:	40bc      	lsls	r4, r7

10005374 <da_xgty0>:
10005374:	001d      	movs	r5, r3
10005376:	40bd      	lsls	r5, r7
10005378:	40f2      	lsrs	r2, r6
1000537a:	4133      	asrs	r3, r6
1000537c:	432a      	orrs	r2, r5

1000537e <da_add>:
1000537e:	1880      	adds	r0, r0, r2
10005380:	4159      	adcs	r1, r3

10005382 <da_pack>:
10005382:	0fcb      	lsrs	r3, r1, #31
10005384:	d005      	beq.n	10005392 <da_pack+0x10>
10005386:	43c9      	mvns	r1, r1
10005388:	43c0      	mvns	r0, r0
1000538a:	2200      	movs	r2, #0
1000538c:	4264      	negs	r4, r4
1000538e:	4150      	adcs	r0, r2
10005390:	4151      	adcs	r1, r2
10005392:	4662      	mov	r2, ip
10005394:	0d4d      	lsrs	r5, r1, #21
10005396:	d128      	bne.n	100053ea <da_0>
10005398:	0d0d      	lsrs	r5, r1, #20
1000539a:	d107      	bne.n	100053ac <da_1>
1000539c:	2800      	cmp	r0, #0
1000539e:	d01f      	beq.n	100053e0 <da_5>

100053a0 <da_2>:
100053a0:	1924      	adds	r4, r4, r4
100053a2:	4140      	adcs	r0, r0
100053a4:	4149      	adcs	r1, r1
100053a6:	3a01      	subs	r2, #1
100053a8:	0d0d      	lsrs	r5, r1, #20
100053aa:	d0f9      	beq.n	100053a0 <da_2>

100053ac <da_1>:
100053ac:	0064      	lsls	r4, r4, #1
100053ae:	d306      	bcc.n	100053be <da_3>

100053b0 <da_4>:
100053b0:	3001      	adds	r0, #1
100053b2:	d300      	bcc.n	100053b6 <da_4+0x6>
100053b4:	3101      	adds	r1, #1
100053b6:	2c00      	cmp	r4, #0
100053b8:	d101      	bne.n	100053be <da_3>
100053ba:	0840      	lsrs	r0, r0, #1
100053bc:	0040      	lsls	r0, r0, #1

100053be <da_3>:
100053be:	3a01      	subs	r2, #1
100053c0:	d40b      	bmi.n	100053da <da_6>
100053c2:	1c94      	adds	r4, r2, #2
100053c4:	0ae4      	lsrs	r4, r4, #11
100053c6:	d104      	bne.n	100053d2 <da_7>
100053c8:	0512      	lsls	r2, r2, #20
100053ca:	4411      	add	r1, r2
100053cc:	07db      	lsls	r3, r3, #31
100053ce:	4419      	add	r1, r3
100053d0:	bdf0      	pop	{r4, r5, r6, r7, pc}

100053d2 <da_7>:
100053d2:	07d9      	lsls	r1, r3, #31
100053d4:	4b20      	ldr	r3, [pc, #128]	; (10005458 <da_xmgty+0x4>)
100053d6:	4319      	orrs	r1, r3
100053d8:	e000      	b.n	100053dc <da_6+0x2>

100053da <da_6>:
100053da:	07d9      	lsls	r1, r3, #31
100053dc:	2000      	movs	r0, #0
100053de:	bdf0      	pop	{r4, r5, r6, r7, pc}

100053e0 <da_5>:
100053e0:	2900      	cmp	r1, #0
100053e2:	d1dd      	bne.n	100053a0 <da_2>
100053e4:	2c00      	cmp	r4, #0
100053e6:	d1db      	bne.n	100053a0 <da_2>
100053e8:	bdf0      	pop	{r4, r5, r6, r7, pc}

100053ea <da_0>:
100053ea:	3201      	adds	r2, #1
100053ec:	07c6      	lsls	r6, r0, #31
100053ee:	0840      	lsrs	r0, r0, #1
100053f0:	07cd      	lsls	r5, r1, #31
100053f2:	4328      	orrs	r0, r5
100053f4:	0849      	lsrs	r1, r1, #1
100053f6:	2e00      	cmp	r6, #0
100053f8:	d0e1      	beq.n	100053be <da_3>
100053fa:	e7d9      	b.n	100053b0 <da_4>

100053fc <da_xrgty>:
100053fc:	2e3c      	cmp	r6, #60	; 0x3c
100053fe:	da29      	bge.n	10005454 <da_xmgty>
10005400:	3e20      	subs	r6, #32
10005402:	3740      	adds	r7, #64	; 0x40
10005404:	0014      	movs	r4, r2
10005406:	40bc      	lsls	r4, r7
10005408:	d000      	beq.n	1000540c <da_xrgty+0x10>
1000540a:	2401      	movs	r4, #1
1000540c:	40f2      	lsrs	r2, r6
1000540e:	4314      	orrs	r4, r2
10005410:	001a      	movs	r2, r3
10005412:	40bb      	lsls	r3, r7
10005414:	431c      	orrs	r4, r3
10005416:	17d3      	asrs	r3, r2, #31
10005418:	e7ac      	b.n	10005374 <da_xgty0>

1000541a <da_ygtx>:
1000541a:	46ac      	mov	ip, r5
1000541c:	2f20      	cmp	r7, #32
1000541e:	da08      	bge.n	10005432 <da_yrgtx>
10005420:	3620      	adds	r6, #32
10005422:	0004      	movs	r4, r0
10005424:	40b4      	lsls	r4, r6

10005426 <da_ygtx0>:
10005426:	000d      	movs	r5, r1
10005428:	40b5      	lsls	r5, r6
1000542a:	40f8      	lsrs	r0, r7
1000542c:	4139      	asrs	r1, r7
1000542e:	4328      	orrs	r0, r5
10005430:	e7a5      	b.n	1000537e <da_add>

10005432 <da_yrgtx>:
10005432:	2f3c      	cmp	r7, #60	; 0x3c
10005434:	da0c      	bge.n	10005450 <da_ymgtx>
10005436:	3f20      	subs	r7, #32
10005438:	3640      	adds	r6, #64	; 0x40
1000543a:	0004      	movs	r4, r0
1000543c:	40b4      	lsls	r4, r6
1000543e:	d000      	beq.n	10005442 <da_yrgtx+0x10>
10005440:	2401      	movs	r4, #1
10005442:	40f8      	lsrs	r0, r7
10005444:	4304      	orrs	r4, r0
10005446:	0008      	movs	r0, r1
10005448:	40b1      	lsls	r1, r6
1000544a:	430c      	orrs	r4, r1
1000544c:	17c1      	asrs	r1, r0, #31
1000544e:	e7ea      	b.n	10005426 <da_ygtx0>

10005450 <da_ymgtx>:
10005450:	0010      	movs	r0, r2
10005452:	0019      	movs	r1, r3

10005454 <da_xmgty>:
10005454:	2400      	movs	r4, #0
10005456:	e794      	b.n	10005382 <da_pack>
10005458:	7ff00000 	.word	0x7ff00000

1000545c <dmul_shim>:
1000545c:	b5f0      	push	{r4, r5, r6, r7, lr}
1000545e:	0d0c      	lsrs	r4, r1, #20
10005460:	1e66      	subs	r6, r4, #1
10005462:	0536      	lsls	r6, r6, #20
10005464:	1b89      	subs	r1, r1, r6
10005466:	0ae6      	lsrs	r6, r4, #11
10005468:	0564      	lsls	r4, r4, #21
1000546a:	0d64      	lsrs	r4, r4, #21
1000546c:	d002      	beq.n	10005474 <l12_1>
1000546e:	1c65      	adds	r5, r4, #1
10005470:	0aed      	lsrs	r5, r5, #11
10005472:	d004      	beq.n	1000547e <l12_2>

10005474 <l12_1>:
10005474:	2000      	movs	r0, #0
10005476:	2101      	movs	r1, #1
10005478:	0509      	lsls	r1, r1, #20
1000547a:	3c80      	subs	r4, #128	; 0x80
1000547c:	0324      	lsls	r4, r4, #12

1000547e <l12_2>:
1000547e:	46a4      	mov	ip, r4
10005480:	0d1c      	lsrs	r4, r3, #20
10005482:	1e67      	subs	r7, r4, #1
10005484:	053f      	lsls	r7, r7, #20
10005486:	1bdb      	subs	r3, r3, r7
10005488:	0ae7      	lsrs	r7, r4, #11
1000548a:	0564      	lsls	r4, r4, #21
1000548c:	0d64      	lsrs	r4, r4, #21
1000548e:	d002      	beq.n	10005496 <l13_1>
10005490:	1c65      	adds	r5, r4, #1
10005492:	0aed      	lsrs	r5, r5, #11
10005494:	d004      	beq.n	100054a0 <l13_2>

10005496 <l13_1>:
10005496:	2200      	movs	r2, #0
10005498:	2301      	movs	r3, #1
1000549a:	051b      	lsls	r3, r3, #20
1000549c:	3c80      	subs	r4, #128	; 0x80
1000549e:	0324      	lsls	r4, r4, #12

100054a0 <l13_2>:
100054a0:	4077      	eors	r7, r6
100054a2:	4464      	add	r4, ip
100054a4:	b497      	push	{r0, r1, r2, r4, r7}
100054a6:	b284      	uxth	r4, r0
100054a8:	b296      	uxth	r6, r2
100054aa:	4374      	muls	r4, r6
100054ac:	0c07      	lsrs	r7, r0, #16
100054ae:	437e      	muls	r6, r7
100054b0:	0c15      	lsrs	r5, r2, #16
100054b2:	436f      	muls	r7, r5
100054b4:	b280      	uxth	r0, r0
100054b6:	4368      	muls	r0, r5
100054b8:	1836      	adds	r6, r6, r0
100054ba:	d302      	bcc.n	100054c2 <l14_1>
100054bc:	2001      	movs	r0, #1
100054be:	0400      	lsls	r0, r0, #16
100054c0:	183f      	adds	r7, r7, r0

100054c2 <l14_1>:
100054c2:	0430      	lsls	r0, r6, #16
100054c4:	0c35      	lsrs	r5, r6, #16
100054c6:	1900      	adds	r0, r0, r4
100054c8:	417d      	adcs	r5, r7
100054ca:	4684      	mov	ip, r0
100054cc:	b288      	uxth	r0, r1
100054ce:	b29a      	uxth	r2, r3
100054d0:	4350      	muls	r0, r2
100054d2:	0c0c      	lsrs	r4, r1, #16
100054d4:	4362      	muls	r2, r4
100054d6:	0c1f      	lsrs	r7, r3, #16
100054d8:	437c      	muls	r4, r7
100054da:	b28e      	uxth	r6, r1
100054dc:	437e      	muls	r6, r7
100054de:	1992      	adds	r2, r2, r6
100054e0:	d302      	bcc.n	100054e8 <l15_1>
100054e2:	2601      	movs	r6, #1
100054e4:	0436      	lsls	r6, r6, #16
100054e6:	19a4      	adds	r4, r4, r6

100054e8 <l15_1>:
100054e8:	0416      	lsls	r6, r2, #16
100054ea:	0c17      	lsrs	r7, r2, #16
100054ec:	1836      	adds	r6, r6, r0
100054ee:	4167      	adcs	r7, r4
100054f0:	bc01      	pop	{r0}
100054f2:	b281      	uxth	r1, r0
100054f4:	b29a      	uxth	r2, r3
100054f6:	4351      	muls	r1, r2
100054f8:	0c04      	lsrs	r4, r0, #16
100054fa:	4362      	muls	r2, r4
100054fc:	0c1b      	lsrs	r3, r3, #16
100054fe:	435c      	muls	r4, r3
10005500:	b280      	uxth	r0, r0
10005502:	4358      	muls	r0, r3
10005504:	1812      	adds	r2, r2, r0
10005506:	d302      	bcc.n	1000550e <l16_1>
10005508:	2001      	movs	r0, #1
1000550a:	0400      	lsls	r0, r0, #16
1000550c:	1824      	adds	r4, r4, r0

1000550e <l16_1>:
1000550e:	0410      	lsls	r0, r2, #16
10005510:	0c13      	lsrs	r3, r2, #16
10005512:	1840      	adds	r0, r0, r1
10005514:	4163      	adcs	r3, r4
10005516:	182d      	adds	r5, r5, r0
10005518:	415e      	adcs	r6, r3
1000551a:	2000      	movs	r0, #0
1000551c:	4147      	adcs	r7, r0
1000551e:	bc06      	pop	{r1, r2}
10005520:	b288      	uxth	r0, r1
10005522:	b293      	uxth	r3, r2
10005524:	4358      	muls	r0, r3
10005526:	0c0c      	lsrs	r4, r1, #16
10005528:	4363      	muls	r3, r4
1000552a:	0c12      	lsrs	r2, r2, #16
1000552c:	4354      	muls	r4, r2
1000552e:	b289      	uxth	r1, r1
10005530:	4351      	muls	r1, r2
10005532:	185b      	adds	r3, r3, r1
10005534:	d302      	bcc.n	1000553c <l17_1>
10005536:	2101      	movs	r1, #1
10005538:	0409      	lsls	r1, r1, #16
1000553a:	1864      	adds	r4, r4, r1

1000553c <l17_1>:
1000553c:	0419      	lsls	r1, r3, #16
1000553e:	0c1a      	lsrs	r2, r3, #16
10005540:	1809      	adds	r1, r1, r0
10005542:	4162      	adcs	r2, r4
10005544:	186d      	adds	r5, r5, r1
10005546:	4156      	adcs	r6, r2
10005548:	2000      	movs	r0, #0
1000554a:	4147      	adcs	r7, r0
1000554c:	bc18      	pop	{r3, r4}
1000554e:	02f9      	lsls	r1, r7, #11
10005550:	0d72      	lsrs	r2, r6, #21
10005552:	4311      	orrs	r1, r2
10005554:	02f0      	lsls	r0, r6, #11
10005556:	0d6a      	lsrs	r2, r5, #21
10005558:	4310      	orrs	r0, r2
1000555a:	02ed      	lsls	r5, r5, #11
1000555c:	0d0a      	lsrs	r2, r1, #20
1000555e:	d103      	bne.n	10005568 <l17_1+0x2c>
10005560:	196d      	adds	r5, r5, r5
10005562:	4140      	adcs	r0, r0
10005564:	4149      	adcs	r1, r1
10005566:	3b01      	subs	r3, #1
10005568:	4e12      	ldr	r6, [pc, #72]	; (100055b4 <dm_1+0xa>)
1000556a:	1b9b      	subs	r3, r3, r6
1000556c:	0076      	lsls	r6, r6, #1
1000556e:	42b3      	cmp	r3, r6
10005570:	d20e      	bcs.n	10005590 <dm_0>
10005572:	006d      	lsls	r5, r5, #1
10005574:	d307      	bcc.n	10005586 <l17_1+0x4a>
10005576:	3001      	adds	r0, #1
10005578:	2600      	movs	r6, #0
1000557a:	4171      	adcs	r1, r6
1000557c:	4666      	mov	r6, ip
1000557e:	4335      	orrs	r5, r6
10005580:	d101      	bne.n	10005586 <l17_1+0x4a>
10005582:	0840      	lsrs	r0, r0, #1
10005584:	0040      	lsls	r0, r0, #1
10005586:	051b      	lsls	r3, r3, #20
10005588:	18c9      	adds	r1, r1, r3

1000558a <dm_2>:
1000558a:	07e4      	lsls	r4, r4, #31
1000558c:	4421      	add	r1, r4
1000558e:	bdf0      	pop	{r4, r5, r6, r7, pc}

10005590 <dm_0>:
10005590:	da0b      	bge.n	100055aa <dm_1>
10005592:	3301      	adds	r3, #1
10005594:	d106      	bne.n	100055a4 <dm_0+0x14>
10005596:	3001      	adds	r0, #1
10005598:	d104      	bne.n	100055a4 <dm_0+0x14>
1000559a:	3101      	adds	r1, #1
1000559c:	0d4f      	lsrs	r7, r1, #21
1000559e:	d001      	beq.n	100055a4 <dm_0+0x14>
100055a0:	0849      	lsrs	r1, r1, #1
100055a2:	e7f2      	b.n	1000558a <dm_2>
100055a4:	07e1      	lsls	r1, r4, #31
100055a6:	2000      	movs	r0, #0
100055a8:	bdf0      	pop	{r4, r5, r6, r7, pc}

100055aa <dm_1>:
100055aa:	3601      	adds	r6, #1
100055ac:	0531      	lsls	r1, r6, #20
100055ae:	2000      	movs	r0, #0
100055b0:	e7eb      	b.n	1000558a <dm_2>
100055b2:	0000      	.short	0x0000
100055b4:	000003ff 	.word	0x000003ff

100055b8 <ddiv_shim>:
100055b8:	b5f0      	push	{r4, r5, r6, r7, lr}

100055ba <ddiv0>:
100055ba:	0d1c      	lsrs	r4, r3, #20
100055bc:	1e67      	subs	r7, r4, #1
100055be:	053f      	lsls	r7, r7, #20
100055c0:	1bdb      	subs	r3, r3, r7
100055c2:	0ae7      	lsrs	r7, r4, #11
100055c4:	0564      	lsls	r4, r4, #21
100055c6:	0d64      	lsrs	r4, r4, #21
100055c8:	d002      	beq.n	100055d0 <l20_1>
100055ca:	1c66      	adds	r6, r4, #1
100055cc:	0af6      	lsrs	r6, r6, #11
100055ce:	d004      	beq.n	100055da <l20_2>

100055d0 <l20_1>:
100055d0:	2200      	movs	r2, #0
100055d2:	2301      	movs	r3, #1
100055d4:	051b      	lsls	r3, r3, #20
100055d6:	3c80      	subs	r4, #128	; 0x80
100055d8:	0324      	lsls	r4, r4, #12

100055da <l20_2>:
100055da:	25d0      	movs	r5, #208	; 0xd0
100055dc:	062d      	lsls	r5, r5, #24
100055de:	2600      	movs	r6, #0
100055e0:	43f6      	mvns	r6, r6
100055e2:	662e      	str	r6, [r5, #96]	; 0x60
100055e4:	091e      	lsrs	r6, r3, #4
100055e6:	666e      	str	r6, [r5, #100]	; 0x64
100055e8:	0fce      	lsrs	r6, r1, #31
100055ea:	19f6      	adds	r6, r6, r7
100055ec:	46b4      	mov	ip, r6
100055ee:	0049      	lsls	r1, r1, #1
100055f0:	0d4f      	lsrs	r7, r1, #21
100055f2:	d002      	beq.n	100055fa <l20_2+0x20>
100055f4:	1c7e      	adds	r6, r7, #1
100055f6:	0af6      	lsrs	r6, r6, #11
100055f8:	d003      	beq.n	10005602 <l20_2+0x28>
100055fa:	2000      	movs	r0, #0
100055fc:	2100      	movs	r1, #0
100055fe:	3f40      	subs	r7, #64	; 0x40
10005600:	033f      	lsls	r7, r7, #12
10005602:	1b3e      	subs	r6, r7, r4
10005604:	00b6      	lsls	r6, r6, #2
10005606:	44b4      	add	ip, r6
10005608:	3f01      	subs	r7, #1
1000560a:	057f      	lsls	r7, r7, #21
1000560c:	1bc9      	subs	r1, r1, r7
1000560e:	0849      	lsrs	r1, r1, #1
10005610:	6f2e      	ldr	r6, [r5, #112]	; 0x70
10005612:	3601      	adds	r6, #1
10005614:	0876      	lsrs	r6, r6, #1
10005616:	029c      	lsls	r4, r3, #10
10005618:	0d95      	lsrs	r5, r2, #22
1000561a:	4325      	orrs	r5, r4
1000561c:	4375      	muls	r5, r6
1000561e:	13ed      	asrs	r5, r5, #15
10005620:	4375      	muls	r5, r6
10005622:	13ad      	asrs	r5, r5, #14
10005624:	3501      	adds	r5, #1
10005626:	106d      	asrs	r5, r5, #1
10005628:	03f6      	lsls	r6, r6, #15
1000562a:	1b76      	subs	r6, r6, r5
1000562c:	b40c      	push	{r2, r3}
1000562e:	02cc      	lsls	r4, r1, #11
10005630:	0d45      	lsrs	r5, r0, #21
10005632:	432c      	orrs	r4, r5
10005634:	b2a2      	uxth	r2, r4
10005636:	b2b3      	uxth	r3, r6
10005638:	435a      	muls	r2, r3
1000563a:	0c27      	lsrs	r7, r4, #16
1000563c:	437b      	muls	r3, r7
1000563e:	0c35      	lsrs	r5, r6, #16
10005640:	436f      	muls	r7, r5
10005642:	b2a4      	uxth	r4, r4
10005644:	436c      	muls	r4, r5
10005646:	191b      	adds	r3, r3, r4
10005648:	d302      	bcc.n	10005650 <l21_1>
1000564a:	2401      	movs	r4, #1
1000564c:	0424      	lsls	r4, r4, #16
1000564e:	193f      	adds	r7, r7, r4

10005650 <l21_1>:
10005650:	041c      	lsls	r4, r3, #16
10005652:	0c1d      	lsrs	r5, r3, #16
10005654:	18a4      	adds	r4, r4, r2
10005656:	417d      	adcs	r5, r7
10005658:	1924      	adds	r4, r4, r4
1000565a:	416d      	adcs	r5, r5
1000565c:	9a00      	ldr	r2, [sp, #0]
1000565e:	b291      	uxth	r1, r2
10005660:	b2ac      	uxth	r4, r5
10005662:	4361      	muls	r1, r4
10005664:	0c17      	lsrs	r7, r2, #16
10005666:	437c      	muls	r4, r7
10005668:	0c2b      	lsrs	r3, r5, #16
1000566a:	435f      	muls	r7, r3
1000566c:	b292      	uxth	r2, r2
1000566e:	435a      	muls	r2, r3
10005670:	18a4      	adds	r4, r4, r2
10005672:	d302      	bcc.n	1000567a <l22_1>
10005674:	2201      	movs	r2, #1
10005676:	0412      	lsls	r2, r2, #16
10005678:	18bf      	adds	r7, r7, r2

1000567a <l22_1>:
1000567a:	0422      	lsls	r2, r4, #16
1000567c:	0c23      	lsrs	r3, r4, #16
1000567e:	1852      	adds	r2, r2, r1
10005680:	417b      	adcs	r3, r7
10005682:	9c01      	ldr	r4, [sp, #4]
10005684:	436c      	muls	r4, r5
10005686:	191b      	adds	r3, r3, r4
10005688:	0e52      	lsrs	r2, r2, #25
1000568a:	01d9      	lsls	r1, r3, #7
1000568c:	430a      	orrs	r2, r1
1000568e:	0144      	lsls	r4, r0, #5
10005690:	1aa0      	subs	r0, r4, r2
10005692:	b281      	uxth	r1, r0
10005694:	b2b2      	uxth	r2, r6
10005696:	4351      	muls	r1, r2
10005698:	1403      	asrs	r3, r0, #16
1000569a:	435a      	muls	r2, r3
1000569c:	0c36      	lsrs	r6, r6, #16
1000569e:	4373      	muls	r3, r6
100056a0:	b287      	uxth	r7, r0
100056a2:	4377      	muls	r7, r6
100056a4:	17d6      	asrs	r6, r2, #31
100056a6:	19d2      	adds	r2, r2, r7
100056a8:	2700      	movs	r7, #0
100056aa:	417e      	adcs	r6, r7
100056ac:	0436      	lsls	r6, r6, #16
100056ae:	199b      	adds	r3, r3, r6
100056b0:	0417      	lsls	r7, r2, #16
100056b2:	0c16      	lsrs	r6, r2, #16
100056b4:	187f      	adds	r7, r7, r1
100056b6:	415e      	adcs	r6, r3
100056b8:	1673      	asrs	r3, r6, #25
100056ba:	18ed      	adds	r5, r5, r3
100056bc:	01f3      	lsls	r3, r6, #7
100056be:	2600      	movs	r6, #0
100056c0:	3380      	adds	r3, #128	; 0x80
100056c2:	4175      	adcs	r5, r6
100056c4:	0fa9      	lsrs	r1, r5, #30
100056c6:	d106      	bne.n	100056d6 <dd_0>
100056c8:	0064      	lsls	r4, r4, #1
100056ca:	0a69      	lsrs	r1, r5, #9
100056cc:	05e8      	lsls	r0, r5, #23
100056ce:	0a5b      	lsrs	r3, r3, #9
100056d0:	4318      	orrs	r0, r3
100056d2:	d209      	bcs.n	100056e8 <dd_1>
100056d4:	e02f      	b.n	10005736 <dd_2>

100056d6 <dd_0>:
100056d6:	2204      	movs	r2, #4
100056d8:	4494      	add	ip, r2
100056da:	3380      	adds	r3, #128	; 0x80
100056dc:	4175      	adcs	r5, r6
100056de:	0aa9      	lsrs	r1, r5, #10
100056e0:	05a8      	lsls	r0, r5, #22
100056e2:	0a9b      	lsrs	r3, r3, #10
100056e4:	4318      	orrs	r0, r3
100056e6:	d326      	bcc.n	10005736 <dd_2>

100056e8 <dd_1>:
100056e8:	4140      	adcs	r0, r0
100056ea:	4149      	adcs	r1, r1
100056ec:	0424      	lsls	r4, r4, #16
100056ee:	9a00      	ldr	r2, [sp, #0]
100056f0:	9b01      	ldr	r3, [sp, #4]
100056f2:	000d      	movs	r5, r1
100056f4:	4355      	muls	r5, r2
100056f6:	1b64      	subs	r4, r4, r5
100056f8:	4343      	muls	r3, r0
100056fa:	1ae4      	subs	r4, r4, r3
100056fc:	b295      	uxth	r5, r2
100056fe:	b286      	uxth	r6, r0
10005700:	4375      	muls	r5, r6
10005702:	0c17      	lsrs	r7, r2, #16
10005704:	437e      	muls	r6, r7
10005706:	0c03      	lsrs	r3, r0, #16
10005708:	435f      	muls	r7, r3
1000570a:	b292      	uxth	r2, r2
1000570c:	435a      	muls	r2, r3
1000570e:	18b6      	adds	r6, r6, r2
10005710:	d302      	bcc.n	10005718 <l24_1>
10005712:	2201      	movs	r2, #1
10005714:	0412      	lsls	r2, r2, #16
10005716:	18bf      	adds	r7, r7, r2

10005718 <l24_1>:
10005718:	0432      	lsls	r2, r6, #16
1000571a:	0c33      	lsrs	r3, r6, #16
1000571c:	1952      	adds	r2, r2, r5
1000571e:	417b      	adcs	r3, r7
10005720:	4252      	negs	r2, r2
10005722:	419c      	sbcs	r4, r3
10005724:	2c00      	cmp	r4, #0
10005726:	d402      	bmi.n	1000572e <l24_1+0x16>
10005728:	2200      	movs	r2, #0
1000572a:	3001      	adds	r0, #1
1000572c:	4151      	adcs	r1, r2
1000572e:	0840      	lsrs	r0, r0, #1
10005730:	07ca      	lsls	r2, r1, #31
10005732:	4310      	orrs	r0, r2
10005734:	0849      	lsrs	r1, r1, #1

10005736 <dd_2>:
10005736:	b002      	add	sp, #8
10005738:	4662      	mov	r2, ip
1000573a:	07d7      	lsls	r7, r2, #31
1000573c:	1092      	asrs	r2, r2, #2
1000573e:	4b08      	ldr	r3, [pc, #32]	; (10005760 <dd_4+0x6>)
10005740:	18d2      	adds	r2, r2, r3
10005742:	4b08      	ldr	r3, [pc, #32]	; (10005764 <dd_4+0xa>)
10005744:	429a      	cmp	r2, r3
10005746:	d203      	bcs.n	10005750 <dd_3>
10005748:	0512      	lsls	r2, r2, #20
1000574a:	1889      	adds	r1, r1, r2

1000574c <dd_5>:
1000574c:	19c9      	adds	r1, r1, r7
1000574e:	bdf0      	pop	{r4, r5, r6, r7, pc}

10005750 <dd_3>:
10005750:	2000      	movs	r0, #0
10005752:	2a00      	cmp	r2, #0
10005754:	dc01      	bgt.n	1000575a <dd_4>
10005756:	0039      	movs	r1, r7
10005758:	bdf0      	pop	{r4, r5, r6, r7, pc}

1000575a <dd_4>:
1000575a:	3301      	adds	r3, #1
1000575c:	0519      	lsls	r1, r3, #20
1000575e:	e7f5      	b.n	1000574c <dd_5>
10005760:	000003fd 	.word	0x000003fd
10005764:	000007fe 	.word	0x000007fe

10005768 <double2uint_shim>:
10005768:	2200      	movs	r2, #0

1000576a <double2ufix_shim>:
1000576a:	b500      	push	{lr}
1000576c:	3220      	adds	r2, #32
1000576e:	f000 f810 	bl	10005792 <double2ufix64_shim>
10005772:	0008      	movs	r0, r1
10005774:	bd00      	pop	{pc}

10005776 <double2int64_shim>:
10005776:	2200      	movs	r2, #0

10005778 <double2fix64_shim>:
10005778:	b500      	push	{lr}
1000577a:	f000 f80c 	bl	10005796 <d2fix>
1000577e:	17ca      	asrs	r2, r1, #31
10005780:	429a      	cmp	r2, r3
10005782:	d100      	bne.n	10005786 <double2fix64_shim+0xe>
10005784:	bd00      	pop	{pc}
10005786:	43d8      	mvns	r0, r3
10005788:	2101      	movs	r1, #1
1000578a:	07c9      	lsls	r1, r1, #31
1000578c:	4041      	eors	r1, r0
1000578e:	bd00      	pop	{pc}

10005790 <double2uint64_shim>:
10005790:	2200      	movs	r2, #0

10005792 <double2ufix64_shim>:
10005792:	150b      	asrs	r3, r1, #20
10005794:	d40a      	bmi.n	100057ac <ret_dzero>

10005796 <d2fix>:
10005796:	b510      	push	{r4, lr}
10005798:	4694      	mov	ip, r2
1000579a:	f000 f8a7 	bl	100058ec <dunpacks>
1000579e:	1414      	asrs	r4, r2, #16
100057a0:	3401      	adds	r4, #1
100057a2:	da00      	bge.n	100057a6 <d2fix+0x10>
100057a4:	2100      	movs	r1, #0
100057a6:	17cb      	asrs	r3, r1, #31
100057a8:	4c14      	ldr	r4, [pc, #80]	; (100057fc <d2fix_a+0x4a>)
100057aa:	4720      	bx	r4

100057ac <ret_dzero>:
100057ac:	2000      	movs	r0, #0
100057ae:	2100      	movs	r1, #0
100057b0:	4770      	bx	lr

100057b2 <d2fix_a>:
100057b2:	4462      	add	r2, ip
100057b4:	3a34      	subs	r2, #52	; 0x34
100057b6:	d40c      	bmi.n	100057d2 <d2fix_a+0x20>
100057b8:	2a0c      	cmp	r2, #12
100057ba:	da07      	bge.n	100057cc <d2fix_a+0x1a>
100057bc:	0004      	movs	r4, r0
100057be:	4091      	lsls	r1, r2
100057c0:	4090      	lsls	r0, r2
100057c2:	4252      	negs	r2, r2
100057c4:	3220      	adds	r2, #32
100057c6:	40d4      	lsrs	r4, r2
100057c8:	4321      	orrs	r1, r4
100057ca:	bd10      	pop	{r4, pc}
100057cc:	43d8      	mvns	r0, r3
100057ce:	43d9      	mvns	r1, r3
100057d0:	bd10      	pop	{r4, pc}
100057d2:	3220      	adds	r2, #32
100057d4:	d407      	bmi.n	100057e6 <d2fix_a+0x34>
100057d6:	460c      	mov	r4, r1
100057d8:	4094      	lsls	r4, r2
100057da:	4252      	negs	r2, r2
100057dc:	3220      	adds	r2, #32
100057de:	4111      	asrs	r1, r2
100057e0:	40d0      	lsrs	r0, r2
100057e2:	4320      	orrs	r0, r4
100057e4:	bd10      	pop	{r4, pc}
100057e6:	0008      	movs	r0, r1
100057e8:	17c9      	asrs	r1, r1, #31
100057ea:	3220      	adds	r2, #32
100057ec:	d403      	bmi.n	100057f6 <d2fix_a+0x44>
100057ee:	4252      	negs	r2, r2
100057f0:	3220      	adds	r2, #32
100057f2:	4110      	asrs	r0, r2
100057f4:	bd10      	pop	{r4, pc}
100057f6:	0018      	movs	r0, r3
100057f8:	0019      	movs	r1, r3
100057fa:	bd10      	pop	{r4, pc}
100057fc:	100057b3 	.word	0x100057b3

10005800 <double2float_shim>:
10005800:	004a      	lsls	r2, r1, #1
10005802:	0d52      	lsrs	r2, r2, #21
10005804:	4b14      	ldr	r3, [pc, #80]	; (10005858 <double2float_shim+0x58>)
10005806:	1ad2      	subs	r2, r2, r3
10005808:	dd13      	ble.n	10005832 <double2float_shim+0x32>
1000580a:	2aff      	cmp	r2, #255	; 0xff
1000580c:	da1e      	bge.n	1000584c <double2float_shim+0x4c>
1000580e:	05d2      	lsls	r2, r2, #23
10005810:	0fcb      	lsrs	r3, r1, #31
10005812:	07db      	lsls	r3, r3, #31
10005814:	431a      	orrs	r2, r3
10005816:	00c3      	lsls	r3, r0, #3
10005818:	0f40      	lsrs	r0, r0, #29
1000581a:	0309      	lsls	r1, r1, #12
1000581c:	0a49      	lsrs	r1, r1, #9
1000581e:	4308      	orrs	r0, r1
10005820:	4310      	orrs	r0, r2
10005822:	005b      	lsls	r3, r3, #1
10005824:	d301      	bcc.n	1000582a <double2float_shim+0x2a>
10005826:	d001      	beq.n	1000582c <double2float_shim+0x2c>
10005828:	3001      	adds	r0, #1
1000582a:	4770      	bx	lr
1000582c:	0843      	lsrs	r3, r0, #1
1000582e:	d2fb      	bcs.n	10005828 <double2float_shim+0x28>
10005830:	4770      	bx	lr
10005832:	d002      	beq.n	1000583a <double2float_shim+0x3a>
10005834:	0fc8      	lsrs	r0, r1, #31
10005836:	07c0      	lsls	r0, r0, #31
10005838:	4770      	bx	lr
1000583a:	030a      	lsls	r2, r1, #12
1000583c:	1312      	asrs	r2, r2, #12
1000583e:	3201      	adds	r2, #1
10005840:	d1f8      	bne.n	10005834 <double2float_shim+0x34>
10005842:	0f42      	lsrs	r2, r0, #29
10005844:	2a07      	cmp	r2, #7
10005846:	d1f5      	bne.n	10005834 <double2float_shim+0x34>
10005848:	2201      	movs	r2, #1
1000584a:	e000      	b.n	1000584e <double2float_shim+0x4e>
1000584c:	22ff      	movs	r2, #255	; 0xff
1000584e:	0fc8      	lsrs	r0, r1, #31
10005850:	0200      	lsls	r0, r0, #8
10005852:	1880      	adds	r0, r0, r2
10005854:	05c0      	lsls	r0, r0, #23
10005856:	4770      	bx	lr
10005858:	00000380 	.word	0x00000380

1000585c <uint2double_shim>:
1000585c:	2100      	movs	r1, #0

1000585e <ufix2double_shim>:
1000585e:	000a      	movs	r2, r1
10005860:	2100      	movs	r1, #0
10005862:	e004      	b.n	1000586e <ufix642double_shim>

10005864 <int2double_shim>:
10005864:	2100      	movs	r1, #0

10005866 <fix2double_shim>:
10005866:	000a      	movs	r2, r1
10005868:	17c1      	asrs	r1, r0, #31
1000586a:	e004      	b.n	10005876 <fix642double_shim>

1000586c <uint642double_shim>:
1000586c:	2200      	movs	r2, #0

1000586e <ufix642double_shim>:
1000586e:	2300      	movs	r3, #0
10005870:	e006      	b.n	10005880 <uf2d>
10005872:	46c0      	nop			; (mov r8, r8)

10005874 <int642double_shim>:
10005874:	2200      	movs	r2, #0

10005876 <fix642double_shim>:
10005876:	17cb      	asrs	r3, r1, #31
10005878:	4058      	eors	r0, r3
1000587a:	4059      	eors	r1, r3
1000587c:	1ac0      	subs	r0, r0, r3
1000587e:	4199      	sbcs	r1, r3

10005880 <uf2d>:
10005880:	b530      	push	{r4, r5, lr}
10005882:	4c18      	ldr	r4, [pc, #96]	; (100058e4 <uf2d+0x64>)
10005884:	1aa2      	subs	r2, r4, r2
10005886:	2900      	cmp	r1, #0
10005888:	d103      	bne.n	10005892 <uf2d+0x12>
1000588a:	0001      	movs	r1, r0
1000588c:	d010      	beq.n	100058b0 <uf2d+0x30>
1000588e:	2000      	movs	r0, #0
10005890:	3a20      	subs	r2, #32
10005892:	154c      	asrs	r4, r1, #21
10005894:	d112      	bne.n	100058bc <uf2d+0x3c>
10005896:	d204      	bcs.n	100058a2 <uf2d+0x22>
10005898:	3a01      	subs	r2, #1
1000589a:	1800      	adds	r0, r0, r0
1000589c:	4149      	adcs	r1, r1
1000589e:	0d4c      	lsrs	r4, r1, #21
100058a0:	d3fa      	bcc.n	10005898 <uf2d+0x18>
100058a2:	4c11      	ldr	r4, [pc, #68]	; (100058e8 <uf2d+0x68>)
100058a4:	42a2      	cmp	r2, r4
100058a6:	d204      	bcs.n	100058b2 <uf2d+0x32>
100058a8:	0512      	lsls	r2, r2, #20
100058aa:	1889      	adds	r1, r1, r2
100058ac:	07db      	lsls	r3, r3, #31
100058ae:	18c9      	adds	r1, r1, r3
100058b0:	bd30      	pop	{r4, r5, pc}
100058b2:	43d2      	mvns	r2, r2
100058b4:	0d52      	lsrs	r2, r2, #21
100058b6:	2000      	movs	r0, #0
100058b8:	2100      	movs	r1, #0
100058ba:	e7f5      	b.n	100058a8 <uf2d+0x28>
100058bc:	d403      	bmi.n	100058c6 <uf2d+0x46>
100058be:	3a01      	subs	r2, #1
100058c0:	1800      	adds	r0, r0, r0
100058c2:	4149      	adcs	r1, r1
100058c4:	d5fb      	bpl.n	100058be <uf2d+0x3e>
100058c6:	320b      	adds	r2, #11
100058c8:	0544      	lsls	r4, r0, #21
100058ca:	0ac0      	lsrs	r0, r0, #11
100058cc:	054d      	lsls	r5, r1, #21
100058ce:	4328      	orrs	r0, r5
100058d0:	0ac9      	lsrs	r1, r1, #11
100058d2:	0064      	lsls	r4, r4, #1
100058d4:	d003      	beq.n	100058de <uf2d+0x5e>
100058d6:	2400      	movs	r4, #0
100058d8:	4160      	adcs	r0, r4
100058da:	4161      	adcs	r1, r4
100058dc:	e7e1      	b.n	100058a2 <uf2d+0x22>
100058de:	d3e0      	bcc.n	100058a2 <uf2d+0x22>
100058e0:	0844      	lsrs	r4, r0, #1
100058e2:	e7f8      	b.n	100058d6 <uf2d+0x56>
100058e4:	00000432 	.word	0x00000432
100058e8:	000007fe 	.word	0x000007fe

100058ec <dunpacks>:
100058ec:	0d0a      	lsrs	r2, r1, #20
100058ee:	0fcc      	lsrs	r4, r1, #31
100058f0:	1e53      	subs	r3, r2, #1
100058f2:	051b      	lsls	r3, r3, #20
100058f4:	1ac9      	subs	r1, r1, r3
100058f6:	0552      	lsls	r2, r2, #21
100058f8:	d303      	bcc.n	10005902 <l60_1>
100058fa:	43c9      	mvns	r1, r1
100058fc:	4240      	negs	r0, r0
100058fe:	d300      	bcc.n	10005902 <l60_1>
10005900:	3101      	adds	r1, #1

10005902 <l60_1>:
10005902:	0d52      	lsrs	r2, r2, #21
10005904:	d003      	beq.n	1000590e <l60_2>
10005906:	1c53      	adds	r3, r2, #1
10005908:	0adb      	lsrs	r3, r3, #11
1000590a:	d007      	beq.n	1000591c <l60_3>
1000590c:	1b12      	subs	r2, r2, r4

1000590e <l60_2>:
1000590e:	2000      	movs	r0, #0
10005910:	0064      	lsls	r4, r4, #1
10005912:	1c61      	adds	r1, r4, #1
10005914:	0789      	lsls	r1, r1, #30
10005916:	1289      	asrs	r1, r1, #10
10005918:	3a80      	subs	r2, #128	; 0x80
1000591a:	0312      	lsls	r2, r2, #12

1000591c <l60_3>:
1000591c:	4b01      	ldr	r3, [pc, #4]	; (10005924 <l60_3+0x8>)
1000591e:	1ad2      	subs	r2, r2, r3
10005920:	4770      	bx	lr
10005922:	0000      	.short	0x0000
10005924:	000003ff 	.word	0x000003ff

10005928 <__wrap___aeabi_lmul>:
10005928:	4351      	muls	r1, r2
1000592a:	4343      	muls	r3, r0
1000592c:	18c9      	adds	r1, r1, r3
1000592e:	468c      	mov	ip, r1
10005930:	0c11      	lsrs	r1, r2, #16
10005932:	b283      	uxth	r3, r0
10005934:	434b      	muls	r3, r1
10005936:	b410      	push	{r4}
10005938:	0c04      	lsrs	r4, r0, #16
1000593a:	4361      	muls	r1, r4
1000593c:	b292      	uxth	r2, r2
1000593e:	b280      	uxth	r0, r0
10005940:	4350      	muls	r0, r2
10005942:	4362      	muls	r2, r4
10005944:	041c      	lsls	r4, r3, #16
10005946:	0c1b      	lsrs	r3, r3, #16
10005948:	1900      	adds	r0, r0, r4
1000594a:	bc10      	pop	{r4}
1000594c:	4159      	adcs	r1, r3
1000594e:	0413      	lsls	r3, r2, #16
10005950:	0c12      	lsrs	r2, r2, #16
10005952:	18c0      	adds	r0, r0, r3
10005954:	4151      	adcs	r1, r2
10005956:	4461      	add	r1, ip
10005958:	4770      	bx	lr
	...

1000595c <__wrap___aeabi_frsub>:
1000595c:	4048      	eors	r0, r1
1000595e:	4041      	eors	r1, r0
10005960:	4048      	eors	r0, r1

10005962 <__wrap___aeabi_fsub>:
10005962:	2300      	movs	r3, #0
10005964:	469c      	mov	ip, r3
10005966:	4b11      	ldr	r3, [pc, #68]	; (100059ac <__wrap___aeabi_fmul+0xa>)
10005968:	685b      	ldr	r3, [r3, #4]
1000596a:	4718      	bx	r3

1000596c <__wrap___aeabi_fadd>:
1000596c:	2300      	movs	r3, #0
1000596e:	469c      	mov	ip, r3
10005970:	4b0e      	ldr	r3, [pc, #56]	; (100059ac <__wrap___aeabi_fmul+0xa>)
10005972:	681b      	ldr	r3, [r3, #0]
10005974:	4718      	bx	r3

10005976 <__wrap___aeabi_fdiv>:
10005976:	4a0e      	ldr	r2, [pc, #56]	; (100059b0 <__wrap___aeabi_fmul+0xe>)
10005978:	6f93      	ldr	r3, [r2, #120]	; 0x78
1000597a:	089b      	lsrs	r3, r3, #2
1000597c:	d204      	bcs.n	10005988 <fdiv_save_state>

1000597e <fdiv_shim_call>:
1000597e:	2300      	movs	r3, #0
10005980:	469c      	mov	ip, r3
10005982:	4b0a      	ldr	r3, [pc, #40]	; (100059ac <__wrap___aeabi_fmul+0xa>)
10005984:	68db      	ldr	r3, [r3, #12]
10005986:	4718      	bx	r3

10005988 <fdiv_save_state>:
10005988:	b5f0      	push	{r4, r5, r6, r7, lr}
1000598a:	6e14      	ldr	r4, [r2, #96]	; 0x60
1000598c:	6e55      	ldr	r5, [r2, #100]	; 0x64
1000598e:	6f57      	ldr	r7, [r2, #116]	; 0x74
10005990:	6f16      	ldr	r6, [r2, #112]	; 0x70
10005992:	f7ff fff4 	bl	1000597e <fdiv_shim_call>
10005996:	4a06      	ldr	r2, [pc, #24]	; (100059b0 <__wrap___aeabi_fmul+0xe>)
10005998:	6614      	str	r4, [r2, #96]	; 0x60
1000599a:	6655      	str	r5, [r2, #100]	; 0x64
1000599c:	6757      	str	r7, [r2, #116]	; 0x74
1000599e:	6716      	str	r6, [r2, #112]	; 0x70
100059a0:	bdf0      	pop	{r4, r5, r6, r7, pc}

100059a2 <__wrap___aeabi_fmul>:
100059a2:	2300      	movs	r3, #0
100059a4:	469c      	mov	ip, r3
100059a6:	4b01      	ldr	r3, [pc, #4]	; (100059ac <__wrap___aeabi_fmul+0xa>)
100059a8:	689b      	ldr	r3, [r3, #8]
100059aa:	4718      	bx	r3
100059ac:	2000101c 	.word	0x2000101c
100059b0:	d0000000 	.word	0xd0000000

100059b4 <__wrap___aeabi_cfrcmple>:
100059b4:	b507      	push	{r0, r1, r2, lr}
100059b6:	4048      	eors	r0, r1
100059b8:	4041      	eors	r1, r0
100059ba:	4048      	eors	r0, r1
100059bc:	e001      	b.n	100059c2 <__aeabi_cfcmple_guts>
100059be:	46c0      	nop			; (mov r8, r8)

100059c0 <__wrap___aeabi_cfcmpeq>:
100059c0:	b507      	push	{r0, r1, r2, lr}

100059c2 <__aeabi_cfcmple_guts>:
100059c2:	0042      	lsls	r2, r0, #1
100059c4:	0e12      	lsrs	r2, r2, #24
100059c6:	d003      	beq.n	100059d0 <__aeabi_cfcmple_guts+0xe>
100059c8:	2aff      	cmp	r2, #255	; 0xff
100059ca:	d103      	bne.n	100059d4 <__aeabi_cfcmple_guts+0x12>
100059cc:	0242      	lsls	r2, r0, #9
100059ce:	d818      	bhi.n	10005a02 <__aeabi_cfcmple_guts+0x40>
100059d0:	0dc0      	lsrs	r0, r0, #23
100059d2:	05c0      	lsls	r0, r0, #23
100059d4:	004a      	lsls	r2, r1, #1
100059d6:	0e12      	lsrs	r2, r2, #24
100059d8:	d003      	beq.n	100059e2 <__aeabi_cfcmple_guts+0x20>
100059da:	2aff      	cmp	r2, #255	; 0xff
100059dc:	d103      	bne.n	100059e6 <__aeabi_cfcmple_guts+0x24>
100059de:	024a      	lsls	r2, r1, #9
100059e0:	d80f      	bhi.n	10005a02 <__aeabi_cfcmple_guts+0x40>
100059e2:	0dc9      	lsrs	r1, r1, #23
100059e4:	05c9      	lsls	r1, r1, #23
100059e6:	2201      	movs	r2, #1
100059e8:	4041      	eors	r1, r0
100059ea:	d405      	bmi.n	100059f8 <__aeabi_cfcmple_guts+0x36>
100059ec:	4041      	eors	r1, r0
100059ee:	d501      	bpl.n	100059f4 <__aeabi_cfcmple_guts+0x32>
100059f0:	4281      	cmp	r1, r0
100059f2:	bd07      	pop	{r0, r1, r2, pc}
100059f4:	4288      	cmp	r0, r1
100059f6:	bd07      	pop	{r0, r1, r2, pc}
100059f8:	4301      	orrs	r1, r0
100059fa:	1849      	adds	r1, r1, r1
100059fc:	d001      	beq.n	10005a02 <__aeabi_cfcmple_guts+0x40>
100059fe:	43c0      	mvns	r0, r0
10005a00:	1800      	adds	r0, r0, r0
10005a02:	bd07      	pop	{r0, r1, r2, pc}

10005a04 <__wrap___aeabi_fcmple>:
10005a04:	b500      	push	{lr}
10005a06:	f7ff ffdb 	bl	100059c0 <__wrap___aeabi_cfcmpeq>
10005a0a:	d901      	bls.n	10005a10 <__wrap___aeabi_fcmple+0xc>
10005a0c:	2000      	movs	r0, #0
10005a0e:	bd00      	pop	{pc}
10005a10:	2001      	movs	r0, #1
10005a12:	bd00      	pop	{pc}

10005a14 <__wrap___aeabi_fcmpun>:
10005a14:	2301      	movs	r3, #1
10005a16:	061b      	lsls	r3, r3, #24
10005a18:	0042      	lsls	r2, r0, #1
10005a1a:	18d2      	adds	r2, r2, r3
10005a1c:	d804      	bhi.n	10005a28 <__wrap___aeabi_fcmpun+0x14>
10005a1e:	004a      	lsls	r2, r1, #1
10005a20:	18d2      	adds	r2, r2, r3
10005a22:	d801      	bhi.n	10005a28 <__wrap___aeabi_fcmpun+0x14>
10005a24:	2000      	movs	r0, #0
10005a26:	4770      	bx	lr
10005a28:	2001      	movs	r0, #1
10005a2a:	4770      	bx	lr

10005a2c <__wrap___aeabi_i2f>:
10005a2c:	0fc1      	lsrs	r1, r0, #31
10005a2e:	07c9      	lsls	r1, r1, #31
10005a30:	d500      	bpl.n	10005a34 <__wrap___aeabi_i2f+0x8>
10005a32:	4240      	negs	r0, r0
10005a34:	2800      	cmp	r0, #0
10005a36:	d017      	beq.n	10005a68 <__aeabi_i2f_main+0x30>

10005a38 <__aeabi_i2f_main>:
10005a38:	46f4      	mov	ip, lr
10005a3a:	b403      	push	{r0, r1}
10005a3c:	4b0b      	ldr	r3, [pc, #44]	; (10005a6c <__aeabi_i2f_main+0x34>)
10005a3e:	681b      	ldr	r3, [r3, #0]
10005a40:	4798      	blx	r3
10005a42:	bc06      	pop	{r1, r2}
10005a44:	4081      	lsls	r1, r0
10005a46:	389e      	subs	r0, #158	; 0x9e
10005a48:	4240      	negs	r0, r0
10005a4a:	3180      	adds	r1, #128	; 0x80
10005a4c:	d207      	bcs.n	10005a5e <__aeabi_i2f_main+0x26>
10005a4e:	060b      	lsls	r3, r1, #24
10005a50:	d007      	beq.n	10005a62 <__aeabi_i2f_main+0x2a>
10005a52:	0049      	lsls	r1, r1, #1
10005a54:	0a49      	lsrs	r1, r1, #9
10005a56:	05c0      	lsls	r0, r0, #23
10005a58:	4310      	orrs	r0, r2
10005a5a:	4308      	orrs	r0, r1
10005a5c:	4760      	bx	ip
10005a5e:	3001      	adds	r0, #1
10005a60:	e7f8      	b.n	10005a54 <__aeabi_i2f_main+0x1c>
10005a62:	0a49      	lsrs	r1, r1, #9
10005a64:	0289      	lsls	r1, r1, #10
10005a66:	e7f5      	b.n	10005a54 <__aeabi_i2f_main+0x1c>
10005a68:	4770      	bx	lr
10005a6a:	0000      	.short	0x0000
10005a6c:	20001018 	.word	0x20001018

10005a70 <__wrap___aeabi_f2iz>:
10005a70:	0041      	lsls	r1, r0, #1
10005a72:	0e0a      	lsrs	r2, r1, #24
10005a74:	2380      	movs	r3, #128	; 0x80
10005a76:	061b      	lsls	r3, r3, #24
10005a78:	2a7e      	cmp	r2, #126	; 0x7e
10005a7a:	dd0b      	ble.n	10005a94 <__wrap___aeabi_f2iz+0x24>
10005a7c:	3a9e      	subs	r2, #158	; 0x9e
10005a7e:	da0b      	bge.n	10005a98 <__wrap___aeabi_f2iz+0x28>
10005a80:	17c1      	asrs	r1, r0, #31
10005a82:	0240      	lsls	r0, r0, #9
10005a84:	0840      	lsrs	r0, r0, #1
10005a86:	4318      	orrs	r0, r3
10005a88:	4252      	negs	r2, r2
10005a8a:	40d0      	lsrs	r0, r2
10005a8c:	0049      	lsls	r1, r1, #1
10005a8e:	3101      	adds	r1, #1
10005a90:	4348      	muls	r0, r1
10005a92:	4770      	bx	lr
10005a94:	2000      	movs	r0, #0
10005a96:	4770      	bx	lr
10005a98:	0fc0      	lsrs	r0, r0, #31
10005a9a:	18c0      	adds	r0, r0, r3
10005a9c:	3801      	subs	r0, #1
10005a9e:	4770      	bx	lr
10005aa0:	42c0      	cmn	r0, r0
10005aa2:	d30d      	bcc.n	10005ac0 <float2int>
10005aa4:	b500      	push	{lr}
10005aa6:	0040      	lsls	r0, r0, #1
10005aa8:	0840      	lsrs	r0, r0, #1
10005aaa:	2100      	movs	r1, #0
10005aac:	f000 f812 	bl	10005ad4 <__wrap___aeabi_f2uiz>
10005ab0:	2800      	cmp	r0, #0
10005ab2:	d401      	bmi.n	10005ab8 <__wrap___aeabi_f2iz+0x48>
10005ab4:	4240      	negs	r0, r0
10005ab6:	bd00      	pop	{pc}
10005ab8:	2080      	movs	r0, #128	; 0x80
10005aba:	0600      	lsls	r0, r0, #24
10005abc:	bd00      	pop	{pc}
	...

10005ac0 <float2int>:
10005ac0:	4b03      	ldr	r3, [pc, #12]	; (10005ad0 <float2int+0x10>)
10005ac2:	69db      	ldr	r3, [r3, #28]
10005ac4:	46fc      	mov	ip, pc
10005ac6:	4718      	bx	r3
10005ac8:	5c15df1c 	.word	0x5c15df1c
10005acc:	00001000 	.word	0x00001000
10005ad0:	2000101c 	.word	0x2000101c

10005ad4 <__wrap___aeabi_f2uiz>:
10005ad4:	2300      	movs	r3, #0
10005ad6:	469c      	mov	ip, r3
10005ad8:	4b01      	ldr	r3, [pc, #4]	; (10005ae0 <__wrap___aeabi_f2uiz+0xc>)
10005ada:	6a5b      	ldr	r3, [r3, #36]	; 0x24
10005adc:	4718      	bx	r3
10005ade:	0000      	.short	0x0000
10005ae0:	2000101c 	.word	0x2000101c

10005ae4 <__aeabi_float_init>:
10005ae4:	b570      	push	{r4, r5, r6, lr}
10005ae6:	2313      	movs	r3, #19
10005ae8:	781d      	ldrb	r5, [r3, #0]
10005aea:	482a      	ldr	r0, [pc, #168]	; (10005b94 <__aeabi_float_init+0xb0>)
10005aec:	f7fe ffc6 	bl	10004a7c <rom_data_lookup>
10005af0:	0004      	movs	r4, r0
10005af2:	2d01      	cmp	r5, #1
10005af4:	d011      	beq.n	10005b1a <__aeabi_float_init+0x36>
10005af6:	2d01      	cmp	r5, #1
10005af8:	dd09      	ble.n	10005b0e <__aeabi_float_init+0x2a>
10005afa:	1ea3      	subs	r3, r4, #2
10005afc:	781b      	ldrb	r3, [r3, #0]
10005afe:	009b      	lsls	r3, r3, #2
10005b00:	2b7f      	cmp	r3, #127	; 0x7f
10005b02:	dd40      	ble.n	10005b86 <__aeabi_float_init+0xa2>
10005b04:	2280      	movs	r2, #128	; 0x80
10005b06:	0021      	movs	r1, r4
10005b08:	4823      	ldr	r0, [pc, #140]	; (10005b98 <__aeabi_float_init+0xb4>)
10005b0a:	f000 f89d 	bl	10005c48 <__wrap___aeabi_memcpy>
10005b0e:	4823      	ldr	r0, [pc, #140]	; (10005b9c <__aeabi_float_init+0xb8>)
10005b10:	f7fe ffac 	bl	10004a6c <rom_func_lookup>
10005b14:	4b22      	ldr	r3, [pc, #136]	; (10005ba0 <__aeabi_float_init+0xbc>)
10005b16:	6018      	str	r0, [r3, #0]
10005b18:	bd70      	pop	{r4, r5, r6, pc}
10005b1a:	2254      	movs	r2, #84	; 0x54
10005b1c:	0001      	movs	r1, r0
10005b1e:	481e      	ldr	r0, [pc, #120]	; (10005b98 <__aeabi_float_init+0xb4>)
10005b20:	f000 f892 	bl	10005c48 <__wrap___aeabi_memcpy>
10005b24:	4b1f      	ldr	r3, [pc, #124]	; (10005ba4 <__aeabi_float_init+0xc0>)
10005b26:	881a      	ldrh	r2, [r3, #0]
10005b28:	4b1f      	ldr	r3, [pc, #124]	; (10005ba8 <__aeabi_float_init+0xc4>)
10005b2a:	429a      	cmp	r2, r3
10005b2c:	d11c      	bne.n	10005b68 <__aeabi_float_init+0x84>
10005b2e:	23a7      	movs	r3, #167	; 0xa7
10005b30:	019b      	lsls	r3, r3, #6
10005b32:	881a      	ldrh	r2, [r3, #0]
10005b34:	4b1d      	ldr	r3, [pc, #116]	; (10005bac <__aeabi_float_init+0xc8>)
10005b36:	429a      	cmp	r2, r3
10005b38:	d116      	bne.n	10005b68 <__aeabi_float_init+0x84>
10005b3a:	4b1d      	ldr	r3, [pc, #116]	; (10005bb0 <__aeabi_float_init+0xcc>)
10005b3c:	881a      	ldrh	r2, [r3, #0]
10005b3e:	4b1d      	ldr	r3, [pc, #116]	; (10005bb4 <__aeabi_float_init+0xd0>)
10005b40:	429a      	cmp	r2, r3
10005b42:	d111      	bne.n	10005b68 <__aeabi_float_init+0x84>
10005b44:	4b1c      	ldr	r3, [pc, #112]	; (10005bb8 <__aeabi_float_init+0xd4>)
10005b46:	881a      	ldrh	r2, [r3, #0]
10005b48:	2394      	movs	r3, #148	; 0x94
10005b4a:	019b      	lsls	r3, r3, #6
10005b4c:	429a      	cmp	r2, r3
10005b4e:	d10b      	bne.n	10005b68 <__aeabi_float_init+0x84>
10005b50:	4b1a      	ldr	r3, [pc, #104]	; (10005bbc <__aeabi_float_init+0xd8>)
10005b52:	881a      	ldrh	r2, [r3, #0]
10005b54:	4b1a      	ldr	r3, [pc, #104]	; (10005bc0 <__aeabi_float_init+0xdc>)
10005b56:	429a      	cmp	r2, r3
10005b58:	d106      	bne.n	10005b68 <__aeabi_float_init+0x84>
10005b5a:	4b1a      	ldr	r3, [pc, #104]	; (10005bc4 <__aeabi_float_init+0xe0>)
10005b5c:	681a      	ldr	r2, [r3, #0]
10005b5e:	4b1a      	ldr	r3, [pc, #104]	; (10005bc8 <__aeabi_float_init+0xe4>)
10005b60:	429a      	cmp	r2, r3
10005b62:	d101      	bne.n	10005b68 <__aeabi_float_init+0x84>
10005b64:	2315      	movs	r3, #21
10005b66:	e007      	b.n	10005b78 <__aeabi_float_init+0x94>
10005b68:	4818      	ldr	r0, [pc, #96]	; (10005bcc <__aeabi_float_init+0xe8>)
10005b6a:	f7fd fea7 	bl	100038bc <panic>
10005b6e:	0099      	lsls	r1, r3, #2
10005b70:	4817      	ldr	r0, [pc, #92]	; (10005bd0 <__aeabi_float_init+0xec>)
10005b72:	4a09      	ldr	r2, [pc, #36]	; (10005b98 <__aeabi_float_init+0xb4>)
10005b74:	5088      	str	r0, [r1, r2]
10005b76:	3301      	adds	r3, #1
10005b78:	2b1f      	cmp	r3, #31
10005b7a:	d9f8      	bls.n	10005b6e <__aeabi_float_init+0x8a>
10005b7c:	4a14      	ldr	r2, [pc, #80]	; (10005bd0 <__aeabi_float_init+0xec>)
10005b7e:	4b06      	ldr	r3, [pc, #24]	; (10005b98 <__aeabi_float_init+0xb4>)
10005b80:	621a      	str	r2, [r3, #32]
10005b82:	61da      	str	r2, [r3, #28]
10005b84:	e7b7      	b.n	10005af6 <__aeabi_float_init+0x12>
10005b86:	4b13      	ldr	r3, [pc, #76]	; (10005bd4 <__aeabi_float_init+0xf0>)
10005b88:	4a13      	ldr	r2, [pc, #76]	; (10005bd8 <__aeabi_float_init+0xf4>)
10005b8a:	2142      	movs	r1, #66	; 0x42
10005b8c:	4813      	ldr	r0, [pc, #76]	; (10005bdc <__aeabi_float_init+0xf8>)
10005b8e:	f7fd fdfb 	bl	10003788 <__assert_func>
10005b92:	46c0      	nop			; (mov r8, r8)
10005b94:	00004653 	.word	0x00004653
10005b98:	2000101c 	.word	0x2000101c
10005b9c:	0000334c 	.word	0x0000334c
10005ba0:	20001018 	.word	0x20001018
10005ba4:	000029ee 	.word	0x000029ee
10005ba8:	00000fc4 	.word	0x00000fc4
10005bac:	00000dc2 	.word	0x00000dc2
10005bb0:	00002b96 	.word	0x00002b96
10005bb4:	0000b5c0 	.word	0x0000b5c0
10005bb8:	00002b18 	.word	0x00002b18
10005bbc:	00002acc 	.word	0x00002acc
10005bc0:	0000b510 	.word	0x0000b510
10005bc4:	00002cfc 	.word	0x00002cfc
10005bc8:	6487ed51 	.word	0x6487ed51
10005bcc:	1000a4b4 	.word	0x1000a4b4
10005bd0:	10005be1 	.word	0x10005be1
10005bd4:	1000a8a4 	.word	0x1000a8a4
10005bd8:	1000a93c 	.word	0x1000a93c
10005bdc:	1000a8d8 	.word	0x1000a8d8

10005be0 <float_table_shim_on_use_helper>:
10005be0:	b507      	push	{r0, r1, r2, lr}
10005be2:	4660      	mov	r0, ip
10005be4:	2800      	cmp	r0, #0
10005be6:	d100      	bne.n	10005bea <float_table_shim_on_use_helper+0xa>
10005be8:	be00      	bkpt	0x0000
10005bea:	8801      	ldrh	r1, [r0, #0]
10005bec:	0a0a      	lsrs	r2, r1, #8
10005bee:	3002      	adds	r0, #2
10005bf0:	2adf      	cmp	r2, #223	; 0xdf
10005bf2:	d1fa      	bne.n	10005bea <float_table_shim_on_use_helper+0xa>
10005bf4:	b2c9      	uxtb	r1, r1
10005bf6:	0882      	lsrs	r2, r0, #2
10005bf8:	d304      	bcc.n	10005c04 <float_table_shim_on_use_helper+0x24>
10005bfa:	8802      	ldrh	r2, [r0, #0]
10005bfc:	8840      	ldrh	r0, [r0, #2]
10005bfe:	0400      	lsls	r0, r0, #16
10005c00:	4310      	orrs	r0, r2
10005c02:	e000      	b.n	10005c06 <float_table_shim_on_use_helper+0x26>
10005c04:	6800      	ldr	r0, [r0, #0]
10005c06:	4a02      	ldr	r2, [pc, #8]	; (10005c10 <float_table_shim_on_use_helper+0x30>)
10005c08:	5050      	str	r0, [r2, r1]
10005c0a:	9003      	str	r0, [sp, #12]
10005c0c:	bd07      	pop	{r0, r1, r2, pc}
10005c0e:	0000      	.short	0x0000
10005c10:	2000101c 	.word	0x2000101c

10005c14 <float2int_shim>:
10005c14:	2100      	movs	r1, #0

10005c16 <float2fix_shim>:
10005c16:	15c2      	asrs	r2, r0, #23
10005c18:	3280      	adds	r2, #128	; 0x80
10005c1a:	3280      	adds	r2, #128	; 0x80
10005c1c:	d001      	beq.n	10005c22 <float2fix_shim+0xc>
10005c1e:	4a02      	ldr	r2, [pc, #8]	; (10005c28 <float2fix_shim+0x12>)
10005c20:	4710      	bx	r2
10005c22:	2000      	movs	r0, #0
10005c24:	4770      	bx	lr
10005c26:	0000      	.short	0x0000
10005c28:	00002acd 	.word	0x00002acd

10005c2c <__aeabi_mem_init>:
10005c2c:	4801      	ldr	r0, [pc, #4]	; (10005c34 <__aeabi_mem_init+0x8>)
10005c2e:	2104      	movs	r1, #4
10005c30:	4b01      	ldr	r3, [pc, #4]	; (10005c38 <__aeabi_mem_init+0xc>)
10005c32:	4718      	bx	r3
10005c34:	200002d0 	.word	0x200002d0
10005c38:	10004a8d 	.word	0x10004a8d

10005c3c <__wrap_memset>:
10005c3c:	4b01      	ldr	r3, [pc, #4]	; (10005c44 <__wrap_memset+0x8>)
10005c3e:	681b      	ldr	r3, [r3, #0]
10005c40:	4718      	bx	r3
10005c42:	0000      	.short	0x0000
10005c44:	200002d0 	.word	0x200002d0

10005c48 <__wrap___aeabi_memcpy>:
10005c48:	4b01      	ldr	r3, [pc, #4]	; (10005c50 <__wrap___aeabi_memcpy+0x8>)
10005c4a:	685b      	ldr	r3, [r3, #4]
10005c4c:	4718      	bx	r3
10005c4e:	0000      	.short	0x0000
10005c50:	200002d0 	.word	0x200002d0

10005c54 <stdio_out_chars_no_crlf>:
10005c54:	b510      	push	{r4, lr}
10005c56:	0003      	movs	r3, r0
10005c58:	0008      	movs	r0, r1
10005c5a:	0011      	movs	r1, r2
10005c5c:	681b      	ldr	r3, [r3, #0]
10005c5e:	4798      	blx	r3
10005c60:	bd10      	pop	{r4, pc}
	...

10005c64 <stdio_out_chars_crlf>:
10005c64:	b5f8      	push	{r3, r4, r5, r6, r7, lr}
10005c66:	0007      	movs	r7, r0
10005c68:	000d      	movs	r5, r1
10005c6a:	0016      	movs	r6, r2
10005c6c:	7d43      	ldrb	r3, [r0, #21]
10005c6e:	2b00      	cmp	r3, #0
10005c70:	d002      	beq.n	10005c78 <stdio_out_chars_crlf+0x14>
10005c72:	2400      	movs	r4, #0
10005c74:	2000      	movs	r0, #0
10005c76:	e00c      	b.n	10005c92 <stdio_out_chars_crlf+0x2e>
10005c78:	6803      	ldr	r3, [r0, #0]
10005c7a:	0011      	movs	r1, r2
10005c7c:	0028      	movs	r0, r5
10005c7e:	4798      	blx	r3
10005c80:	e02d      	b.n	10005cde <stdio_out_chars_crlf+0x7a>
10005c82:	7d3b      	ldrb	r3, [r7, #20]
10005c84:	e010      	b.n	10005ca8 <stdio_out_chars_crlf+0x44>
10005c86:	2102      	movs	r1, #2
10005c88:	4815      	ldr	r0, [pc, #84]	; (10005ce0 <stdio_out_chars_crlf+0x7c>)
10005c8a:	683b      	ldr	r3, [r7, #0]
10005c8c:	4798      	blx	r3
10005c8e:	1c60      	adds	r0, r4, #1
10005c90:	3401      	adds	r4, #1
10005c92:	42b4      	cmp	r4, r6
10005c94:	da14      	bge.n	10005cc0 <stdio_out_chars_crlf+0x5c>
10005c96:	2c00      	cmp	r4, #0
10005c98:	ddf3      	ble.n	10005c82 <stdio_out_chars_crlf+0x1e>
10005c9a:	192b      	adds	r3, r5, r4
10005c9c:	3b01      	subs	r3, #1
10005c9e:	781b      	ldrb	r3, [r3, #0]
10005ca0:	3b0d      	subs	r3, #13
10005ca2:	425a      	negs	r2, r3
10005ca4:	4153      	adcs	r3, r2
10005ca6:	b2db      	uxtb	r3, r3
10005ca8:	5d2a      	ldrb	r2, [r5, r4]
10005caa:	2a0a      	cmp	r2, #10
10005cac:	d1f0      	bne.n	10005c90 <stdio_out_chars_crlf+0x2c>
10005cae:	2b00      	cmp	r3, #0
10005cb0:	d1ee      	bne.n	10005c90 <stdio_out_chars_crlf+0x2c>
10005cb2:	42a0      	cmp	r0, r4
10005cb4:	dae7      	bge.n	10005c86 <stdio_out_chars_crlf+0x22>
10005cb6:	1a21      	subs	r1, r4, r0
10005cb8:	1828      	adds	r0, r5, r0
10005cba:	683b      	ldr	r3, [r7, #0]
10005cbc:	4798      	blx	r3
10005cbe:	e7e2      	b.n	10005c86 <stdio_out_chars_crlf+0x22>
10005cc0:	42b0      	cmp	r0, r6
10005cc2:	da03      	bge.n	10005ccc <stdio_out_chars_crlf+0x68>
10005cc4:	1a31      	subs	r1, r6, r0
10005cc6:	1828      	adds	r0, r5, r0
10005cc8:	683b      	ldr	r3, [r7, #0]
10005cca:	4798      	blx	r3
10005ccc:	2e00      	cmp	r6, #0
10005cce:	dd06      	ble.n	10005cde <stdio_out_chars_crlf+0x7a>
10005cd0:	19ad      	adds	r5, r5, r6
10005cd2:	3d01      	subs	r5, #1
10005cd4:	782b      	ldrb	r3, [r5, #0]
10005cd6:	3b0d      	subs	r3, #13
10005cd8:	425a      	negs	r2, r3
10005cda:	4153      	adcs	r3, r2
10005cdc:	753b      	strb	r3, [r7, #20]
10005cde:	bdf8      	pop	{r3, r4, r5, r6, r7, pc}
10005ce0:	1000aa48 	.word	0x1000aa48

10005ce4 <stdio_stack_buffer_flush>:
10005ce4:	b570      	push	{r4, r5, r6, lr}
10005ce6:	0005      	movs	r5, r0
10005ce8:	6803      	ldr	r3, [r0, #0]
10005cea:	2b00      	cmp	r3, #0
10005cec:	d016      	beq.n	10005d1c <stdio_stack_buffer_flush+0x38>
10005cee:	4b0c      	ldr	r3, [pc, #48]	; (10005d20 <stdio_stack_buffer_flush+0x3c>)
10005cf0:	681c      	ldr	r4, [r3, #0]
10005cf2:	e005      	b.n	10005d00 <stdio_stack_buffer_flush+0x1c>
10005cf4:	0029      	movs	r1, r5
10005cf6:	c904      	ldmia	r1!, {r2}
10005cf8:	0020      	movs	r0, r4
10005cfa:	f7ff ffb3 	bl	10005c64 <stdio_out_chars_crlf>
10005cfe:	6924      	ldr	r4, [r4, #16]
10005d00:	2c00      	cmp	r4, #0
10005d02:	d009      	beq.n	10005d18 <stdio_stack_buffer_flush+0x34>
10005d04:	6823      	ldr	r3, [r4, #0]
10005d06:	2b00      	cmp	r3, #0
10005d08:	d0f9      	beq.n	10005cfe <stdio_stack_buffer_flush+0x1a>
10005d0a:	4b06      	ldr	r3, [pc, #24]	; (10005d24 <stdio_stack_buffer_flush+0x40>)
10005d0c:	681b      	ldr	r3, [r3, #0]
10005d0e:	2b00      	cmp	r3, #0
10005d10:	d0f0      	beq.n	10005cf4 <stdio_stack_buffer_flush+0x10>
10005d12:	42a3      	cmp	r3, r4
10005d14:	d1f3      	bne.n	10005cfe <stdio_stack_buffer_flush+0x1a>
10005d16:	e7ed      	b.n	10005cf4 <stdio_stack_buffer_flush+0x10>
10005d18:	2300      	movs	r3, #0
10005d1a:	602b      	str	r3, [r5, #0]
10005d1c:	bd70      	pop	{r4, r5, r6, pc}
10005d1e:	46c0      	nop			; (mov r8, r8)
10005d20:	20000ee0 	.word	0x20000ee0
10005d24:	20000ee8 	.word	0x20000ee8

10005d28 <stdio_buffered_printer>:
10005d28:	b570      	push	{r4, r5, r6, lr}
10005d2a:	0005      	movs	r5, r0
10005d2c:	000c      	movs	r4, r1
10005d2e:	680b      	ldr	r3, [r1, #0]
10005d30:	2b80      	cmp	r3, #128	; 0x80
10005d32:	d005      	beq.n	10005d40 <stdio_buffered_printer+0x18>
10005d34:	6821      	ldr	r1, [r4, #0]
10005d36:	1c4b      	adds	r3, r1, #1
10005d38:	6023      	str	r3, [r4, #0]
10005d3a:	1864      	adds	r4, r4, r1
10005d3c:	7125      	strb	r5, [r4, #4]
10005d3e:	bd70      	pop	{r4, r5, r6, pc}
10005d40:	0008      	movs	r0, r1
10005d42:	f7ff ffcf 	bl	10005ce4 <stdio_stack_buffer_flush>
10005d46:	e7f5      	b.n	10005d34 <stdio_buffered_printer+0xc>

10005d48 <stdio_get_until>:
10005d48:	b5f0      	push	{r4, r5, r6, r7, lr}
10005d4a:	b083      	sub	sp, #12
10005d4c:	0007      	movs	r7, r0
10005d4e:	000e      	movs	r6, r1
10005d50:	9200      	str	r2, [sp, #0]
10005d52:	9301      	str	r3, [sp, #4]
10005d54:	e028      	b.n	10005da8 <stdio_get_until+0x60>
10005d56:	68a3      	ldr	r3, [r4, #8]
10005d58:	2b00      	cmp	r3, #0
10005d5a:	d004      	beq.n	10005d66 <stdio_get_until+0x1e>
10005d5c:	0031      	movs	r1, r6
10005d5e:	0038      	movs	r0, r7
10005d60:	4798      	blx	r3
10005d62:	2800      	cmp	r0, #0
10005d64:	dc27      	bgt.n	10005db6 <stdio_get_until+0x6e>
10005d66:	6924      	ldr	r4, [r4, #16]
10005d68:	2c00      	cmp	r4, #0
10005d6a:	d006      	beq.n	10005d7a <stdio_get_until+0x32>
10005d6c:	4b13      	ldr	r3, [pc, #76]	; (10005dbc <stdio_get_until+0x74>)
10005d6e:	681d      	ldr	r5, [r3, #0]
10005d70:	2d00      	cmp	r5, #0
10005d72:	d0f0      	beq.n	10005d56 <stdio_get_until+0xe>
10005d74:	42a5      	cmp	r5, r4
10005d76:	d1f6      	bne.n	10005d66 <stdio_get_until+0x1e>
10005d78:	e7ed      	b.n	10005d56 <stdio_get_until+0xe>
10005d7a:	9900      	ldr	r1, [sp, #0]
10005d7c:	9a01      	ldr	r2, [sp, #4]
10005d7e:	4b10      	ldr	r3, [pc, #64]	; (10005dc0 <stdio_get_until+0x78>)
10005d80:	6a5b      	ldr	r3, [r3, #36]	; 0x24
10005d82:	429a      	cmp	r2, r3
10005d84:	d809      	bhi.n	10005d9a <stdio_get_until+0x52>
10005d86:	480e      	ldr	r0, [pc, #56]	; (10005dc0 <stdio_get_until+0x78>)
10005d88:	6a80      	ldr	r0, [r0, #40]	; 0x28
10005d8a:	4288      	cmp	r0, r1
10005d8c:	d20f      	bcs.n	10005dae <stdio_get_until+0x66>
10005d8e:	429a      	cmp	r2, r3
10005d90:	d001      	beq.n	10005d96 <stdio_get_until+0x4e>
10005d92:	2301      	movs	r3, #1
10005d94:	e002      	b.n	10005d9c <stdio_get_until+0x54>
10005d96:	2300      	movs	r3, #0
10005d98:	e000      	b.n	10005d9c <stdio_get_until+0x54>
10005d9a:	2300      	movs	r3, #0
10005d9c:	2b00      	cmp	r3, #0
10005d9e:	d108      	bne.n	10005db2 <stdio_get_until+0x6a>
10005da0:	2001      	movs	r0, #1
10005da2:	2100      	movs	r1, #0
10005da4:	f7fc ff2a 	bl	10002bfc <busy_wait_us>
10005da8:	4b06      	ldr	r3, [pc, #24]	; (10005dc4 <stdio_get_until+0x7c>)
10005daa:	681c      	ldr	r4, [r3, #0]
10005dac:	e7dc      	b.n	10005d68 <stdio_get_until+0x20>
10005dae:	2301      	movs	r3, #1
10005db0:	e7f4      	b.n	10005d9c <stdio_get_until+0x54>
10005db2:	2001      	movs	r0, #1
10005db4:	4240      	negs	r0, r0
10005db6:	b003      	add	sp, #12
10005db8:	bdf0      	pop	{r4, r5, r6, r7, pc}
10005dba:	46c0      	nop			; (mov r8, r8)
10005dbc:	20000ee8 	.word	0x20000ee8
10005dc0:	40054000 	.word	0x40054000
10005dc4:	20000ee0 	.word	0x20000ee0

10005dc8 <stdout_serialize_begin>:
10005dc8:	b510      	push	{r4, lr}
10005dca:	f7fc fef7 	bl	10002bbc <time_us_64>
10005dce:	0002      	movs	r2, r0
10005dd0:	1e0b      	subs	r3, r1, #0
10005dd2:	db0b      	blt.n	10005dec <stdout_serialize_begin+0x24>
10005dd4:	480d      	ldr	r0, [pc, #52]	; (10005e0c <stdout_serialize_begin+0x44>)
10005dd6:	2100      	movs	r1, #0
10005dd8:	1812      	adds	r2, r2, r0
10005dda:	414b      	adcs	r3, r1
10005ddc:	2b00      	cmp	r3, #0
10005dde:	db0b      	blt.n	10005df8 <stdout_serialize_begin+0x30>
10005de0:	2b00      	cmp	r3, #0
10005de2:	db0d      	blt.n	10005e00 <stdout_serialize_begin+0x38>
10005de4:	480a      	ldr	r0, [pc, #40]	; (10005e10 <stdout_serialize_begin+0x48>)
10005de6:	f003 f9a3 	bl	10009130 <__mutex_try_enter_block_until_veneer>
10005dea:	bd10      	pop	{r4, pc}
10005dec:	4b09      	ldr	r3, [pc, #36]	; (10005e14 <stdout_serialize_begin+0x4c>)
10005dee:	4a0a      	ldr	r2, [pc, #40]	; (10005e18 <stdout_serialize_begin+0x50>)
10005df0:	213f      	movs	r1, #63	; 0x3f
10005df2:	480a      	ldr	r0, [pc, #40]	; (10005e1c <stdout_serialize_begin+0x54>)
10005df4:	f7fd fcc8 	bl	10003788 <__assert_func>
10005df8:	2201      	movs	r2, #1
10005dfa:	4252      	negs	r2, r2
10005dfc:	4b08      	ldr	r3, [pc, #32]	; (10005e20 <stdout_serialize_begin+0x58>)
10005dfe:	e7ef      	b.n	10005de0 <stdout_serialize_begin+0x18>
10005e00:	4b04      	ldr	r3, [pc, #16]	; (10005e14 <stdout_serialize_begin+0x4c>)
10005e02:	4a05      	ldr	r2, [pc, #20]	; (10005e18 <stdout_serialize_begin+0x50>)
10005e04:	213f      	movs	r1, #63	; 0x3f
10005e06:	4805      	ldr	r0, [pc, #20]	; (10005e1c <stdout_serialize_begin+0x54>)
10005e08:	f7fd fcbe 	bl	10003788 <__assert_func>
10005e0c:	000f4240 	.word	0x000f4240
10005e10:	20000ca8 	.word	0x20000ca8
10005e14:	10009c98 	.word	0x10009c98
10005e18:	1000aa30 	.word	0x1000aa30
10005e1c:	10009cb4 	.word	0x10009cb4
10005e20:	7fffffff 	.word	0x7fffffff

10005e24 <stdout_serialize_end>:
10005e24:	b510      	push	{r4, lr}
10005e26:	4802      	ldr	r0, [pc, #8]	; (10005e30 <stdout_serialize_end+0xc>)
10005e28:	f003 f96a 	bl	10009100 <__mutex_exit_veneer>
10005e2c:	bd10      	pop	{r4, pc}
10005e2e:	46c0      	nop			; (mov r8, r8)
10005e30:	20000ca8 	.word	0x20000ca8

10005e34 <stdio_put_string>:
10005e34:	b5f0      	push	{r4, r5, r6, r7, lr}
10005e36:	46ce      	mov	lr, r9
10005e38:	4647      	mov	r7, r8
10005e3a:	b580      	push	{r7, lr}
10005e3c:	b083      	sub	sp, #12
10005e3e:	0006      	movs	r6, r0
10005e40:	000d      	movs	r5, r1
10005e42:	4690      	mov	r8, r2
10005e44:	001c      	movs	r4, r3
10005e46:	f7ff ffbf 	bl	10005dc8 <stdout_serialize_begin>
10005e4a:	4681      	mov	r9, r0
10005e4c:	1c6b      	adds	r3, r5, #1
10005e4e:	d005      	beq.n	10005e5c <stdio_put_string+0x28>
10005e50:	2c00      	cmp	r4, #0
10005e52:	d008      	beq.n	10005e66 <stdio_put_string+0x32>
10005e54:	4f19      	ldr	r7, [pc, #100]	; (10005ebc <stdio_put_string+0x88>)
10005e56:	4b1a      	ldr	r3, [pc, #104]	; (10005ec0 <stdio_put_string+0x8c>)
10005e58:	681c      	ldr	r4, [r3, #0]
10005e5a:	e007      	b.n	10005e6c <stdio_put_string+0x38>
10005e5c:	0030      	movs	r0, r6
10005e5e:	f000 fdd1 	bl	10006a04 <strlen>
10005e62:	0005      	movs	r5, r0
10005e64:	e7f4      	b.n	10005e50 <stdio_put_string+0x1c>
10005e66:	4f17      	ldr	r7, [pc, #92]	; (10005ec4 <stdio_put_string+0x90>)
10005e68:	e7f5      	b.n	10005e56 <stdio_put_string+0x22>
10005e6a:	6924      	ldr	r4, [r4, #16]
10005e6c:	2c00      	cmp	r4, #0
10005e6e:	d017      	beq.n	10005ea0 <stdio_put_string+0x6c>
10005e70:	6823      	ldr	r3, [r4, #0]
10005e72:	2b00      	cmp	r3, #0
10005e74:	d0f9      	beq.n	10005e6a <stdio_put_string+0x36>
10005e76:	4b14      	ldr	r3, [pc, #80]	; (10005ec8 <stdio_put_string+0x94>)
10005e78:	681b      	ldr	r3, [r3, #0]
10005e7a:	2b00      	cmp	r3, #0
10005e7c:	d001      	beq.n	10005e82 <stdio_put_string+0x4e>
10005e7e:	42a3      	cmp	r3, r4
10005e80:	d1f3      	bne.n	10005e6a <stdio_put_string+0x36>
10005e82:	002a      	movs	r2, r5
10005e84:	0031      	movs	r1, r6
10005e86:	0020      	movs	r0, r4
10005e88:	47b8      	blx	r7
10005e8a:	4643      	mov	r3, r8
10005e8c:	2b00      	cmp	r3, #0
10005e8e:	d0ec      	beq.n	10005e6a <stdio_put_string+0x36>
10005e90:	466b      	mov	r3, sp
10005e92:	1dd9      	adds	r1, r3, #7
10005e94:	230a      	movs	r3, #10
10005e96:	700b      	strb	r3, [r1, #0]
10005e98:	2201      	movs	r2, #1
10005e9a:	0020      	movs	r0, r4
10005e9c:	47b8      	blx	r7
10005e9e:	e7e4      	b.n	10005e6a <stdio_put_string+0x36>
10005ea0:	464b      	mov	r3, r9
10005ea2:	2b00      	cmp	r3, #0
10005ea4:	d107      	bne.n	10005eb6 <stdio_put_string+0x82>
10005ea6:	1e6b      	subs	r3, r5, #1
10005ea8:	419d      	sbcs	r5, r3
10005eaa:	b2e8      	uxtb	r0, r5
10005eac:	b003      	add	sp, #12
10005eae:	bcc0      	pop	{r6, r7}
10005eb0:	46b9      	mov	r9, r7
10005eb2:	46b0      	mov	r8, r6
10005eb4:	bdf0      	pop	{r4, r5, r6, r7, pc}
10005eb6:	f7ff ffb5 	bl	10005e24 <stdout_serialize_end>
10005eba:	e7f4      	b.n	10005ea6 <stdio_put_string+0x72>
10005ebc:	10005c55 	.word	0x10005c55
10005ec0:	20000ee0 	.word	0x20000ee0
10005ec4:	10005c65 	.word	0x10005c65
10005ec8:	20000ee8 	.word	0x20000ee8

10005ecc <__wrap_putchar>:
10005ecc:	b510      	push	{r4, lr}
10005ece:	b082      	sub	sp, #8
10005ed0:	0004      	movs	r4, r0
10005ed2:	466b      	mov	r3, sp
10005ed4:	1dd8      	adds	r0, r3, #7
10005ed6:	7004      	strb	r4, [r0, #0]
10005ed8:	2300      	movs	r3, #0
10005eda:	2200      	movs	r2, #0
10005edc:	2101      	movs	r1, #1
10005ede:	f7ff ffa9 	bl	10005e34 <stdio_put_string>
10005ee2:	0020      	movs	r0, r4
10005ee4:	b002      	add	sp, #8
10005ee6:	bd10      	pop	{r4, pc}

10005ee8 <stdio_set_driver_enabled>:
10005ee8:	4a09      	ldr	r2, [pc, #36]	; (10005f10 <stdio_set_driver_enabled+0x28>)
10005eea:	e001      	b.n	10005ef0 <stdio_set_driver_enabled+0x8>
10005eec:	3310      	adds	r3, #16
10005eee:	001a      	movs	r2, r3
10005ef0:	6813      	ldr	r3, [r2, #0]
10005ef2:	2b00      	cmp	r3, #0
10005ef4:	d008      	beq.n	10005f08 <stdio_set_driver_enabled+0x20>
10005ef6:	4283      	cmp	r3, r0
10005ef8:	d1f8      	bne.n	10005eec <stdio_set_driver_enabled+0x4>
10005efa:	2900      	cmp	r1, #0
10005efc:	d107      	bne.n	10005f0e <stdio_set_driver_enabled+0x26>
10005efe:	6903      	ldr	r3, [r0, #16]
10005f00:	6013      	str	r3, [r2, #0]
10005f02:	2300      	movs	r3, #0
10005f04:	6103      	str	r3, [r0, #16]
10005f06:	e002      	b.n	10005f0e <stdio_set_driver_enabled+0x26>
10005f08:	2900      	cmp	r1, #0
10005f0a:	d000      	beq.n	10005f0e <stdio_set_driver_enabled+0x26>
10005f0c:	6010      	str	r0, [r2, #0]
10005f0e:	4770      	bx	lr
10005f10:	20000ee0 	.word	0x20000ee0

10005f14 <stdio_flush>:
10005f14:	b510      	push	{r4, lr}
10005f16:	4b06      	ldr	r3, [pc, #24]	; (10005f30 <stdio_flush+0x1c>)
10005f18:	681c      	ldr	r4, [r3, #0]
10005f1a:	e001      	b.n	10005f20 <stdio_flush+0xc>
10005f1c:	4798      	blx	r3
10005f1e:	6924      	ldr	r4, [r4, #16]
10005f20:	2c00      	cmp	r4, #0
10005f22:	d003      	beq.n	10005f2c <stdio_flush+0x18>
10005f24:	6863      	ldr	r3, [r4, #4]
10005f26:	2b00      	cmp	r3, #0
10005f28:	d1f8      	bne.n	10005f1c <stdio_flush+0x8>
10005f2a:	e7f8      	b.n	10005f1e <stdio_flush+0xa>
10005f2c:	bd10      	pop	{r4, pc}
10005f2e:	46c0      	nop			; (mov r8, r8)
10005f30:	20000ee0 	.word	0x20000ee0

10005f34 <__wrap_puts>:
10005f34:	b570      	push	{r4, r5, r6, lr}
10005f36:	0005      	movs	r5, r0
10005f38:	f000 fd64 	bl	10006a04 <strlen>
10005f3c:	0004      	movs	r4, r0
10005f3e:	2300      	movs	r3, #0
10005f40:	2201      	movs	r2, #1
10005f42:	0001      	movs	r1, r0
10005f44:	0028      	movs	r0, r5
10005f46:	f7ff ff75 	bl	10005e34 <stdio_put_string>
10005f4a:	f7ff ffe3 	bl	10005f14 <stdio_flush>
10005f4e:	0020      	movs	r0, r4
10005f50:	bd70      	pop	{r4, r5, r6, pc}
	...

10005f54 <__wrap_vprintf>:
10005f54:	b570      	push	{r4, r5, r6, lr}
10005f56:	b0a2      	sub	sp, #136	; 0x88
10005f58:	0004      	movs	r4, r0
10005f5a:	000e      	movs	r6, r1
10005f5c:	f7ff ff34 	bl	10005dc8 <stdout_serialize_begin>
10005f60:	0005      	movs	r5, r0
10005f62:	2300      	movs	r3, #0
10005f64:	9301      	str	r3, [sp, #4]
10005f66:	0033      	movs	r3, r6
10005f68:	0022      	movs	r2, r4
10005f6a:	a901      	add	r1, sp, #4
10005f6c:	4808      	ldr	r0, [pc, #32]	; (10005f90 <__wrap_vprintf+0x3c>)
10005f6e:	f7fe fd65 	bl	10004a3c <vfctprintf>
10005f72:	0004      	movs	r4, r0
10005f74:	a801      	add	r0, sp, #4
10005f76:	f7ff feb5 	bl	10005ce4 <stdio_stack_buffer_flush>
10005f7a:	f7ff ffcb 	bl	10005f14 <stdio_flush>
10005f7e:	2d00      	cmp	r5, #0
10005f80:	d102      	bne.n	10005f88 <__wrap_vprintf+0x34>
10005f82:	0020      	movs	r0, r4
10005f84:	b022      	add	sp, #136	; 0x88
10005f86:	bd70      	pop	{r4, r5, r6, pc}
10005f88:	f7ff ff4c 	bl	10005e24 <stdout_serialize_end>
10005f8c:	e7f9      	b.n	10005f82 <__wrap_vprintf+0x2e>
10005f8e:	46c0      	nop			; (mov r8, r8)
10005f90:	10005d29 	.word	0x10005d29

10005f94 <__wrap_printf>:
10005f94:	b40f      	push	{r0, r1, r2, r3}
10005f96:	b500      	push	{lr}
10005f98:	b083      	sub	sp, #12
10005f9a:	a904      	add	r1, sp, #16
10005f9c:	c901      	ldmia	r1!, {r0}
10005f9e:	9101      	str	r1, [sp, #4]
10005fa0:	f7ff ffd8 	bl	10005f54 <__wrap_vprintf>
10005fa4:	b003      	add	sp, #12
10005fa6:	bc08      	pop	{r3}
10005fa8:	b004      	add	sp, #16
10005faa:	4718      	bx	r3

10005fac <stdio_init_all>:
10005fac:	b510      	push	{r4, lr}
10005fae:	f000 f939 	bl	10006224 <stdio_uart_init>
10005fb2:	2001      	movs	r0, #1
10005fb4:	bd10      	pop	{r4, pc}
	...

10005fb8 <getchar_timeout_us>:
10005fb8:	b530      	push	{r4, r5, lr}
10005fba:	b083      	sub	sp, #12
10005fbc:	0004      	movs	r4, r0
10005fbe:	2500      	movs	r5, #0
10005fc0:	f7fc fdfc 	bl	10002bbc <time_us_64>
10005fc4:	0002      	movs	r2, r0
10005fc6:	1e0b      	subs	r3, r1, #0
10005fc8:	db10      	blt.n	10005fec <getchar_timeout_us+0x34>
10005fca:	1912      	adds	r2, r2, r4
10005fcc:	416b      	adcs	r3, r5
10005fce:	2b00      	cmp	r3, #0
10005fd0:	db12      	blt.n	10005ff8 <getchar_timeout_us+0x40>
10005fd2:	2b00      	cmp	r3, #0
10005fd4:	db14      	blt.n	10006000 <getchar_timeout_us+0x48>
10005fd6:	2101      	movs	r1, #1
10005fd8:	a801      	add	r0, sp, #4
10005fda:	f7ff feb5 	bl	10005d48 <stdio_get_until>
10005fde:	2800      	cmp	r0, #0
10005fe0:	db02      	blt.n	10005fe8 <getchar_timeout_us+0x30>
10005fe2:	d013      	beq.n	1000600c <getchar_timeout_us+0x54>
10005fe4:	ab01      	add	r3, sp, #4
10005fe6:	7818      	ldrb	r0, [r3, #0]
10005fe8:	b003      	add	sp, #12
10005fea:	bd30      	pop	{r4, r5, pc}
10005fec:	4b0b      	ldr	r3, [pc, #44]	; (1000601c <getchar_timeout_us+0x64>)
10005fee:	4a0c      	ldr	r2, [pc, #48]	; (10006020 <getchar_timeout_us+0x68>)
10005ff0:	213f      	movs	r1, #63	; 0x3f
10005ff2:	480c      	ldr	r0, [pc, #48]	; (10006024 <getchar_timeout_us+0x6c>)
10005ff4:	f7fd fbc8 	bl	10003788 <__assert_func>
10005ff8:	2201      	movs	r2, #1
10005ffa:	4252      	negs	r2, r2
10005ffc:	4b0a      	ldr	r3, [pc, #40]	; (10006028 <getchar_timeout_us+0x70>)
10005ffe:	e7e8      	b.n	10005fd2 <getchar_timeout_us+0x1a>
10006000:	4b06      	ldr	r3, [pc, #24]	; (1000601c <getchar_timeout_us+0x64>)
10006002:	4a07      	ldr	r2, [pc, #28]	; (10006020 <getchar_timeout_us+0x68>)
10006004:	213f      	movs	r1, #63	; 0x3f
10006006:	4807      	ldr	r0, [pc, #28]	; (10006024 <getchar_timeout_us+0x6c>)
10006008:	f7fd fbbe 	bl	10003788 <__assert_func>
1000600c:	219e      	movs	r1, #158	; 0x9e
1000600e:	4b07      	ldr	r3, [pc, #28]	; (1000602c <getchar_timeout_us+0x74>)
10006010:	4a07      	ldr	r2, [pc, #28]	; (10006030 <getchar_timeout_us+0x78>)
10006012:	0049      	lsls	r1, r1, #1
10006014:	4807      	ldr	r0, [pc, #28]	; (10006034 <getchar_timeout_us+0x7c>)
10006016:	f7fd fbb7 	bl	10003788 <__assert_func>
1000601a:	46c0      	nop			; (mov r8, r8)
1000601c:	10009c98 	.word	0x10009c98
10006020:	1000aa30 	.word	0x1000aa30
10006024:	10009cb4 	.word	0x10009cb4
10006028:	7fffffff 	.word	0x7fffffff
1000602c:	10009878 	.word	0x10009878
10006030:	1000aa1c 	.word	0x1000aa1c
10006034:	1000a9c0 	.word	0x1000a9c0

10006038 <stdio_uart_out_chars>:
10006038:	b5f0      	push	{r4, r5, r6, r7, lr}
1000603a:	b083      	sub	sp, #12
1000603c:	0005      	movs	r5, r0
1000603e:	000e      	movs	r6, r1
10006040:	2400      	movs	r4, #0
10006042:	e00f      	b.n	10006064 <stdio_uart_out_chars+0x2c>
10006044:	466b      	mov	r3, sp
10006046:	1dd9      	adds	r1, r3, #7
10006048:	230d      	movs	r3, #13
1000604a:	700b      	strb	r3, [r1, #0]
1000604c:	2000      	movs	r0, #0
1000604e:	2800      	cmp	r0, #0
10006050:	d116      	bne.n	10006080 <stdio_uart_out_chars+0x48>
10006052:	6993      	ldr	r3, [r2, #24]
10006054:	069b      	lsls	r3, r3, #26
10006056:	d4fc      	bmi.n	10006052 <stdio_uart_out_chars+0x1a>
10006058:	780b      	ldrb	r3, [r1, #0]
1000605a:	6013      	str	r3, [r2, #0]
1000605c:	3001      	adds	r0, #1
1000605e:	3101      	adds	r1, #1
10006060:	e7f5      	b.n	1000604e <stdio_uart_out_chars+0x16>
10006062:	3401      	adds	r4, #1
10006064:	42b4      	cmp	r4, r6
10006066:	da19      	bge.n	1000609c <stdio_uart_out_chars+0x64>
10006068:	4b0d      	ldr	r3, [pc, #52]	; (100060a0 <stdio_uart_out_chars+0x68>)
1000606a:	681a      	ldr	r2, [r3, #0]
1000606c:	5d2f      	ldrb	r7, [r5, r4]
1000606e:	4b0d      	ldr	r3, [pc, #52]	; (100060a4 <stdio_uart_out_chars+0x6c>)
10006070:	18d3      	adds	r3, r2, r3
10006072:	4259      	negs	r1, r3
10006074:	414b      	adcs	r3, r1
10006076:	005b      	lsls	r3, r3, #1
10006078:	490b      	ldr	r1, [pc, #44]	; (100060a8 <stdio_uart_out_chars+0x70>)
1000607a:	5e5b      	ldrsh	r3, [r3, r1]
1000607c:	42bb      	cmp	r3, r7
1000607e:	d0e1      	beq.n	10006044 <stdio_uart_out_chars+0xc>
10006080:	466b      	mov	r3, sp
10006082:	1dd9      	adds	r1, r3, #7
10006084:	700f      	strb	r7, [r1, #0]
10006086:	2000      	movs	r0, #0
10006088:	2800      	cmp	r0, #0
1000608a:	d1ea      	bne.n	10006062 <stdio_uart_out_chars+0x2a>
1000608c:	6993      	ldr	r3, [r2, #24]
1000608e:	069b      	lsls	r3, r3, #26
10006090:	d4fc      	bmi.n	1000608c <stdio_uart_out_chars+0x54>
10006092:	780b      	ldrb	r3, [r1, #0]
10006094:	6013      	str	r3, [r2, #0]
10006096:	3001      	adds	r0, #1
10006098:	3101      	adds	r1, #1
1000609a:	e7f5      	b.n	10006088 <stdio_uart_out_chars+0x50>
1000609c:	b003      	add	sp, #12
1000609e:	bdf0      	pop	{r4, r5, r6, r7, pc}
100060a0:	20001134 	.word	0x20001134
100060a4:	bffc8000 	.word	0xbffc8000
100060a8:	20001130 	.word	0x20001130

100060ac <stdio_uart_in_chars>:
100060ac:	b5f0      	push	{r4, r5, r6, r7, lr}
100060ae:	b083      	sub	sp, #12
100060b0:	0006      	movs	r6, r0
100060b2:	000f      	movs	r7, r1
100060b4:	2500      	movs	r5, #0
100060b6:	e004      	b.n	100060c2 <stdio_uart_in_chars+0x16>
100060b8:	466b      	mov	r3, sp
100060ba:	3307      	adds	r3, #7
100060bc:	781b      	ldrb	r3, [r3, #0]
100060be:	702b      	strb	r3, [r5, #0]
100060c0:	0025      	movs	r5, r4
100060c2:	42bd      	cmp	r5, r7
100060c4:	da15      	bge.n	100060f2 <stdio_uart_in_chars+0x46>
100060c6:	4b17      	ldr	r3, [pc, #92]	; (10006124 <stdio_uart_in_chars+0x78>)
100060c8:	681a      	ldr	r2, [r3, #0]
100060ca:	6993      	ldr	r3, [r2, #24]
100060cc:	2410      	movs	r4, #16
100060ce:	0021      	movs	r1, r4
100060d0:	4019      	ands	r1, r3
100060d2:	421c      	tst	r4, r3
100060d4:	d10d      	bne.n	100060f2 <stdio_uart_in_chars+0x46>
100060d6:	1c6c      	adds	r4, r5, #1
100060d8:	1975      	adds	r5, r6, r5
100060da:	466b      	mov	r3, sp
100060dc:	1dd8      	adds	r0, r3, #7
100060de:	2900      	cmp	r1, #0
100060e0:	d1ea      	bne.n	100060b8 <stdio_uart_in_chars+0xc>
100060e2:	6993      	ldr	r3, [r2, #24]
100060e4:	06db      	lsls	r3, r3, #27
100060e6:	d4fc      	bmi.n	100060e2 <stdio_uart_in_chars+0x36>
100060e8:	6813      	ldr	r3, [r2, #0]
100060ea:	7003      	strb	r3, [r0, #0]
100060ec:	3101      	adds	r1, #1
100060ee:	3001      	adds	r0, #1
100060f0:	e7f5      	b.n	100060de <stdio_uart_in_chars+0x32>
100060f2:	4b0d      	ldr	r3, [pc, #52]	; (10006128 <stdio_uart_in_chars+0x7c>)
100060f4:	681b      	ldr	r3, [r3, #0]
100060f6:	2b00      	cmp	r3, #0
100060f8:	d00c      	beq.n	10006114 <stdio_uart_in_chars+0x68>
100060fa:	4b0a      	ldr	r3, [pc, #40]	; (10006124 <stdio_uart_in_chars+0x78>)
100060fc:	681a      	ldr	r2, [r3, #0]
100060fe:	2350      	movs	r3, #80	; 0x50
10006100:	6393      	str	r3, [r2, #56]	; 0x38
10006102:	0011      	movs	r1, r2
10006104:	3134      	adds	r1, #52	; 0x34
10006106:	6b53      	ldr	r3, [r2, #52]	; 0x34
10006108:	2238      	movs	r2, #56	; 0x38
1000610a:	401a      	ands	r2, r3
1000610c:	2380      	movs	r3, #128	; 0x80
1000610e:	015b      	lsls	r3, r3, #5
10006110:	430b      	orrs	r3, r1
10006112:	601a      	str	r2, [r3, #0]
10006114:	2d00      	cmp	r5, #0
10006116:	d002      	beq.n	1000611e <stdio_uart_in_chars+0x72>
10006118:	0028      	movs	r0, r5
1000611a:	b003      	add	sp, #12
1000611c:	bdf0      	pop	{r4, r5, r6, r7, pc}
1000611e:	3d03      	subs	r5, #3
10006120:	e7fa      	b.n	10006118 <stdio_uart_in_chars+0x6c>
10006122:	46c0      	nop			; (mov r8, r8)
10006124:	20001134 	.word	0x20001134
10006128:	20000e2c 	.word	0x20000e2c

1000612c <on_uart_rx>:
1000612c:	b510      	push	{r4, lr}
1000612e:	4b06      	ldr	r3, [pc, #24]	; (10006148 <on_uart_rx+0x1c>)
10006130:	681b      	ldr	r3, [r3, #0]
10006132:	2b00      	cmp	r3, #0
10006134:	d006      	beq.n	10006144 <on_uart_rx+0x18>
10006136:	4a05      	ldr	r2, [pc, #20]	; (1000614c <on_uart_rx+0x20>)
10006138:	6812      	ldr	r2, [r2, #0]
1000613a:	2100      	movs	r1, #0
1000613c:	6391      	str	r1, [r2, #56]	; 0x38
1000613e:	4a04      	ldr	r2, [pc, #16]	; (10006150 <on_uart_rx+0x24>)
10006140:	6810      	ldr	r0, [r2, #0]
10006142:	4798      	blx	r3
10006144:	bd10      	pop	{r4, pc}
10006146:	46c0      	nop			; (mov r8, r8)
10006148:	20000e2c 	.word	0x20000e2c
1000614c:	20001134 	.word	0x20001134
10006150:	20000e30 	.word	0x20000e30

10006154 <stdio_uart_set_chars_available_callback>:
10006154:	b570      	push	{r4, r5, r6, lr}
10006156:	0004      	movs	r4, r0
10006158:	000e      	movs	r6, r1
1000615a:	4b1c      	ldr	r3, [pc, #112]	; (100061cc <stdio_uart_set_chars_available_callback+0x78>)
1000615c:	681b      	ldr	r3, [r3, #0]
1000615e:	4a1c      	ldr	r2, [pc, #112]	; (100061d0 <stdio_uart_set_chars_available_callback+0x7c>)
10006160:	1898      	adds	r0, r3, r2
10006162:	4242      	negs	r2, r0
10006164:	4150      	adcs	r0, r2
10006166:	3014      	adds	r0, #20
10006168:	0005      	movs	r5, r0
1000616a:	2c00      	cmp	r4, #0
1000616c:	d003      	beq.n	10006176 <stdio_uart_set_chars_available_callback+0x22>
1000616e:	4a19      	ldr	r2, [pc, #100]	; (100061d4 <stdio_uart_set_chars_available_callback+0x80>)
10006170:	6812      	ldr	r2, [r2, #0]
10006172:	2a00      	cmp	r2, #0
10006174:	d006      	beq.n	10006184 <stdio_uart_set_chars_available_callback+0x30>
10006176:	2c00      	cmp	r4, #0
10006178:	d019      	beq.n	100061ae <stdio_uart_set_chars_available_callback+0x5a>
1000617a:	4b16      	ldr	r3, [pc, #88]	; (100061d4 <stdio_uart_set_chars_available_callback+0x80>)
1000617c:	601c      	str	r4, [r3, #0]
1000617e:	4b16      	ldr	r3, [pc, #88]	; (100061d8 <stdio_uart_set_chars_available_callback+0x84>)
10006180:	601e      	str	r6, [r3, #0]
10006182:	bd70      	pop	{r4, r5, r6, pc}
10006184:	4915      	ldr	r1, [pc, #84]	; (100061dc <stdio_uart_set_chars_available_callback+0x88>)
10006186:	f7fb fd6b 	bl	10001c60 <irq_set_exclusive_handler>
1000618a:	2101      	movs	r1, #1
1000618c:	0028      	movs	r0, r5
1000618e:	f7fb fd57 	bl	10001c40 <irq_set_enabled>
10006192:	4b0e      	ldr	r3, [pc, #56]	; (100061cc <stdio_uart_set_chars_available_callback+0x78>)
10006194:	681a      	ldr	r2, [r3, #0]
10006196:	2350      	movs	r3, #80	; 0x50
10006198:	6393      	str	r3, [r2, #56]	; 0x38
1000619a:	0011      	movs	r1, r2
1000619c:	3134      	adds	r1, #52	; 0x34
1000619e:	6b53      	ldr	r3, [r2, #52]	; 0x34
100061a0:	2238      	movs	r2, #56	; 0x38
100061a2:	401a      	ands	r2, r3
100061a4:	2380      	movs	r3, #128	; 0x80
100061a6:	015b      	lsls	r3, r3, #5
100061a8:	430b      	orrs	r3, r1
100061aa:	601a      	str	r2, [r3, #0]
100061ac:	e7e5      	b.n	1000617a <stdio_uart_set_chars_available_callback+0x26>
100061ae:	4a09      	ldr	r2, [pc, #36]	; (100061d4 <stdio_uart_set_chars_available_callback+0x80>)
100061b0:	6812      	ldr	r2, [r2, #0]
100061b2:	2a00      	cmp	r2, #0
100061b4:	d0e1      	beq.n	1000617a <stdio_uart_set_chars_available_callback+0x26>
100061b6:	2200      	movs	r2, #0
100061b8:	639a      	str	r2, [r3, #56]	; 0x38
100061ba:	2100      	movs	r1, #0
100061bc:	0028      	movs	r0, r5
100061be:	f7fb fd3f 	bl	10001c40 <irq_set_enabled>
100061c2:	4906      	ldr	r1, [pc, #24]	; (100061dc <stdio_uart_set_chars_available_callback+0x88>)
100061c4:	0028      	movs	r0, r5
100061c6:	f7fb fd75 	bl	10001cb4 <irq_remove_handler>
100061ca:	e7d6      	b.n	1000617a <stdio_uart_set_chars_available_callback+0x26>
100061cc:	20001134 	.word	0x20001134
100061d0:	bffc8000 	.word	0xbffc8000
100061d4:	20000e2c 	.word	0x20000e2c
100061d8:	20000e30 	.word	0x20000e30
100061dc:	1000612d 	.word	0x1000612d

100061e0 <stdio_uart_init_full>:
100061e0:	b570      	push	{r4, r5, r6, lr}
100061e2:	000d      	movs	r5, r1
100061e4:	001c      	movs	r4, r3
100061e6:	4b0d      	ldr	r3, [pc, #52]	; (1000621c <stdio_uart_init_full+0x3c>)
100061e8:	6018      	str	r0, [r3, #0]
100061ea:	2a00      	cmp	r2, #0
100061ec:	da0b      	bge.n	10006206 <stdio_uart_init_full+0x26>
100061ee:	2c00      	cmp	r4, #0
100061f0:	da0e      	bge.n	10006210 <stdio_uart_init_full+0x30>
100061f2:	4b0a      	ldr	r3, [pc, #40]	; (1000621c <stdio_uart_init_full+0x3c>)
100061f4:	6818      	ldr	r0, [r3, #0]
100061f6:	0029      	movs	r1, r5
100061f8:	f7fd f8ae 	bl	10003358 <uart_init>
100061fc:	2101      	movs	r1, #1
100061fe:	4808      	ldr	r0, [pc, #32]	; (10006220 <stdio_uart_init_full+0x40>)
10006200:	f7ff fe72 	bl	10005ee8 <stdio_set_driver_enabled>
10006204:	bd70      	pop	{r4, r5, r6, pc}
10006206:	2102      	movs	r1, #2
10006208:	0010      	movs	r0, r2
1000620a:	f7fb fc0f 	bl	10001a2c <gpio_set_function>
1000620e:	e7ee      	b.n	100061ee <stdio_uart_init_full+0xe>
10006210:	2102      	movs	r1, #2
10006212:	0020      	movs	r0, r4
10006214:	f7fb fc0a 	bl	10001a2c <gpio_set_function>
10006218:	e7eb      	b.n	100061f2 <stdio_uart_init_full+0x12>
1000621a:	46c0      	nop			; (mov r8, r8)
1000621c:	20001134 	.word	0x20001134
10006220:	200002e0 	.word	0x200002e0

10006224 <stdio_uart_init>:
10006224:	b510      	push	{r4, lr}
10006226:	4b06      	ldr	r3, [pc, #24]	; (10006240 <stdio_uart_init+0x1c>)
10006228:	781b      	ldrb	r3, [r3, #0]
1000622a:	4b06      	ldr	r3, [pc, #24]	; (10006244 <stdio_uart_init+0x20>)
1000622c:	781b      	ldrb	r3, [r3, #0]
1000622e:	21e1      	movs	r1, #225	; 0xe1
10006230:	2301      	movs	r3, #1
10006232:	2200      	movs	r2, #0
10006234:	0249      	lsls	r1, r1, #9
10006236:	4804      	ldr	r0, [pc, #16]	; (10006248 <stdio_uart_init+0x24>)
10006238:	f7ff ffd2 	bl	100061e0 <stdio_uart_init_full>
1000623c:	bd10      	pop	{r4, pc}
1000623e:	46c0      	nop			; (mov r8, r8)
10006240:	1000b010 	.word	0x1000b010
10006244:	1000b014 	.word	0x1000b014
10006248:	40034000 	.word	0x40034000

1000624c <_calloc_r>:
1000624c:	b570      	push	{r4, r5, r6, lr}
1000624e:	0c0b      	lsrs	r3, r1, #16
10006250:	2400      	movs	r4, #0
10006252:	0c15      	lsrs	r5, r2, #16
10006254:	2b00      	cmp	r3, #0
10006256:	d128      	bne.n	100062aa <_calloc_r+0x5e>
10006258:	2d00      	cmp	r5, #0
1000625a:	d137      	bne.n	100062cc <_calloc_r+0x80>
1000625c:	b28b      	uxth	r3, r1
1000625e:	b291      	uxth	r1, r2
10006260:	4359      	muls	r1, r3
10006262:	f000 f847 	bl	100062f4 <_malloc_r>
10006266:	1e05      	subs	r5, r0, #0
10006268:	d019      	beq.n	1000629e <_calloc_r+0x52>
1000626a:	0003      	movs	r3, r0
1000626c:	3b08      	subs	r3, #8
1000626e:	685a      	ldr	r2, [r3, #4]
10006270:	2303      	movs	r3, #3
10006272:	439a      	bics	r2, r3
10006274:	3a04      	subs	r2, #4
10006276:	2a24      	cmp	r2, #36	; 0x24
10006278:	d813      	bhi.n	100062a2 <_calloc_r+0x56>
1000627a:	0003      	movs	r3, r0
1000627c:	2a13      	cmp	r2, #19
1000627e:	d90a      	bls.n	10006296 <_calloc_r+0x4a>
10006280:	6004      	str	r4, [r0, #0]
10006282:	6044      	str	r4, [r0, #4]
10006284:	3308      	adds	r3, #8
10006286:	2a1b      	cmp	r2, #27
10006288:	d905      	bls.n	10006296 <_calloc_r+0x4a>
1000628a:	6084      	str	r4, [r0, #8]
1000628c:	60c4      	str	r4, [r0, #12]
1000628e:	2a24      	cmp	r2, #36	; 0x24
10006290:	d025      	beq.n	100062de <_calloc_r+0x92>
10006292:	0003      	movs	r3, r0
10006294:	3310      	adds	r3, #16
10006296:	2200      	movs	r2, #0
10006298:	601a      	str	r2, [r3, #0]
1000629a:	605a      	str	r2, [r3, #4]
1000629c:	609a      	str	r2, [r3, #8]
1000629e:	0028      	movs	r0, r5
100062a0:	bd70      	pop	{r4, r5, r6, pc}
100062a2:	2100      	movs	r1, #0
100062a4:	f7ff fcca 	bl	10005c3c <__wrap_memset>
100062a8:	e7f9      	b.n	1000629e <_calloc_r+0x52>
100062aa:	2d00      	cmp	r5, #0
100062ac:	d111      	bne.n	100062d2 <_calloc_r+0x86>
100062ae:	1c15      	adds	r5, r2, #0
100062b0:	b289      	uxth	r1, r1
100062b2:	b292      	uxth	r2, r2
100062b4:	434a      	muls	r2, r1
100062b6:	b2ad      	uxth	r5, r5
100062b8:	b29b      	uxth	r3, r3
100062ba:	436b      	muls	r3, r5
100062bc:	0c11      	lsrs	r1, r2, #16
100062be:	185b      	adds	r3, r3, r1
100062c0:	0c19      	lsrs	r1, r3, #16
100062c2:	d106      	bne.n	100062d2 <_calloc_r+0x86>
100062c4:	0419      	lsls	r1, r3, #16
100062c6:	b292      	uxth	r2, r2
100062c8:	4311      	orrs	r1, r2
100062ca:	e7ca      	b.n	10006262 <_calloc_r+0x16>
100062cc:	1c2b      	adds	r3, r5, #0
100062ce:	1c0d      	adds	r5, r1, #0
100062d0:	e7ee      	b.n	100062b0 <_calloc_r+0x64>
100062d2:	f000 f809 	bl	100062e8 <__errno>
100062d6:	230c      	movs	r3, #12
100062d8:	2500      	movs	r5, #0
100062da:	6003      	str	r3, [r0, #0]
100062dc:	e7df      	b.n	1000629e <_calloc_r+0x52>
100062de:	0003      	movs	r3, r0
100062e0:	6104      	str	r4, [r0, #16]
100062e2:	3318      	adds	r3, #24
100062e4:	6144      	str	r4, [r0, #20]
100062e6:	e7d6      	b.n	10006296 <_calloc_r+0x4a>

100062e8 <__errno>:
100062e8:	4b01      	ldr	r3, [pc, #4]	; (100062f0 <__errno+0x8>)
100062ea:	6818      	ldr	r0, [r3, #0]
100062ec:	4770      	bx	lr
100062ee:	46c0      	nop			; (mov r8, r8)
100062f0:	200002f8 	.word	0x200002f8

100062f4 <_malloc_r>:
100062f4:	b5f0      	push	{r4, r5, r6, r7, lr}
100062f6:	464e      	mov	r6, r9
100062f8:	4645      	mov	r5, r8
100062fa:	46de      	mov	lr, fp
100062fc:	4657      	mov	r7, sl
100062fe:	b5e0      	push	{r5, r6, r7, lr}
10006300:	000d      	movs	r5, r1
10006302:	350b      	adds	r5, #11
10006304:	0006      	movs	r6, r0
10006306:	b083      	sub	sp, #12
10006308:	2d16      	cmp	r5, #22
1000630a:	d822      	bhi.n	10006352 <_malloc_r+0x5e>
1000630c:	2910      	cmp	r1, #16
1000630e:	d900      	bls.n	10006312 <_malloc_r+0x1e>
10006310:	e0b2      	b.n	10006478 <_malloc_r+0x184>
10006312:	f000 fab1 	bl	10006878 <__malloc_lock>
10006316:	2510      	movs	r5, #16
10006318:	2318      	movs	r3, #24
1000631a:	2002      	movs	r0, #2
1000631c:	4fcc      	ldr	r7, [pc, #816]	; (10006650 <_malloc_r+0x35c>)
1000631e:	18fb      	adds	r3, r7, r3
10006320:	001a      	movs	r2, r3
10006322:	685c      	ldr	r4, [r3, #4]
10006324:	3a08      	subs	r2, #8
10006326:	4294      	cmp	r4, r2
10006328:	d100      	bne.n	1000632c <_malloc_r+0x38>
1000632a:	e0b5      	b.n	10006498 <_malloc_r+0x1a4>
1000632c:	2303      	movs	r3, #3
1000632e:	6862      	ldr	r2, [r4, #4]
10006330:	439a      	bics	r2, r3
10006332:	0013      	movs	r3, r2
10006334:	68e2      	ldr	r2, [r4, #12]
10006336:	68a1      	ldr	r1, [r4, #8]
10006338:	60ca      	str	r2, [r1, #12]
1000633a:	6091      	str	r1, [r2, #8]
1000633c:	2201      	movs	r2, #1
1000633e:	18e3      	adds	r3, r4, r3
10006340:	6859      	ldr	r1, [r3, #4]
10006342:	0030      	movs	r0, r6
10006344:	430a      	orrs	r2, r1
10006346:	605a      	str	r2, [r3, #4]
10006348:	f000 fa9e 	bl	10006888 <__malloc_unlock>
1000634c:	0020      	movs	r0, r4
1000634e:	3008      	adds	r0, #8
10006350:	e095      	b.n	1000647e <_malloc_r+0x18a>
10006352:	2307      	movs	r3, #7
10006354:	439d      	bics	r5, r3
10006356:	d500      	bpl.n	1000635a <_malloc_r+0x66>
10006358:	e08e      	b.n	10006478 <_malloc_r+0x184>
1000635a:	42a9      	cmp	r1, r5
1000635c:	d900      	bls.n	10006360 <_malloc_r+0x6c>
1000635e:	e08b      	b.n	10006478 <_malloc_r+0x184>
10006360:	f000 fa8a 	bl	10006878 <__malloc_lock>
10006364:	23fc      	movs	r3, #252	; 0xfc
10006366:	005b      	lsls	r3, r3, #1
10006368:	429d      	cmp	r5, r3
1000636a:	d200      	bcs.n	1000636e <_malloc_r+0x7a>
1000636c:	e1a7      	b.n	100066be <_malloc_r+0x3ca>
1000636e:	0a68      	lsrs	r0, r5, #9
10006370:	d100      	bne.n	10006374 <_malloc_r+0x80>
10006372:	e08b      	b.n	1000648c <_malloc_r+0x198>
10006374:	2804      	cmp	r0, #4
10006376:	d900      	bls.n	1000637a <_malloc_r+0x86>
10006378:	e17a      	b.n	10006670 <_malloc_r+0x37c>
1000637a:	2338      	movs	r3, #56	; 0x38
1000637c:	4698      	mov	r8, r3
1000637e:	09a8      	lsrs	r0, r5, #6
10006380:	4480      	add	r8, r0
10006382:	3039      	adds	r0, #57	; 0x39
10006384:	00c1      	lsls	r1, r0, #3
10006386:	4fb2      	ldr	r7, [pc, #712]	; (10006650 <_malloc_r+0x35c>)
10006388:	1879      	adds	r1, r7, r1
1000638a:	684c      	ldr	r4, [r1, #4]
1000638c:	3908      	subs	r1, #8
1000638e:	42a1      	cmp	r1, r4
10006390:	d00e      	beq.n	100063b0 <_malloc_r+0xbc>
10006392:	2303      	movs	r3, #3
10006394:	469c      	mov	ip, r3
10006396:	e004      	b.n	100063a2 <_malloc_r+0xae>
10006398:	2a00      	cmp	r2, #0
1000639a:	dacb      	bge.n	10006334 <_malloc_r+0x40>
1000639c:	68e4      	ldr	r4, [r4, #12]
1000639e:	42a1      	cmp	r1, r4
100063a0:	d006      	beq.n	100063b0 <_malloc_r+0xbc>
100063a2:	4662      	mov	r2, ip
100063a4:	6863      	ldr	r3, [r4, #4]
100063a6:	4393      	bics	r3, r2
100063a8:	1b5a      	subs	r2, r3, r5
100063aa:	2a0f      	cmp	r2, #15
100063ac:	ddf4      	ble.n	10006398 <_malloc_r+0xa4>
100063ae:	4640      	mov	r0, r8
100063b0:	003a      	movs	r2, r7
100063b2:	693c      	ldr	r4, [r7, #16]
100063b4:	3208      	adds	r2, #8
100063b6:	4294      	cmp	r4, r2
100063b8:	d100      	bne.n	100063bc <_malloc_r+0xc8>
100063ba:	e078      	b.n	100064ae <_malloc_r+0x1ba>
100063bc:	2303      	movs	r3, #3
100063be:	6861      	ldr	r1, [r4, #4]
100063c0:	4399      	bics	r1, r3
100063c2:	4689      	mov	r9, r1
100063c4:	000b      	movs	r3, r1
100063c6:	1b49      	subs	r1, r1, r5
100063c8:	290f      	cmp	r1, #15
100063ca:	dd00      	ble.n	100063ce <_malloc_r+0xda>
100063cc:	e17b      	b.n	100066c6 <_malloc_r+0x3d2>
100063ce:	617a      	str	r2, [r7, #20]
100063d0:	613a      	str	r2, [r7, #16]
100063d2:	2900      	cmp	r1, #0
100063d4:	dab2      	bge.n	1000633c <_malloc_r+0x48>
100063d6:	2280      	movs	r2, #128	; 0x80
100063d8:	0092      	lsls	r2, r2, #2
100063da:	4591      	cmp	r9, r2
100063dc:	d300      	bcc.n	100063e0 <_malloc_r+0xec>
100063de:	e10f      	b.n	10006600 <_malloc_r+0x30c>
100063e0:	0959      	lsrs	r1, r3, #5
100063e2:	08da      	lsrs	r2, r3, #3
100063e4:	2301      	movs	r3, #1
100063e6:	408b      	lsls	r3, r1
100063e8:	00d2      	lsls	r2, r2, #3
100063ea:	6879      	ldr	r1, [r7, #4]
100063ec:	19d2      	adds	r2, r2, r7
100063ee:	430b      	orrs	r3, r1
100063f0:	6891      	ldr	r1, [r2, #8]
100063f2:	607b      	str	r3, [r7, #4]
100063f4:	60e2      	str	r2, [r4, #12]
100063f6:	60a1      	str	r1, [r4, #8]
100063f8:	6094      	str	r4, [r2, #8]
100063fa:	60cc      	str	r4, [r1, #12]
100063fc:	2101      	movs	r1, #1
100063fe:	1082      	asrs	r2, r0, #2
10006400:	4091      	lsls	r1, r2
10006402:	4299      	cmp	r1, r3
10006404:	d859      	bhi.n	100064ba <_malloc_r+0x1c6>
10006406:	420b      	tst	r3, r1
10006408:	d105      	bne.n	10006416 <_malloc_r+0x122>
1000640a:	2203      	movs	r2, #3
1000640c:	4390      	bics	r0, r2
1000640e:	0049      	lsls	r1, r1, #1
10006410:	3004      	adds	r0, #4
10006412:	420b      	tst	r3, r1
10006414:	d0fb      	beq.n	1000640e <_malloc_r+0x11a>
10006416:	2303      	movs	r3, #3
10006418:	4698      	mov	r8, r3
1000641a:	00c3      	lsls	r3, r0, #3
1000641c:	4699      	mov	r9, r3
1000641e:	44b9      	add	r9, r7
10006420:	46cc      	mov	ip, r9
10006422:	4682      	mov	sl, r0
10006424:	4663      	mov	r3, ip
10006426:	68dc      	ldr	r4, [r3, #12]
10006428:	45a4      	cmp	ip, r4
1000642a:	d107      	bne.n	1000643c <_malloc_r+0x148>
1000642c:	e12c      	b.n	10006688 <_malloc_r+0x394>
1000642e:	2a00      	cmp	r2, #0
10006430:	db00      	blt.n	10006434 <_malloc_r+0x140>
10006432:	e135      	b.n	100066a0 <_malloc_r+0x3ac>
10006434:	68e4      	ldr	r4, [r4, #12]
10006436:	45a4      	cmp	ip, r4
10006438:	d100      	bne.n	1000643c <_malloc_r+0x148>
1000643a:	e125      	b.n	10006688 <_malloc_r+0x394>
1000643c:	4642      	mov	r2, r8
1000643e:	6863      	ldr	r3, [r4, #4]
10006440:	4393      	bics	r3, r2
10006442:	1b5a      	subs	r2, r3, r5
10006444:	2a0f      	cmp	r2, #15
10006446:	ddf2      	ble.n	1000642e <_malloc_r+0x13a>
10006448:	2001      	movs	r0, #1
1000644a:	4680      	mov	r8, r0
1000644c:	1961      	adds	r1, r4, r5
1000644e:	4305      	orrs	r5, r0
10006450:	6065      	str	r5, [r4, #4]
10006452:	68a0      	ldr	r0, [r4, #8]
10006454:	68e5      	ldr	r5, [r4, #12]
10006456:	3708      	adds	r7, #8
10006458:	60c5      	str	r5, [r0, #12]
1000645a:	60a8      	str	r0, [r5, #8]
1000645c:	4640      	mov	r0, r8
1000645e:	4310      	orrs	r0, r2
10006460:	60f9      	str	r1, [r7, #12]
10006462:	60b9      	str	r1, [r7, #8]
10006464:	6048      	str	r0, [r1, #4]
10006466:	60cf      	str	r7, [r1, #12]
10006468:	0030      	movs	r0, r6
1000646a:	608f      	str	r7, [r1, #8]
1000646c:	50e2      	str	r2, [r4, r3]
1000646e:	f000 fa0b 	bl	10006888 <__malloc_unlock>
10006472:	0020      	movs	r0, r4
10006474:	3008      	adds	r0, #8
10006476:	e002      	b.n	1000647e <_malloc_r+0x18a>
10006478:	230c      	movs	r3, #12
1000647a:	2000      	movs	r0, #0
1000647c:	6033      	str	r3, [r6, #0]
1000647e:	b003      	add	sp, #12
10006480:	bcf0      	pop	{r4, r5, r6, r7}
10006482:	46bb      	mov	fp, r7
10006484:	46b2      	mov	sl, r6
10006486:	46a9      	mov	r9, r5
10006488:	46a0      	mov	r8, r4
1000648a:	bdf0      	pop	{r4, r5, r6, r7, pc}
1000648c:	2180      	movs	r1, #128	; 0x80
1000648e:	233f      	movs	r3, #63	; 0x3f
10006490:	2040      	movs	r0, #64	; 0x40
10006492:	4698      	mov	r8, r3
10006494:	0089      	lsls	r1, r1, #2
10006496:	e776      	b.n	10006386 <_malloc_r+0x92>
10006498:	68dc      	ldr	r4, [r3, #12]
1000649a:	3002      	adds	r0, #2
1000649c:	42a3      	cmp	r3, r4
1000649e:	d000      	beq.n	100064a2 <_malloc_r+0x1ae>
100064a0:	e744      	b.n	1000632c <_malloc_r+0x38>
100064a2:	003a      	movs	r2, r7
100064a4:	693c      	ldr	r4, [r7, #16]
100064a6:	3208      	adds	r2, #8
100064a8:	4294      	cmp	r4, r2
100064aa:	d000      	beq.n	100064ae <_malloc_r+0x1ba>
100064ac:	e786      	b.n	100063bc <_malloc_r+0xc8>
100064ae:	2101      	movs	r1, #1
100064b0:	687b      	ldr	r3, [r7, #4]
100064b2:	1082      	asrs	r2, r0, #2
100064b4:	4091      	lsls	r1, r2
100064b6:	4299      	cmp	r1, r3
100064b8:	d9a5      	bls.n	10006406 <_malloc_r+0x112>
100064ba:	2303      	movs	r3, #3
100064bc:	68bc      	ldr	r4, [r7, #8]
100064be:	6862      	ldr	r2, [r4, #4]
100064c0:	439a      	bics	r2, r3
100064c2:	4691      	mov	r9, r2
100064c4:	4295      	cmp	r5, r2
100064c6:	d803      	bhi.n	100064d0 <_malloc_r+0x1dc>
100064c8:	1b53      	subs	r3, r2, r5
100064ca:	2b0f      	cmp	r3, #15
100064cc:	dd00      	ble.n	100064d0 <_malloc_r+0x1dc>
100064ce:	e089      	b.n	100065e4 <_malloc_r+0x2f0>
100064d0:	0023      	movs	r3, r4
100064d2:	444b      	add	r3, r9
100064d4:	4a5f      	ldr	r2, [pc, #380]	; (10006654 <_malloc_r+0x360>)
100064d6:	9301      	str	r3, [sp, #4]
100064d8:	4b5f      	ldr	r3, [pc, #380]	; (10006658 <_malloc_r+0x364>)
100064da:	4693      	mov	fp, r2
100064dc:	681b      	ldr	r3, [r3, #0]
100064de:	6812      	ldr	r2, [r2, #0]
100064e0:	18eb      	adds	r3, r5, r3
100064e2:	3201      	adds	r2, #1
100064e4:	d100      	bne.n	100064e8 <_malloc_r+0x1f4>
100064e6:	e13d      	b.n	10006764 <_malloc_r+0x470>
100064e8:	4a5c      	ldr	r2, [pc, #368]	; (1000665c <_malloc_r+0x368>)
100064ea:	4694      	mov	ip, r2
100064ec:	4463      	add	r3, ip
100064ee:	0b1b      	lsrs	r3, r3, #12
100064f0:	031b      	lsls	r3, r3, #12
100064f2:	9300      	str	r3, [sp, #0]
100064f4:	0030      	movs	r0, r6
100064f6:	9900      	ldr	r1, [sp, #0]
100064f8:	f000 f9ce 	bl	10006898 <_sbrk_r>
100064fc:	0003      	movs	r3, r0
100064fe:	4680      	mov	r8, r0
10006500:	3301      	adds	r3, #1
10006502:	d100      	bne.n	10006506 <_malloc_r+0x212>
10006504:	e0fa      	b.n	100066fc <_malloc_r+0x408>
10006506:	9b01      	ldr	r3, [sp, #4]
10006508:	4283      	cmp	r3, r0
1000650a:	d900      	bls.n	1000650e <_malloc_r+0x21a>
1000650c:	e0f4      	b.n	100066f8 <_malloc_r+0x404>
1000650e:	4b54      	ldr	r3, [pc, #336]	; (10006660 <_malloc_r+0x36c>)
10006510:	9800      	ldr	r0, [sp, #0]
10006512:	001a      	movs	r2, r3
10006514:	469a      	mov	sl, r3
10006516:	6812      	ldr	r2, [r2, #0]
10006518:	0003      	movs	r3, r0
1000651a:	4694      	mov	ip, r2
1000651c:	4651      	mov	r1, sl
1000651e:	4463      	add	r3, ip
10006520:	600b      	str	r3, [r1, #0]
10006522:	9901      	ldr	r1, [sp, #4]
10006524:	001a      	movs	r2, r3
10006526:	4541      	cmp	r1, r8
10006528:	d100      	bne.n	1000652c <_malloc_r+0x238>
1000652a:	e151      	b.n	100067d0 <_malloc_r+0x4dc>
1000652c:	465b      	mov	r3, fp
1000652e:	681b      	ldr	r3, [r3, #0]
10006530:	3301      	adds	r3, #1
10006532:	d100      	bne.n	10006536 <_malloc_r+0x242>
10006534:	e156      	b.n	100067e4 <_malloc_r+0x4f0>
10006536:	4643      	mov	r3, r8
10006538:	9901      	ldr	r1, [sp, #4]
1000653a:	1a5b      	subs	r3, r3, r1
1000653c:	189a      	adds	r2, r3, r2
1000653e:	4653      	mov	r3, sl
10006540:	601a      	str	r2, [r3, #0]
10006542:	2307      	movs	r3, #7
10006544:	4642      	mov	r2, r8
10006546:	4641      	mov	r1, r8
10006548:	401a      	ands	r2, r3
1000654a:	9201      	str	r2, [sp, #4]
1000654c:	4219      	tst	r1, r3
1000654e:	d100      	bne.n	10006552 <_malloc_r+0x25e>
10006550:	e112      	b.n	10006778 <_malloc_r+0x484>
10006552:	2308      	movs	r3, #8
10006554:	4698      	mov	r8, r3
10006556:	1a88      	subs	r0, r1, r2
10006558:	4b42      	ldr	r3, [pc, #264]	; (10006664 <_malloc_r+0x370>)
1000655a:	9900      	ldr	r1, [sp, #0]
1000655c:	4480      	add	r8, r0
1000655e:	4441      	add	r1, r8
10006560:	1a9b      	subs	r3, r3, r2
10006562:	1a5b      	subs	r3, r3, r1
10006564:	051b      	lsls	r3, r3, #20
10006566:	0d1b      	lsrs	r3, r3, #20
10006568:	9100      	str	r1, [sp, #0]
1000656a:	0030      	movs	r0, r6
1000656c:	0019      	movs	r1, r3
1000656e:	469b      	mov	fp, r3
10006570:	f000 f992 	bl	10006898 <_sbrk_r>
10006574:	1c43      	adds	r3, r0, #1
10006576:	d100      	bne.n	1000657a <_malloc_r+0x286>
10006578:	e150      	b.n	1000681c <_malloc_r+0x528>
1000657a:	4643      	mov	r3, r8
1000657c:	1ac0      	subs	r0, r0, r3
1000657e:	0003      	movs	r3, r0
10006580:	445b      	add	r3, fp
10006582:	9300      	str	r3, [sp, #0]
10006584:	4653      	mov	r3, sl
10006586:	4652      	mov	r2, sl
10006588:	681b      	ldr	r3, [r3, #0]
1000658a:	2101      	movs	r1, #1
1000658c:	445b      	add	r3, fp
1000658e:	6013      	str	r3, [r2, #0]
10006590:	4642      	mov	r2, r8
10006592:	4640      	mov	r0, r8
10006594:	60ba      	str	r2, [r7, #8]
10006596:	9a00      	ldr	r2, [sp, #0]
10006598:	430a      	orrs	r2, r1
1000659a:	6042      	str	r2, [r0, #4]
1000659c:	42bc      	cmp	r4, r7
1000659e:	d100      	bne.n	100065a2 <_malloc_r+0x2ae>
100065a0:	e124      	b.n	100067ec <_malloc_r+0x4f8>
100065a2:	464a      	mov	r2, r9
100065a4:	2a0f      	cmp	r2, #15
100065a6:	d800      	bhi.n	100065aa <_malloc_r+0x2b6>
100065a8:	e122      	b.n	100067f0 <_malloc_r+0x4fc>
100065aa:	2007      	movs	r0, #7
100065ac:	3a0c      	subs	r2, #12
100065ae:	4382      	bics	r2, r0
100065b0:	6860      	ldr	r0, [r4, #4]
100065b2:	4001      	ands	r1, r0
100065b4:	2005      	movs	r0, #5
100065b6:	4311      	orrs	r1, r2
100065b8:	6061      	str	r1, [r4, #4]
100065ba:	18a1      	adds	r1, r4, r2
100065bc:	6048      	str	r0, [r1, #4]
100065be:	6088      	str	r0, [r1, #8]
100065c0:	2a0f      	cmp	r2, #15
100065c2:	d900      	bls.n	100065c6 <_malloc_r+0x2d2>
100065c4:	e135      	b.n	10006832 <_malloc_r+0x53e>
100065c6:	4642      	mov	r2, r8
100065c8:	4644      	mov	r4, r8
100065ca:	6852      	ldr	r2, [r2, #4]
100065cc:	4926      	ldr	r1, [pc, #152]	; (10006668 <_malloc_r+0x374>)
100065ce:	6808      	ldr	r0, [r1, #0]
100065d0:	4298      	cmp	r0, r3
100065d2:	d200      	bcs.n	100065d6 <_malloc_r+0x2e2>
100065d4:	600b      	str	r3, [r1, #0]
100065d6:	4925      	ldr	r1, [pc, #148]	; (1000666c <_malloc_r+0x378>)
100065d8:	6808      	ldr	r0, [r1, #0]
100065da:	4298      	cmp	r0, r3
100065dc:	d300      	bcc.n	100065e0 <_malloc_r+0x2ec>
100065de:	e08f      	b.n	10006700 <_malloc_r+0x40c>
100065e0:	600b      	str	r3, [r1, #0]
100065e2:	e08d      	b.n	10006700 <_malloc_r+0x40c>
100065e4:	2201      	movs	r2, #1
100065e6:	0029      	movs	r1, r5
100065e8:	4313      	orrs	r3, r2
100065ea:	4311      	orrs	r1, r2
100065ec:	1965      	adds	r5, r4, r5
100065ee:	6061      	str	r1, [r4, #4]
100065f0:	0030      	movs	r0, r6
100065f2:	60bd      	str	r5, [r7, #8]
100065f4:	606b      	str	r3, [r5, #4]
100065f6:	f000 f947 	bl	10006888 <__malloc_unlock>
100065fa:	0020      	movs	r0, r4
100065fc:	3008      	adds	r0, #8
100065fe:	e73e      	b.n	1000647e <_malloc_r+0x18a>
10006600:	0a5a      	lsrs	r2, r3, #9
10006602:	2a04      	cmp	r2, #4
10006604:	d972      	bls.n	100066ec <_malloc_r+0x3f8>
10006606:	2a14      	cmp	r2, #20
10006608:	d900      	bls.n	1000660c <_malloc_r+0x318>
1000660a:	e0c5      	b.n	10006798 <_malloc_r+0x4a4>
1000660c:	0011      	movs	r1, r2
1000660e:	325c      	adds	r2, #92	; 0x5c
10006610:	315b      	adds	r1, #91	; 0x5b
10006612:	00d2      	lsls	r2, r2, #3
10006614:	2308      	movs	r3, #8
10006616:	425b      	negs	r3, r3
10006618:	469c      	mov	ip, r3
1000661a:	18ba      	adds	r2, r7, r2
1000661c:	4494      	add	ip, r2
1000661e:	4663      	mov	r3, ip
10006620:	689a      	ldr	r2, [r3, #8]
10006622:	2303      	movs	r3, #3
10006624:	4698      	mov	r8, r3
10006626:	4594      	cmp	ip, r2
10006628:	d100      	bne.n	1000662c <_malloc_r+0x338>
1000662a:	e09e      	b.n	1000676a <_malloc_r+0x476>
1000662c:	4643      	mov	r3, r8
1000662e:	6851      	ldr	r1, [r2, #4]
10006630:	4399      	bics	r1, r3
10006632:	4549      	cmp	r1, r9
10006634:	d902      	bls.n	1000663c <_malloc_r+0x348>
10006636:	6892      	ldr	r2, [r2, #8]
10006638:	4594      	cmp	ip, r2
1000663a:	d1f7      	bne.n	1000662c <_malloc_r+0x338>
1000663c:	68d3      	ldr	r3, [r2, #12]
1000663e:	469c      	mov	ip, r3
10006640:	687b      	ldr	r3, [r7, #4]
10006642:	4661      	mov	r1, ip
10006644:	60a2      	str	r2, [r4, #8]
10006646:	60e1      	str	r1, [r4, #12]
10006648:	608c      	str	r4, [r1, #8]
1000664a:	60d4      	str	r4, [r2, #12]
1000664c:	e6d6      	b.n	100063fc <_malloc_r+0x108>
1000664e:	46c0      	nop			; (mov r8, r8)
10006650:	20000728 	.word	0x20000728
10006654:	20000b30 	.word	0x20000b30
10006658:	20000e18 	.word	0x20000e18
1000665c:	0000100f 	.word	0x0000100f
10006660:	20000de8 	.word	0x20000de8
10006664:	00001008 	.word	0x00001008
10006668:	20000e10 	.word	0x20000e10
1000666c:	20000e14 	.word	0x20000e14
10006670:	2814      	cmp	r0, #20
10006672:	d952      	bls.n	1000671a <_malloc_r+0x426>
10006674:	2854      	cmp	r0, #84	; 0x54
10006676:	d900      	bls.n	1000667a <_malloc_r+0x386>
10006678:	e096      	b.n	100067a8 <_malloc_r+0x4b4>
1000667a:	236e      	movs	r3, #110	; 0x6e
1000667c:	4698      	mov	r8, r3
1000667e:	0b28      	lsrs	r0, r5, #12
10006680:	4480      	add	r8, r0
10006682:	306f      	adds	r0, #111	; 0x6f
10006684:	00c1      	lsls	r1, r0, #3
10006686:	e67e      	b.n	10006386 <_malloc_r+0x92>
10006688:	2308      	movs	r3, #8
1000668a:	469b      	mov	fp, r3
1000668c:	3b07      	subs	r3, #7
1000668e:	44dc      	add	ip, fp
10006690:	469b      	mov	fp, r3
10006692:	44da      	add	sl, fp
10006694:	4643      	mov	r3, r8
10006696:	4652      	mov	r2, sl
10006698:	4213      	tst	r3, r2
1000669a:	d000      	beq.n	1000669e <_malloc_r+0x3aa>
1000669c:	e6c2      	b.n	10006424 <_malloc_r+0x130>
1000669e:	e04c      	b.n	1000673a <_malloc_r+0x446>
100066a0:	2201      	movs	r2, #1
100066a2:	18e3      	adds	r3, r4, r3
100066a4:	6859      	ldr	r1, [r3, #4]
100066a6:	0030      	movs	r0, r6
100066a8:	430a      	orrs	r2, r1
100066aa:	605a      	str	r2, [r3, #4]
100066ac:	68e3      	ldr	r3, [r4, #12]
100066ae:	68a2      	ldr	r2, [r4, #8]
100066b0:	60d3      	str	r3, [r2, #12]
100066b2:	609a      	str	r2, [r3, #8]
100066b4:	f000 f8e8 	bl	10006888 <__malloc_unlock>
100066b8:	0020      	movs	r0, r4
100066ba:	3008      	adds	r0, #8
100066bc:	e6df      	b.n	1000647e <_malloc_r+0x18a>
100066be:	002b      	movs	r3, r5
100066c0:	08e8      	lsrs	r0, r5, #3
100066c2:	3308      	adds	r3, #8
100066c4:	e62a      	b.n	1000631c <_malloc_r+0x28>
100066c6:	2301      	movs	r3, #1
100066c8:	1960      	adds	r0, r4, r5
100066ca:	431d      	orrs	r5, r3
100066cc:	6065      	str	r5, [r4, #4]
100066ce:	6178      	str	r0, [r7, #20]
100066d0:	6138      	str	r0, [r7, #16]
100066d2:	60c2      	str	r2, [r0, #12]
100066d4:	6082      	str	r2, [r0, #8]
100066d6:	001a      	movs	r2, r3
100066d8:	464b      	mov	r3, r9
100066da:	430a      	orrs	r2, r1
100066dc:	6042      	str	r2, [r0, #4]
100066de:	0030      	movs	r0, r6
100066e0:	50e1      	str	r1, [r4, r3]
100066e2:	f000 f8d1 	bl	10006888 <__malloc_unlock>
100066e6:	0020      	movs	r0, r4
100066e8:	3008      	adds	r0, #8
100066ea:	e6c8      	b.n	1000647e <_malloc_r+0x18a>
100066ec:	099a      	lsrs	r2, r3, #6
100066ee:	0011      	movs	r1, r2
100066f0:	3239      	adds	r2, #57	; 0x39
100066f2:	3138      	adds	r1, #56	; 0x38
100066f4:	00d2      	lsls	r2, r2, #3
100066f6:	e78d      	b.n	10006614 <_malloc_r+0x320>
100066f8:	42bc      	cmp	r4, r7
100066fa:	d060      	beq.n	100067be <_malloc_r+0x4ca>
100066fc:	68bc      	ldr	r4, [r7, #8]
100066fe:	6862      	ldr	r2, [r4, #4]
10006700:	2303      	movs	r3, #3
10006702:	439a      	bics	r2, r3
10006704:	1b53      	subs	r3, r2, r5
10006706:	4295      	cmp	r5, r2
10006708:	d802      	bhi.n	10006710 <_malloc_r+0x41c>
1000670a:	2b0f      	cmp	r3, #15
1000670c:	dd00      	ble.n	10006710 <_malloc_r+0x41c>
1000670e:	e769      	b.n	100065e4 <_malloc_r+0x2f0>
10006710:	0030      	movs	r0, r6
10006712:	f000 f8b9 	bl	10006888 <__malloc_unlock>
10006716:	2000      	movs	r0, #0
10006718:	e6b1      	b.n	1000647e <_malloc_r+0x18a>
1000671a:	235b      	movs	r3, #91	; 0x5b
1000671c:	4698      	mov	r8, r3
1000671e:	4480      	add	r8, r0
10006720:	305c      	adds	r0, #92	; 0x5c
10006722:	00c1      	lsls	r1, r0, #3
10006724:	e62f      	b.n	10006386 <_malloc_r+0x92>
10006726:	2308      	movs	r3, #8
10006728:	425b      	negs	r3, r3
1000672a:	469c      	mov	ip, r3
1000672c:	44e1      	add	r9, ip
1000672e:	464b      	mov	r3, r9
10006730:	689b      	ldr	r3, [r3, #8]
10006732:	3801      	subs	r0, #1
10006734:	454b      	cmp	r3, r9
10006736:	d000      	beq.n	1000673a <_malloc_r+0x446>
10006738:	e098      	b.n	1000686c <_malloc_r+0x578>
1000673a:	4643      	mov	r3, r8
1000673c:	4203      	tst	r3, r0
1000673e:	d1f2      	bne.n	10006726 <_malloc_r+0x432>
10006740:	687b      	ldr	r3, [r7, #4]
10006742:	438b      	bics	r3, r1
10006744:	607b      	str	r3, [r7, #4]
10006746:	0049      	lsls	r1, r1, #1
10006748:	4299      	cmp	r1, r3
1000674a:	d900      	bls.n	1000674e <_malloc_r+0x45a>
1000674c:	e6b5      	b.n	100064ba <_malloc_r+0x1c6>
1000674e:	2900      	cmp	r1, #0
10006750:	d104      	bne.n	1000675c <_malloc_r+0x468>
10006752:	e6b2      	b.n	100064ba <_malloc_r+0x1c6>
10006754:	2204      	movs	r2, #4
10006756:	4694      	mov	ip, r2
10006758:	0049      	lsls	r1, r1, #1
1000675a:	44e2      	add	sl, ip
1000675c:	420b      	tst	r3, r1
1000675e:	d0f9      	beq.n	10006754 <_malloc_r+0x460>
10006760:	4650      	mov	r0, sl
10006762:	e65a      	b.n	1000641a <_malloc_r+0x126>
10006764:	3310      	adds	r3, #16
10006766:	9300      	str	r3, [sp, #0]
10006768:	e6c4      	b.n	100064f4 <_malloc_r+0x200>
1000676a:	1089      	asrs	r1, r1, #2
1000676c:	3b02      	subs	r3, #2
1000676e:	408b      	lsls	r3, r1
10006770:	6879      	ldr	r1, [r7, #4]
10006772:	430b      	orrs	r3, r1
10006774:	607b      	str	r3, [r7, #4]
10006776:	e764      	b.n	10006642 <_malloc_r+0x34e>
10006778:	9b00      	ldr	r3, [sp, #0]
1000677a:	0030      	movs	r0, r6
1000677c:	4443      	add	r3, r8
1000677e:	425b      	negs	r3, r3
10006780:	051b      	lsls	r3, r3, #20
10006782:	0d1b      	lsrs	r3, r3, #20
10006784:	0019      	movs	r1, r3
10006786:	469b      	mov	fp, r3
10006788:	f000 f886 	bl	10006898 <_sbrk_r>
1000678c:	1c43      	adds	r3, r0, #1
1000678e:	d000      	beq.n	10006792 <_malloc_r+0x49e>
10006790:	e6f3      	b.n	1000657a <_malloc_r+0x286>
10006792:	2300      	movs	r3, #0
10006794:	469b      	mov	fp, r3
10006796:	e6f5      	b.n	10006584 <_malloc_r+0x290>
10006798:	2a54      	cmp	r2, #84	; 0x54
1000679a:	d82b      	bhi.n	100067f4 <_malloc_r+0x500>
1000679c:	0b1a      	lsrs	r2, r3, #12
1000679e:	0011      	movs	r1, r2
100067a0:	326f      	adds	r2, #111	; 0x6f
100067a2:	316e      	adds	r1, #110	; 0x6e
100067a4:	00d2      	lsls	r2, r2, #3
100067a6:	e735      	b.n	10006614 <_malloc_r+0x320>
100067a8:	23aa      	movs	r3, #170	; 0xaa
100067aa:	005b      	lsls	r3, r3, #1
100067ac:	4298      	cmp	r0, r3
100067ae:	d82b      	bhi.n	10006808 <_malloc_r+0x514>
100067b0:	3bdd      	subs	r3, #221	; 0xdd
100067b2:	4698      	mov	r8, r3
100067b4:	0be8      	lsrs	r0, r5, #15
100067b6:	4480      	add	r8, r0
100067b8:	3078      	adds	r0, #120	; 0x78
100067ba:	00c1      	lsls	r1, r0, #3
100067bc:	e5e3      	b.n	10006386 <_malloc_r+0x92>
100067be:	4b2c      	ldr	r3, [pc, #176]	; (10006870 <_malloc_r+0x57c>)
100067c0:	9a00      	ldr	r2, [sp, #0]
100067c2:	469a      	mov	sl, r3
100067c4:	681b      	ldr	r3, [r3, #0]
100067c6:	469c      	mov	ip, r3
100067c8:	4653      	mov	r3, sl
100067ca:	4462      	add	r2, ip
100067cc:	601a      	str	r2, [r3, #0]
100067ce:	e6ad      	b.n	1000652c <_malloc_r+0x238>
100067d0:	0509      	lsls	r1, r1, #20
100067d2:	d000      	beq.n	100067d6 <_malloc_r+0x4e2>
100067d4:	e6aa      	b.n	1000652c <_malloc_r+0x238>
100067d6:	0002      	movs	r2, r0
100067d8:	68bc      	ldr	r4, [r7, #8]
100067da:	444a      	add	r2, r9
100067dc:	3101      	adds	r1, #1
100067de:	430a      	orrs	r2, r1
100067e0:	6062      	str	r2, [r4, #4]
100067e2:	e6f3      	b.n	100065cc <_malloc_r+0x2d8>
100067e4:	465b      	mov	r3, fp
100067e6:	4642      	mov	r2, r8
100067e8:	601a      	str	r2, [r3, #0]
100067ea:	e6aa      	b.n	10006542 <_malloc_r+0x24e>
100067ec:	4644      	mov	r4, r8
100067ee:	e6ed      	b.n	100065cc <_malloc_r+0x2d8>
100067f0:	6041      	str	r1, [r0, #4]
100067f2:	e78d      	b.n	10006710 <_malloc_r+0x41c>
100067f4:	21aa      	movs	r1, #170	; 0xaa
100067f6:	0049      	lsls	r1, r1, #1
100067f8:	428a      	cmp	r2, r1
100067fa:	d824      	bhi.n	10006846 <_malloc_r+0x552>
100067fc:	0bda      	lsrs	r2, r3, #15
100067fe:	0011      	movs	r1, r2
10006800:	3278      	adds	r2, #120	; 0x78
10006802:	3177      	adds	r1, #119	; 0x77
10006804:	00d2      	lsls	r2, r2, #3
10006806:	e705      	b.n	10006614 <_malloc_r+0x320>
10006808:	4b1a      	ldr	r3, [pc, #104]	; (10006874 <_malloc_r+0x580>)
1000680a:	4298      	cmp	r0, r3
1000680c:	d824      	bhi.n	10006858 <_malloc_r+0x564>
1000680e:	237c      	movs	r3, #124	; 0x7c
10006810:	4698      	mov	r8, r3
10006812:	0ca8      	lsrs	r0, r5, #18
10006814:	4480      	add	r8, r0
10006816:	307d      	adds	r0, #125	; 0x7d
10006818:	00c1      	lsls	r1, r0, #3
1000681a:	e5b4      	b.n	10006386 <_malloc_r+0x92>
1000681c:	9a00      	ldr	r2, [sp, #0]
1000681e:	9b01      	ldr	r3, [sp, #4]
10006820:	4694      	mov	ip, r2
10006822:	4642      	mov	r2, r8
10006824:	3b08      	subs	r3, #8
10006826:	4463      	add	r3, ip
10006828:	1a9b      	subs	r3, r3, r2
1000682a:	9300      	str	r3, [sp, #0]
1000682c:	2300      	movs	r3, #0
1000682e:	469b      	mov	fp, r3
10006830:	e6a8      	b.n	10006584 <_malloc_r+0x290>
10006832:	0021      	movs	r1, r4
10006834:	0030      	movs	r0, r6
10006836:	3108      	adds	r1, #8
10006838:	f001 f976 	bl	10007b28 <_free_r>
1000683c:	4653      	mov	r3, sl
1000683e:	68bc      	ldr	r4, [r7, #8]
10006840:	681b      	ldr	r3, [r3, #0]
10006842:	6862      	ldr	r2, [r4, #4]
10006844:	e6c2      	b.n	100065cc <_malloc_r+0x2d8>
10006846:	490b      	ldr	r1, [pc, #44]	; (10006874 <_malloc_r+0x580>)
10006848:	428a      	cmp	r2, r1
1000684a:	d80b      	bhi.n	10006864 <_malloc_r+0x570>
1000684c:	0c9a      	lsrs	r2, r3, #18
1000684e:	0011      	movs	r1, r2
10006850:	327d      	adds	r2, #125	; 0x7d
10006852:	317c      	adds	r1, #124	; 0x7c
10006854:	00d2      	lsls	r2, r2, #3
10006856:	e6dd      	b.n	10006614 <_malloc_r+0x320>
10006858:	21fe      	movs	r1, #254	; 0xfe
1000685a:	237e      	movs	r3, #126	; 0x7e
1000685c:	207f      	movs	r0, #127	; 0x7f
1000685e:	4698      	mov	r8, r3
10006860:	0089      	lsls	r1, r1, #2
10006862:	e590      	b.n	10006386 <_malloc_r+0x92>
10006864:	22fe      	movs	r2, #254	; 0xfe
10006866:	217e      	movs	r1, #126	; 0x7e
10006868:	0092      	lsls	r2, r2, #2
1000686a:	e6d3      	b.n	10006614 <_malloc_r+0x320>
1000686c:	687b      	ldr	r3, [r7, #4]
1000686e:	e76a      	b.n	10006746 <_malloc_r+0x452>
10006870:	20000de8 	.word	0x20000de8
10006874:	00000554 	.word	0x00000554

10006878 <__malloc_lock>:
10006878:	b510      	push	{r4, lr}
1000687a:	4802      	ldr	r0, [pc, #8]	; (10006884 <__malloc_lock+0xc>)
1000687c:	f001 fe6c 	bl	10008558 <__retarget_lock_acquire_recursive>
10006880:	bd10      	pop	{r4, pc}
10006882:	46c0      	nop			; (mov r8, r8)
10006884:	20000de4 	.word	0x20000de4

10006888 <__malloc_unlock>:
10006888:	b510      	push	{r4, lr}
1000688a:	4802      	ldr	r0, [pc, #8]	; (10006894 <__malloc_unlock+0xc>)
1000688c:	f001 fe66 	bl	1000855c <__retarget_lock_release_recursive>
10006890:	bd10      	pop	{r4, pc}
10006892:	46c0      	nop			; (mov r8, r8)
10006894:	20000de4 	.word	0x20000de4

10006898 <_sbrk_r>:
10006898:	2300      	movs	r3, #0
1000689a:	b570      	push	{r4, r5, r6, lr}
1000689c:	4d06      	ldr	r5, [pc, #24]	; (100068b8 <_sbrk_r+0x20>)
1000689e:	0004      	movs	r4, r0
100068a0:	0008      	movs	r0, r1
100068a2:	602b      	str	r3, [r5, #0]
100068a4:	f7fc ff50 	bl	10003748 <_sbrk>
100068a8:	1c43      	adds	r3, r0, #1
100068aa:	d000      	beq.n	100068ae <_sbrk_r+0x16>
100068ac:	bd70      	pop	{r4, r5, r6, pc}
100068ae:	682b      	ldr	r3, [r5, #0]
100068b0:	2b00      	cmp	r3, #0
100068b2:	d0fb      	beq.n	100068ac <_sbrk_r+0x14>
100068b4:	6023      	str	r3, [r4, #0]
100068b6:	e7f9      	b.n	100068ac <_sbrk_r+0x14>
100068b8:	20000ee4 	.word	0x20000ee4

100068bc <strchr>:
100068bc:	b2ca      	uxtb	r2, r1
100068be:	b5f0      	push	{r4, r5, r6, r7, lr}
100068c0:	2a00      	cmp	r2, #0
100068c2:	d035      	beq.n	10006930 <strchr+0x74>
100068c4:	2403      	movs	r4, #3
100068c6:	0783      	lsls	r3, r0, #30
100068c8:	d12d      	bne.n	10006926 <strchr+0x6a>
100068ca:	25ff      	movs	r5, #255	; 0xff
100068cc:	4029      	ands	r1, r5
100068ce:	020d      	lsls	r5, r1, #8
100068d0:	4329      	orrs	r1, r5
100068d2:	040d      	lsls	r5, r1, #16
100068d4:	430d      	orrs	r5, r1
100068d6:	0029      	movs	r1, r5
100068d8:	6804      	ldr	r4, [r0, #0]
100068da:	4e26      	ldr	r6, [pc, #152]	; (10006974 <strchr+0xb8>)
100068dc:	4061      	eors	r1, r4
100068de:	198b      	adds	r3, r1, r6
100068e0:	438b      	bics	r3, r1
100068e2:	19a1      	adds	r1, r4, r6
100068e4:	43a1      	bics	r1, r4
100068e6:	4e24      	ldr	r6, [pc, #144]	; (10006978 <strchr+0xbc>)
100068e8:	430b      	orrs	r3, r1
100068ea:	4233      	tst	r3, r6
100068ec:	d111      	bne.n	10006912 <strchr+0x56>
100068ee:	6841      	ldr	r1, [r0, #4]
100068f0:	4f20      	ldr	r7, [pc, #128]	; (10006974 <strchr+0xb8>)
100068f2:	000c      	movs	r4, r1
100068f4:	19cb      	adds	r3, r1, r7
100068f6:	406c      	eors	r4, r5
100068f8:	438b      	bics	r3, r1
100068fa:	19e1      	adds	r1, r4, r7
100068fc:	43a1      	bics	r1, r4
100068fe:	430b      	orrs	r3, r1
10006900:	3004      	adds	r0, #4
10006902:	4233      	tst	r3, r6
10006904:	d0f3      	beq.n	100068ee <strchr+0x32>
10006906:	7803      	ldrb	r3, [r0, #0]
10006908:	2b00      	cmp	r3, #0
1000690a:	d005      	beq.n	10006918 <strchr+0x5c>
1000690c:	429a      	cmp	r2, r3
1000690e:	d004      	beq.n	1000691a <strchr+0x5e>
10006910:	3001      	adds	r0, #1
10006912:	7803      	ldrb	r3, [r0, #0]
10006914:	2b00      	cmp	r3, #0
10006916:	d1f9      	bne.n	1000690c <strchr+0x50>
10006918:	2000      	movs	r0, #0
1000691a:	bdf0      	pop	{r4, r5, r6, r7, pc}
1000691c:	4293      	cmp	r3, r2
1000691e:	d0fc      	beq.n	1000691a <strchr+0x5e>
10006920:	3001      	adds	r0, #1
10006922:	4220      	tst	r0, r4
10006924:	d0d1      	beq.n	100068ca <strchr+0xe>
10006926:	7803      	ldrb	r3, [r0, #0]
10006928:	2b00      	cmp	r3, #0
1000692a:	d1f7      	bne.n	1000691c <strchr+0x60>
1000692c:	2000      	movs	r0, #0
1000692e:	e7f4      	b.n	1000691a <strchr+0x5e>
10006930:	0783      	lsls	r3, r0, #30
10006932:	d008      	beq.n	10006946 <strchr+0x8a>
10006934:	2203      	movs	r2, #3
10006936:	e002      	b.n	1000693e <strchr+0x82>
10006938:	3001      	adds	r0, #1
1000693a:	4210      	tst	r0, r2
1000693c:	d003      	beq.n	10006946 <strchr+0x8a>
1000693e:	7803      	ldrb	r3, [r0, #0]
10006940:	2b00      	cmp	r3, #0
10006942:	d1f9      	bne.n	10006938 <strchr+0x7c>
10006944:	e7e9      	b.n	1000691a <strchr+0x5e>
10006946:	6802      	ldr	r2, [r0, #0]
10006948:	4b0a      	ldr	r3, [pc, #40]	; (10006974 <strchr+0xb8>)
1000694a:	490b      	ldr	r1, [pc, #44]	; (10006978 <strchr+0xbc>)
1000694c:	18d3      	adds	r3, r2, r3
1000694e:	4393      	bics	r3, r2
10006950:	420b      	tst	r3, r1
10006952:	d106      	bne.n	10006962 <strchr+0xa6>
10006954:	6842      	ldr	r2, [r0, #4]
10006956:	4b07      	ldr	r3, [pc, #28]	; (10006974 <strchr+0xb8>)
10006958:	3004      	adds	r0, #4
1000695a:	18d3      	adds	r3, r2, r3
1000695c:	4393      	bics	r3, r2
1000695e:	420b      	tst	r3, r1
10006960:	d0f8      	beq.n	10006954 <strchr+0x98>
10006962:	7803      	ldrb	r3, [r0, #0]
10006964:	2b00      	cmp	r3, #0
10006966:	d0d8      	beq.n	1000691a <strchr+0x5e>
10006968:	7843      	ldrb	r3, [r0, #1]
1000696a:	3001      	adds	r0, #1
1000696c:	2b00      	cmp	r3, #0
1000696e:	d1fb      	bne.n	10006968 <strchr+0xac>
10006970:	e7d3      	b.n	1000691a <strchr+0x5e>
10006972:	46c0      	nop			; (mov r8, r8)
10006974:	fefefeff 	.word	0xfefefeff
10006978:	80808080 	.word	0x80808080

1000697c <strcmp>:
1000697c:	4602      	mov	r2, r0
1000697e:	b570      	push	{r4, r5, r6, lr}
10006980:	430a      	orrs	r2, r1
10006982:	0792      	lsls	r2, r2, #30
10006984:	d12a      	bne.n	100069dc <strcmp+0x60>
10006986:	4d1e      	ldr	r5, [pc, #120]	; (10006a00 <strcmp+0x84>)
10006988:	01ee      	lsls	r6, r5, #7
1000698a:	c804      	ldmia	r0!, {r2}
1000698c:	c908      	ldmia	r1!, {r3}
1000698e:	1b54      	subs	r4, r2, r5
10006990:	4394      	bics	r4, r2
10006992:	4034      	ands	r4, r6
10006994:	d017      	beq.n	100069c6 <strcmp+0x4a>
10006996:	b2d0      	uxtb	r0, r2
10006998:	b2d9      	uxtb	r1, r3
1000699a:	1a40      	subs	r0, r0, r1
1000699c:	0621      	lsls	r1, r4, #24
1000699e:	4301      	orrs	r1, r0
100069a0:	d110      	bne.n	100069c4 <strcmp+0x48>
100069a2:	b290      	uxth	r0, r2
100069a4:	b299      	uxth	r1, r3
100069a6:	1a40      	subs	r0, r0, r1
100069a8:	0421      	lsls	r1, r4, #16
100069aa:	4301      	orrs	r1, r0
100069ac:	d10a      	bne.n	100069c4 <strcmp+0x48>
100069ae:	0210      	lsls	r0, r2, #8
100069b0:	0219      	lsls	r1, r3, #8
100069b2:	0a00      	lsrs	r0, r0, #8
100069b4:	0a09      	lsrs	r1, r1, #8
100069b6:	1a40      	subs	r0, r0, r1
100069b8:	0221      	lsls	r1, r4, #8
100069ba:	4301      	orrs	r1, r0
100069bc:	d102      	bne.n	100069c4 <strcmp+0x48>
100069be:	0e10      	lsrs	r0, r2, #24
100069c0:	0e19      	lsrs	r1, r3, #24
100069c2:	1a40      	subs	r0, r0, r1
100069c4:	bd70      	pop	{r4, r5, r6, pc}
100069c6:	429a      	cmp	r2, r3
100069c8:	d0df      	beq.n	1000698a <strcmp+0xe>
100069ca:	ba10      	rev	r0, r2
100069cc:	ba19      	rev	r1, r3
100069ce:	4288      	cmp	r0, r1
100069d0:	d901      	bls.n	100069d6 <strcmp+0x5a>
100069d2:	2001      	movs	r0, #1
100069d4:	bd70      	pop	{r4, r5, r6, pc}
100069d6:	2000      	movs	r0, #0
100069d8:	43c0      	mvns	r0, r0
100069da:	bd70      	pop	{r4, r5, r6, pc}
100069dc:	7802      	ldrb	r2, [r0, #0]
100069de:	780b      	ldrb	r3, [r1, #0]
100069e0:	3001      	adds	r0, #1
100069e2:	3101      	adds	r1, #1
100069e4:	2a00      	cmp	r2, #0
100069e6:	d009      	beq.n	100069fc <strcmp+0x80>
100069e8:	429a      	cmp	r2, r3
100069ea:	d107      	bne.n	100069fc <strcmp+0x80>
100069ec:	7802      	ldrb	r2, [r0, #0]
100069ee:	780b      	ldrb	r3, [r1, #0]
100069f0:	3001      	adds	r0, #1
100069f2:	3101      	adds	r1, #1
100069f4:	2a00      	cmp	r2, #0
100069f6:	d001      	beq.n	100069fc <strcmp+0x80>
100069f8:	429a      	cmp	r2, r3
100069fa:	d0ef      	beq.n	100069dc <strcmp+0x60>
100069fc:	1ad0      	subs	r0, r2, r3
100069fe:	bd70      	pop	{r4, r5, r6, pc}
10006a00:	01010101 	.word	0x01010101

10006a04 <strlen>:
10006a04:	b510      	push	{r4, lr}
10006a06:	0783      	lsls	r3, r0, #30
10006a08:	d00a      	beq.n	10006a20 <strlen+0x1c>
10006a0a:	0003      	movs	r3, r0
10006a0c:	2103      	movs	r1, #3
10006a0e:	e002      	b.n	10006a16 <strlen+0x12>
10006a10:	3301      	adds	r3, #1
10006a12:	420b      	tst	r3, r1
10006a14:	d005      	beq.n	10006a22 <strlen+0x1e>
10006a16:	781a      	ldrb	r2, [r3, #0]
10006a18:	2a00      	cmp	r2, #0
10006a1a:	d1f9      	bne.n	10006a10 <strlen+0xc>
10006a1c:	1a18      	subs	r0, r3, r0
10006a1e:	bd10      	pop	{r4, pc}
10006a20:	0003      	movs	r3, r0
10006a22:	6819      	ldr	r1, [r3, #0]
10006a24:	4a0c      	ldr	r2, [pc, #48]	; (10006a58 <strlen+0x54>)
10006a26:	4c0d      	ldr	r4, [pc, #52]	; (10006a5c <strlen+0x58>)
10006a28:	188a      	adds	r2, r1, r2
10006a2a:	438a      	bics	r2, r1
10006a2c:	4222      	tst	r2, r4
10006a2e:	d10f      	bne.n	10006a50 <strlen+0x4c>
10006a30:	6859      	ldr	r1, [r3, #4]
10006a32:	4a09      	ldr	r2, [pc, #36]	; (10006a58 <strlen+0x54>)
10006a34:	3304      	adds	r3, #4
10006a36:	188a      	adds	r2, r1, r2
10006a38:	438a      	bics	r2, r1
10006a3a:	4222      	tst	r2, r4
10006a3c:	d108      	bne.n	10006a50 <strlen+0x4c>
10006a3e:	6859      	ldr	r1, [r3, #4]
10006a40:	4a05      	ldr	r2, [pc, #20]	; (10006a58 <strlen+0x54>)
10006a42:	3304      	adds	r3, #4
10006a44:	188a      	adds	r2, r1, r2
10006a46:	438a      	bics	r2, r1
10006a48:	4222      	tst	r2, r4
10006a4a:	d0f1      	beq.n	10006a30 <strlen+0x2c>
10006a4c:	e000      	b.n	10006a50 <strlen+0x4c>
10006a4e:	3301      	adds	r3, #1
10006a50:	781a      	ldrb	r2, [r3, #0]
10006a52:	2a00      	cmp	r2, #0
10006a54:	d1fb      	bne.n	10006a4e <strlen+0x4a>
10006a56:	e7e1      	b.n	10006a1c <strlen+0x18>
10006a58:	fefefeff 	.word	0xfefefeff
10006a5c:	80808080 	.word	0x80808080

10006a60 <_strtod_l>:
10006a60:	b5f0      	push	{r4, r5, r6, r7, lr}
10006a62:	46de      	mov	lr, fp
10006a64:	4657      	mov	r7, sl
10006a66:	4645      	mov	r5, r8
10006a68:	464e      	mov	r6, r9
10006a6a:	001c      	movs	r4, r3
10006a6c:	2300      	movs	r3, #0
10006a6e:	b5e0      	push	{r5, r6, r7, lr}
10006a70:	b0a1      	sub	sp, #132	; 0x84
10006a72:	931c      	str	r3, [sp, #112]	; 0x70
10006a74:	4bbb      	ldr	r3, [pc, #748]	; (10006d64 <_strtod_l+0x304>)
10006a76:	4682      	mov	sl, r0
10006a78:	681b      	ldr	r3, [r3, #0]
10006a7a:	000d      	movs	r5, r1
10006a7c:	0018      	movs	r0, r3
10006a7e:	9208      	str	r2, [sp, #32]
10006a80:	9307      	str	r3, [sp, #28]
10006a82:	f7ff ffbf 	bl	10006a04 <strlen>
10006a86:	2200      	movs	r2, #0
10006a88:	2300      	movs	r3, #0
10006a8a:	4683      	mov	fp, r0
10006a8c:	002f      	movs	r7, r5
10006a8e:	9204      	str	r2, [sp, #16]
10006a90:	9305      	str	r3, [sp, #20]
10006a92:	4ab5      	ldr	r2, [pc, #724]	; (10006d68 <_strtod_l+0x308>)
10006a94:	951b      	str	r5, [sp, #108]	; 0x6c
10006a96:	783b      	ldrb	r3, [r7, #0]
10006a98:	2b2d      	cmp	r3, #45	; 0x2d
10006a9a:	d802      	bhi.n	10006aa2 <_strtod_l+0x42>
10006a9c:	0099      	lsls	r1, r3, #2
10006a9e:	5851      	ldr	r1, [r2, r1]
10006aa0:	468f      	mov	pc, r1
10006aa2:	2200      	movs	r2, #0
10006aa4:	9209      	str	r2, [sp, #36]	; 0x24
10006aa6:	2200      	movs	r2, #0
10006aa8:	920a      	str	r2, [sp, #40]	; 0x28
10006aaa:	2b30      	cmp	r3, #48	; 0x30
10006aac:	d100      	bne.n	10006ab0 <_strtod_l+0x50>
10006aae:	e0e5      	b.n	10006c7c <_strtod_l+0x21c>
10006ab0:	001c      	movs	r4, r3
10006ab2:	2b2f      	cmp	r3, #47	; 0x2f
10006ab4:	d801      	bhi.n	10006aba <_strtod_l+0x5a>
10006ab6:	f000 fd7a 	bl	100075ae <_strtod_l+0xb4e>
10006aba:	2200      	movs	r2, #0
10006abc:	46ac      	mov	ip, r5
10006abe:	0038      	movs	r0, r7
10006ac0:	2600      	movs	r6, #0
10006ac2:	0019      	movs	r1, r3
10006ac4:	0015      	movs	r5, r2
10006ac6:	e00b      	b.n	10006ae0 <_strtod_l+0x80>
10006ac8:	3001      	adds	r0, #1
10006aca:	0093      	lsls	r3, r2, #2
10006acc:	189a      	adds	r2, r3, r2
10006ace:	901b      	str	r0, [sp, #108]	; 0x6c
10006ad0:	7804      	ldrb	r4, [r0, #0]
10006ad2:	0052      	lsls	r2, r2, #1
10006ad4:	1852      	adds	r2, r2, r1
10006ad6:	3a30      	subs	r2, #48	; 0x30
10006ad8:	0021      	movs	r1, r4
10006ada:	3601      	adds	r6, #1
10006adc:	2c2f      	cmp	r4, #47	; 0x2f
10006ade:	dd10      	ble.n	10006b02 <_strtod_l+0xa2>
10006ae0:	2c39      	cmp	r4, #57	; 0x39
10006ae2:	dc5b      	bgt.n	10006b9c <_strtod_l+0x13c>
10006ae4:	2e08      	cmp	r6, #8
10006ae6:	ddef      	ble.n	10006ac8 <_strtod_l+0x68>
10006ae8:	00ab      	lsls	r3, r5, #2
10006aea:	195b      	adds	r3, r3, r5
10006aec:	3001      	adds	r0, #1
10006aee:	005b      	lsls	r3, r3, #1
10006af0:	901b      	str	r0, [sp, #108]	; 0x6c
10006af2:	185b      	adds	r3, r3, r1
10006af4:	7804      	ldrb	r4, [r0, #0]
10006af6:	3b30      	subs	r3, #48	; 0x30
10006af8:	001d      	movs	r5, r3
10006afa:	0021      	movs	r1, r4
10006afc:	3601      	adds	r6, #1
10006afe:	2c2f      	cmp	r4, #47	; 0x2f
10006b00:	dcee      	bgt.n	10006ae0 <_strtod_l+0x80>
10006b02:	4690      	mov	r8, r2
10006b04:	9907      	ldr	r1, [sp, #28]
10006b06:	465a      	mov	r2, fp
10006b08:	46a9      	mov	r9, r5
10006b0a:	4665      	mov	r5, ip
10006b0c:	f002 faac 	bl	10009068 <strncmp>
10006b10:	2800      	cmp	r0, #0
10006b12:	d100      	bne.n	10006b16 <_strtod_l+0xb6>
10006b14:	e2ba      	b.n	1000708c <_strtod_l+0x62c>
10006b16:	960d      	str	r6, [sp, #52]	; 0x34
10006b18:	2300      	movs	r3, #0
10006b1a:	2000      	movs	r0, #0
10006b1c:	469c      	mov	ip, r3
10006b1e:	9310      	str	r3, [sp, #64]	; 0x40
10006b20:	930b      	str	r3, [sp, #44]	; 0x2c
10006b22:	2e00      	cmp	r6, #0
10006b24:	d000      	beq.n	10006b28 <_strtod_l+0xc8>
10006b26:	e127      	b.n	10006d78 <_strtod_l+0x318>
10006b28:	9b0a      	ldr	r3, [sp, #40]	; 0x28
10006b2a:	4303      	orrs	r3, r0
10006b2c:	d000      	beq.n	10006b30 <_strtod_l+0xd0>
10006b2e:	e29c      	b.n	1000706a <_strtod_l+0x60a>
10006b30:	4663      	mov	r3, ip
10006b32:	2b00      	cmp	r3, #0
10006b34:	d11e      	bne.n	10006b74 <_strtod_l+0x114>
10006b36:	2c69      	cmp	r4, #105	; 0x69
10006b38:	d101      	bne.n	10006b3e <_strtod_l+0xde>
10006b3a:	f000 fcb2 	bl	100074a2 <_strtod_l+0xa42>
10006b3e:	dc17      	bgt.n	10006b70 <_strtod_l+0x110>
10006b40:	2c49      	cmp	r4, #73	; 0x49
10006b42:	d101      	bne.n	10006b48 <_strtod_l+0xe8>
10006b44:	f000 fcad 	bl	100074a2 <_strtod_l+0xa42>
10006b48:	2c4e      	cmp	r4, #78	; 0x4e
10006b4a:	d113      	bne.n	10006b74 <_strtod_l+0x114>
10006b4c:	4987      	ldr	r1, [pc, #540]	; (10006d6c <_strtod_l+0x30c>)
10006b4e:	a81b      	add	r0, sp, #108	; 0x6c
10006b50:	f001 fc04 	bl	1000835c <__match>
10006b54:	2800      	cmp	r0, #0
10006b56:	d00d      	beq.n	10006b74 <_strtod_l+0x114>
10006b58:	9b1b      	ldr	r3, [sp, #108]	; 0x6c
10006b5a:	781b      	ldrb	r3, [r3, #0]
10006b5c:	2b28      	cmp	r3, #40	; 0x28
10006b5e:	d101      	bne.n	10006b64 <_strtod_l+0x104>
10006b60:	f000 fe52 	bl	10007808 <_strtod_l+0xda8>
10006b64:	4882      	ldr	r0, [pc, #520]	; (10006d70 <_strtod_l+0x310>)
10006b66:	f002 fa75 	bl	10009054 <nan>
10006b6a:	4683      	mov	fp, r0
10006b6c:	000f      	movs	r7, r1
10006b6e:	e27f      	b.n	10007070 <_strtod_l+0x610>
10006b70:	2c6e      	cmp	r4, #110	; 0x6e
10006b72:	d0eb      	beq.n	10006b4c <_strtod_l+0xec>
10006b74:	9b08      	ldr	r3, [sp, #32]
10006b76:	2b00      	cmp	r3, #0
10006b78:	d002      	beq.n	10006b80 <_strtod_l+0x120>
10006b7a:	9b08      	ldr	r3, [sp, #32]
10006b7c:	601d      	str	r5, [r3, #0]
10006b7e:	2300      	movs	r3, #0
10006b80:	469b      	mov	fp, r3
10006b82:	2700      	movs	r7, #0
10006b84:	4658      	mov	r0, fp
10006b86:	0039      	movs	r1, r7
10006b88:	b021      	add	sp, #132	; 0x84
10006b8a:	bcf0      	pop	{r4, r5, r6, r7}
10006b8c:	46bb      	mov	fp, r7
10006b8e:	46b2      	mov	sl, r6
10006b90:	46a9      	mov	r9, r5
10006b92:	46a0      	mov	r8, r4
10006b94:	bdf0      	pop	{r4, r5, r6, r7, pc}
10006b96:	3701      	adds	r7, #1
10006b98:	971b      	str	r7, [sp, #108]	; 0x6c
10006b9a:	e77c      	b.n	10006a96 <_strtod_l+0x36>
10006b9c:	4690      	mov	r8, r2
10006b9e:	9907      	ldr	r1, [sp, #28]
10006ba0:	465a      	mov	r2, fp
10006ba2:	46a9      	mov	r9, r5
10006ba4:	4665      	mov	r5, ip
10006ba6:	f002 fa5f 	bl	10009068 <strncmp>
10006baa:	2800      	cmp	r0, #0
10006bac:	d17a      	bne.n	10006ca4 <_strtod_l+0x244>
10006bae:	9b1b      	ldr	r3, [sp, #108]	; 0x6c
10006bb0:	445b      	add	r3, fp
10006bb2:	931b      	str	r3, [sp, #108]	; 0x6c
10006bb4:	781c      	ldrb	r4, [r3, #0]
10006bb6:	2e00      	cmp	r6, #0
10006bb8:	d001      	beq.n	10006bbe <_strtod_l+0x15e>
10006bba:	f000 fd7d 	bl	100076b8 <_strtod_l+0xc58>
10006bbe:	2c30      	cmp	r4, #48	; 0x30
10006bc0:	d001      	beq.n	10006bc6 <_strtod_l+0x166>
10006bc2:	f000 fd6a 	bl	1000769a <_strtod_l+0xc3a>
10006bc6:	2201      	movs	r2, #1
10006bc8:	1ad2      	subs	r2, r2, r3
10006bca:	1898      	adds	r0, r3, r2
10006bcc:	3301      	adds	r3, #1
10006bce:	931b      	str	r3, [sp, #108]	; 0x6c
10006bd0:	781c      	ldrb	r4, [r3, #0]
10006bd2:	2c30      	cmp	r4, #48	; 0x30
10006bd4:	d0f9      	beq.n	10006bca <_strtod_l+0x16a>
10006bd6:	0023      	movs	r3, r4
10006bd8:	3b31      	subs	r3, #49	; 0x31
10006bda:	2b08      	cmp	r3, #8
10006bdc:	d900      	bls.n	10006be0 <_strtod_l+0x180>
10006bde:	e3b9      	b.n	10007354 <_strtod_l+0x8f4>
10006be0:	9b1b      	ldr	r3, [sp, #108]	; 0x6c
10006be2:	2601      	movs	r6, #1
10006be4:	469c      	mov	ip, r3
10006be6:	2330      	movs	r3, #48	; 0x30
10006be8:	425b      	negs	r3, r3
10006bea:	469b      	mov	fp, r3
10006bec:	44a3      	add	fp, r4
10006bee:	465b      	mov	r3, fp
10006bf0:	9307      	str	r3, [sp, #28]
10006bf2:	1c43      	adds	r3, r0, #1
10006bf4:	9310      	str	r3, [sp, #64]	; 0x40
10006bf6:	2300      	movs	r3, #0
10006bf8:	4667      	mov	r7, ip
10006bfa:	930d      	str	r3, [sp, #52]	; 0x34
10006bfc:	4643      	mov	r3, r8
10006bfe:	9a07      	ldr	r2, [sp, #28]
10006c00:	009b      	lsls	r3, r3, #2
10006c02:	4443      	add	r3, r8
10006c04:	4690      	mov	r8, r2
10006c06:	005b      	lsls	r3, r3, #1
10006c08:	4443      	add	r3, r8
10006c0a:	4698      	mov	r8, r3
10006c0c:	2000      	movs	r0, #0
10006c0e:	4663      	mov	r3, ip
10006c10:	3301      	adds	r3, #1
10006c12:	931b      	str	r3, [sp, #108]	; 0x6c
10006c14:	4663      	mov	r3, ip
10006c16:	785c      	ldrb	r4, [r3, #1]
10006c18:	0021      	movs	r1, r4
10006c1a:	3930      	subs	r1, #48	; 0x30
10006c1c:	2909      	cmp	r1, #9
10006c1e:	d900      	bls.n	10006c22 <_strtod_l+0x1c2>
10006c20:	e337      	b.n	10007292 <_strtod_l+0x832>
10006c22:	9b1b      	ldr	r3, [sp, #108]	; 0x6c
10006c24:	3001      	adds	r0, #1
10006c26:	469c      	mov	ip, r3
10006c28:	9107      	str	r1, [sp, #28]
10006c2a:	2900      	cmp	r1, #0
10006c2c:	d0ef      	beq.n	10006c0e <_strtod_l+0x1ae>
10006c2e:	9c10      	ldr	r4, [sp, #64]	; 0x40
10006c30:	1c73      	adds	r3, r6, #1
10006c32:	46a3      	mov	fp, r4
10006c34:	4483      	add	fp, r0
10006c36:	465c      	mov	r4, fp
10006c38:	001a      	movs	r2, r3
10006c3a:	9410      	str	r4, [sp, #64]	; 0x40
10006c3c:	2801      	cmp	r0, #1
10006c3e:	d101      	bne.n	10006c44 <_strtod_l+0x1e4>
10006c40:	f000 fcb0 	bl	100075a4 <_strtod_l+0xb44>
10006c44:	000a      	movs	r2, r1
10006c46:	002c      	movs	r4, r5
10006c48:	1980      	adds	r0, r0, r6
10006c4a:	468b      	mov	fp, r1
10006c4c:	4645      	mov	r5, r8
10006c4e:	4649      	mov	r1, r9
10006c50:	46a0      	mov	r8, r4
10006c52:	4691      	mov	r9, r2
10006c54:	3801      	subs	r0, #1
10006c56:	e007      	b.n	10006c68 <_strtod_l+0x208>
10006c58:	00ac      	lsls	r4, r5, #2
10006c5a:	1965      	adds	r5, r4, r5
10006c5c:	006d      	lsls	r5, r5, #1
10006c5e:	4298      	cmp	r0, r3
10006c60:	d101      	bne.n	10006c66 <_strtod_l+0x206>
10006c62:	f000 fc96 	bl	10007592 <_strtod_l+0xb32>
10006c66:	3301      	adds	r3, #1
10006c68:	0032      	movs	r2, r6
10006c6a:	001e      	movs	r6, r3
10006c6c:	2a08      	cmp	r2, #8
10006c6e:	d9f3      	bls.n	10006c58 <_strtod_l+0x1f8>
10006c70:	2b10      	cmp	r3, #16
10006c72:	dcf4      	bgt.n	10006c5e <_strtod_l+0x1fe>
10006c74:	008c      	lsls	r4, r1, #2
10006c76:	1861      	adds	r1, r4, r1
10006c78:	0049      	lsls	r1, r1, #1
10006c7a:	e7f0      	b.n	10006c5e <_strtod_l+0x1fe>
10006c7c:	787b      	ldrb	r3, [r7, #1]
10006c7e:	3220      	adds	r2, #32
10006c80:	4393      	bics	r3, r2
10006c82:	1c7e      	adds	r6, r7, #1
10006c84:	2b58      	cmp	r3, #88	; 0x58
10006c86:	d101      	bne.n	10006c8c <_strtod_l+0x22c>
10006c88:	f000 fc5e 	bl	10007548 <_strtod_l+0xae8>
10006c8c:	0037      	movs	r7, r6
10006c8e:	961b      	str	r6, [sp, #108]	; 0x6c
10006c90:	783b      	ldrb	r3, [r7, #0]
10006c92:	3601      	adds	r6, #1
10006c94:	2b30      	cmp	r3, #48	; 0x30
10006c96:	d0f9      	beq.n	10006c8c <_strtod_l+0x22c>
10006c98:	2b00      	cmp	r3, #0
10006c9a:	d100      	bne.n	10006c9e <_strtod_l+0x23e>
10006c9c:	e1e5      	b.n	1000706a <_strtod_l+0x60a>
10006c9e:	2201      	movs	r2, #1
10006ca0:	920a      	str	r2, [sp, #40]	; 0x28
10006ca2:	e705      	b.n	10006ab0 <_strtod_l+0x50>
10006ca4:	2300      	movs	r3, #0
10006ca6:	2000      	movs	r0, #0
10006ca8:	469c      	mov	ip, r3
10006caa:	960d      	str	r6, [sp, #52]	; 0x34
10006cac:	9310      	str	r3, [sp, #64]	; 0x40
10006cae:	2320      	movs	r3, #32
10006cb0:	0022      	movs	r2, r4
10006cb2:	439a      	bics	r2, r3
10006cb4:	0013      	movs	r3, r2
10006cb6:	2200      	movs	r2, #0
10006cb8:	920b      	str	r2, [sp, #44]	; 0x2c
10006cba:	2b45      	cmp	r3, #69	; 0x45
10006cbc:	d000      	beq.n	10006cc0 <_strtod_l+0x260>
10006cbe:	e730      	b.n	10006b22 <_strtod_l+0xc2>
10006cc0:	0033      	movs	r3, r6
10006cc2:	9a0a      	ldr	r2, [sp, #40]	; 0x28
10006cc4:	4303      	orrs	r3, r0
10006cc6:	4313      	orrs	r3, r2
10006cc8:	d100      	bne.n	10006ccc <_strtod_l+0x26c>
10006cca:	e753      	b.n	10006b74 <_strtod_l+0x114>
10006ccc:	9d1b      	ldr	r5, [sp, #108]	; 0x6c
10006cce:	1c6b      	adds	r3, r5, #1
10006cd0:	931b      	str	r3, [sp, #108]	; 0x6c
10006cd2:	786c      	ldrb	r4, [r5, #1]
10006cd4:	2c2b      	cmp	r4, #43	; 0x2b
10006cd6:	d101      	bne.n	10006cdc <_strtod_l+0x27c>
10006cd8:	f000 fc24 	bl	10007524 <_strtod_l+0xac4>
10006cdc:	2c2d      	cmp	r4, #45	; 0x2d
10006cde:	d100      	bne.n	10006ce2 <_strtod_l+0x282>
10006ce0:	e306      	b.n	100072f0 <_strtod_l+0x890>
10006ce2:	2300      	movs	r3, #0
10006ce4:	469b      	mov	fp, r3
10006ce6:	0023      	movs	r3, r4
10006ce8:	3b30      	subs	r3, #48	; 0x30
10006cea:	2b09      	cmp	r3, #9
10006cec:	d900      	bls.n	10006cf0 <_strtod_l+0x290>
10006cee:	e2fa      	b.n	100072e6 <_strtod_l+0x886>
10006cf0:	2c30      	cmp	r4, #48	; 0x30
10006cf2:	d106      	bne.n	10006d02 <_strtod_l+0x2a2>
10006cf4:	9b1b      	ldr	r3, [sp, #108]	; 0x6c
10006cf6:	3301      	adds	r3, #1
10006cf8:	931b      	str	r3, [sp, #108]	; 0x6c
10006cfa:	781c      	ldrb	r4, [r3, #0]
10006cfc:	3301      	adds	r3, #1
10006cfe:	2c30      	cmp	r4, #48	; 0x30
10006d00:	d0fa      	beq.n	10006cf8 <_strtod_l+0x298>
10006d02:	2300      	movs	r3, #0
10006d04:	930b      	str	r3, [sp, #44]	; 0x2c
10006d06:	0023      	movs	r3, r4
10006d08:	3b31      	subs	r3, #49	; 0x31
10006d0a:	2b08      	cmp	r3, #8
10006d0c:	d900      	bls.n	10006d10 <_strtod_l+0x2b0>
10006d0e:	e708      	b.n	10006b22 <_strtod_l+0xc2>
10006d10:	9a1b      	ldr	r2, [sp, #108]	; 0x6c
10006d12:	3301      	adds	r3, #1
10006d14:	1c51      	adds	r1, r2, #1
10006d16:	911b      	str	r1, [sp, #108]	; 0x6c
10006d18:	7854      	ldrb	r4, [r2, #1]
10006d1a:	9207      	str	r2, [sp, #28]
10006d1c:	0022      	movs	r2, r4
10006d1e:	2c2f      	cmp	r4, #47	; 0x2f
10006d20:	dc0d      	bgt.n	10006d3e <_strtod_l+0x2de>
10006d22:	f000 fc77 	bl	10007614 <_strtod_l+0xbb4>
10006d26:	009c      	lsls	r4, r3, #2
10006d28:	18e4      	adds	r4, r4, r3
10006d2a:	0064      	lsls	r4, r4, #1
10006d2c:	18a4      	adds	r4, r4, r2
10006d2e:	000a      	movs	r2, r1
10006d30:	0023      	movs	r3, r4
10006d32:	3101      	adds	r1, #1
10006d34:	911b      	str	r1, [sp, #108]	; 0x6c
10006d36:	7852      	ldrb	r2, [r2, #1]
10006d38:	3b30      	subs	r3, #48	; 0x30
10006d3a:	2a2f      	cmp	r2, #47	; 0x2f
10006d3c:	dd01      	ble.n	10006d42 <_strtod_l+0x2e2>
10006d3e:	2a39      	cmp	r2, #57	; 0x39
10006d40:	ddf1      	ble.n	10006d26 <_strtod_l+0x2c6>
10006d42:	0014      	movs	r4, r2
10006d44:	9a07      	ldr	r2, [sp, #28]
10006d46:	1a89      	subs	r1, r1, r2
10006d48:	2908      	cmp	r1, #8
10006d4a:	dc01      	bgt.n	10006d50 <_strtod_l+0x2f0>
10006d4c:	f000 fc62 	bl	10007614 <_strtod_l+0xbb4>
10006d50:	4b08      	ldr	r3, [pc, #32]	; (10006d74 <_strtod_l+0x314>)
10006d52:	930b      	str	r3, [sp, #44]	; 0x2c
10006d54:	465b      	mov	r3, fp
10006d56:	2b00      	cmp	r3, #0
10006d58:	d100      	bne.n	10006d5c <_strtod_l+0x2fc>
10006d5a:	e6e2      	b.n	10006b22 <_strtod_l+0xc2>
10006d5c:	9b0b      	ldr	r3, [sp, #44]	; 0x2c
10006d5e:	425b      	negs	r3, r3
10006d60:	930b      	str	r3, [sp, #44]	; 0x2c
10006d62:	e6de      	b.n	10006b22 <_strtod_l+0xc2>
10006d64:	1000ae60 	.word	0x1000ae60
10006d68:	1000aba0 	.word	0x1000aba0
10006d6c:	1000ab9c 	.word	0x1000ab9c
10006d70:	1000a4b4 	.word	0x1000a4b4
10006d74:	00004e1f 	.word	0x00004e1f
10006d78:	9b0b      	ldr	r3, [sp, #44]	; 0x2c
10006d7a:	9a10      	ldr	r2, [sp, #64]	; 0x40
10006d7c:	1a9b      	subs	r3, r3, r2
10006d7e:	930c      	str	r3, [sp, #48]	; 0x30
10006d80:	9b0d      	ldr	r3, [sp, #52]	; 0x34
10006d82:	2b00      	cmp	r3, #0
10006d84:	d100      	bne.n	10006d88 <_strtod_l+0x328>
10006d86:	960d      	str	r6, [sp, #52]	; 0x34
10006d88:	46b3      	mov	fp, r6
10006d8a:	2e10      	cmp	r6, #16
10006d8c:	dd01      	ble.n	10006d92 <_strtod_l+0x332>
10006d8e:	2310      	movs	r3, #16
10006d90:	469b      	mov	fp, r3
10006d92:	4640      	mov	r0, r8
10006d94:	f7fe f99e 	bl	100050d4 <__wrap___aeabi_ui2d>
10006d98:	9004      	str	r0, [sp, #16]
10006d9a:	9105      	str	r1, [sp, #20]
10006d9c:	2e09      	cmp	r6, #9
10006d9e:	dd15      	ble.n	10006dcc <_strtod_l+0x36c>
10006da0:	465a      	mov	r2, fp
10006da2:	4bbe      	ldr	r3, [pc, #760]	; (1000709c <_strtod_l+0x63c>)
10006da4:	3a09      	subs	r2, #9
10006da6:	00d2      	lsls	r2, r2, #3
10006da8:	189b      	adds	r3, r3, r2
10006daa:	681a      	ldr	r2, [r3, #0]
10006dac:	685b      	ldr	r3, [r3, #4]
10006dae:	f7fe f91c 	bl	10004fea <__wrap___aeabi_dmul>
10006db2:	0004      	movs	r4, r0
10006db4:	4648      	mov	r0, r9
10006db6:	000d      	movs	r5, r1
10006db8:	f7fe f98c 	bl	100050d4 <__wrap___aeabi_ui2d>
10006dbc:	0002      	movs	r2, r0
10006dbe:	000b      	movs	r3, r1
10006dc0:	0020      	movs	r0, r4
10006dc2:	0029      	movs	r1, r5
10006dc4:	f7fe f8ea 	bl	10004f9c <__wrap___aeabi_dadd>
10006dc8:	9004      	str	r0, [sp, #16]
10006dca:	9105      	str	r1, [sp, #20]
10006dcc:	2e0f      	cmp	r6, #15
10006dce:	dd00      	ble.n	10006dd2 <_strtod_l+0x372>
10006dd0:	e172      	b.n	100070b8 <_strtod_l+0x658>
10006dd2:	9b0c      	ldr	r3, [sp, #48]	; 0x30
10006dd4:	2b00      	cmp	r3, #0
10006dd6:	d100      	bne.n	10006dda <_strtod_l+0x37a>
10006dd8:	e35e      	b.n	10007498 <_strtod_l+0xa38>
10006dda:	9b0c      	ldr	r3, [sp, #48]	; 0x30
10006ddc:	2b00      	cmp	r3, #0
10006dde:	dc01      	bgt.n	10006de4 <_strtod_l+0x384>
10006de0:	f000 fbf3 	bl	100075ca <_strtod_l+0xb6a>
10006de4:	2b16      	cmp	r3, #22
10006de6:	dc01      	bgt.n	10006dec <_strtod_l+0x38c>
10006de8:	f000 fc5a 	bl	100076a0 <_strtod_l+0xc40>
10006dec:	2325      	movs	r3, #37	; 0x25
10006dee:	9a0c      	ldr	r2, [sp, #48]	; 0x30
10006df0:	1b9b      	subs	r3, r3, r6
10006df2:	4293      	cmp	r3, r2
10006df4:	db01      	blt.n	10006dfa <_strtod_l+0x39a>
10006df6:	f000 fc71 	bl	100076dc <_strtod_l+0xc7c>
10006dfa:	465b      	mov	r3, fp
10006dfc:	1af4      	subs	r4, r6, r3
10006dfe:	9b0c      	ldr	r3, [sp, #48]	; 0x30
10006e00:	469c      	mov	ip, r3
10006e02:	4464      	add	r4, ip
10006e04:	230f      	movs	r3, #15
10006e06:	001a      	movs	r2, r3
10006e08:	4022      	ands	r2, r4
10006e0a:	4223      	tst	r3, r4
10006e0c:	d00a      	beq.n	10006e24 <_strtod_l+0x3c4>
10006e0e:	49a3      	ldr	r1, [pc, #652]	; (1000709c <_strtod_l+0x63c>)
10006e10:	00d2      	lsls	r2, r2, #3
10006e12:	1889      	adds	r1, r1, r2
10006e14:	6808      	ldr	r0, [r1, #0]
10006e16:	6849      	ldr	r1, [r1, #4]
10006e18:	9a04      	ldr	r2, [sp, #16]
10006e1a:	9b05      	ldr	r3, [sp, #20]
10006e1c:	f7fe f8e5 	bl	10004fea <__wrap___aeabi_dmul>
10006e20:	9004      	str	r0, [sp, #16]
10006e22:	9105      	str	r1, [sp, #20]
10006e24:	230f      	movs	r3, #15
10006e26:	439c      	bics	r4, r3
10006e28:	1e23      	subs	r3, r4, #0
10006e2a:	d000      	beq.n	10006e2e <_strtod_l+0x3ce>
10006e2c:	e2aa      	b.n	10007384 <_strtod_l+0x924>
10006e2e:	2300      	movs	r3, #0
10006e30:	9307      	str	r3, [sp, #28]
10006e32:	4643      	mov	r3, r8
10006e34:	0039      	movs	r1, r7
10006e36:	9300      	str	r3, [sp, #0]
10006e38:	4650      	mov	r0, sl
10006e3a:	0033      	movs	r3, r6
10006e3c:	9a0d      	ldr	r2, [sp, #52]	; 0x34
10006e3e:	f001 fc2b 	bl	10008698 <__s2b>
10006e42:	4680      	mov	r8, r0
10006e44:	2800      	cmp	r0, #0
10006e46:	d100      	bne.n	10006e4a <_strtod_l+0x3ea>
10006e48:	e39d      	b.n	10007586 <_strtod_l+0xb26>
10006e4a:	990c      	ldr	r1, [sp, #48]	; 0x30
10006e4c:	9b10      	ldr	r3, [sp, #64]	; 0x40
10006e4e:	980b      	ldr	r0, [sp, #44]	; 0x2c
10006e50:	17ca      	asrs	r2, r1, #31
10006e52:	1a1b      	subs	r3, r3, r0
10006e54:	401a      	ands	r2, r3
10006e56:	43cb      	mvns	r3, r1
10006e58:	17db      	asrs	r3, r3, #31
10006e5a:	4019      	ands	r1, r3
10006e5c:	2600      	movs	r6, #0
10006e5e:	2300      	movs	r3, #0
10006e60:	46c3      	mov	fp, r8
10006e62:	4699      	mov	r9, r3
10006e64:	46b0      	mov	r8, r6
10006e66:	4657      	mov	r7, sl
10006e68:	920d      	str	r2, [sp, #52]	; 0x34
10006e6a:	9113      	str	r1, [sp, #76]	; 0x4c
10006e6c:	465b      	mov	r3, fp
10006e6e:	0038      	movs	r0, r7
10006e70:	6859      	ldr	r1, [r3, #4]
10006e72:	f001 fb8b 	bl	1000858c <_Balloc>
10006e76:	4682      	mov	sl, r0
10006e78:	2800      	cmp	r0, #0
10006e7a:	d100      	bne.n	10006e7e <_strtod_l+0x41e>
10006e7c:	e387      	b.n	1000758e <_strtod_l+0xb2e>
10006e7e:	465b      	mov	r3, fp
10006e80:	4659      	mov	r1, fp
10006e82:	691b      	ldr	r3, [r3, #16]
10006e84:	310c      	adds	r1, #12
10006e86:	1c9a      	adds	r2, r3, #2
10006e88:	0092      	lsls	r2, r2, #2
10006e8a:	300c      	adds	r0, #12
10006e8c:	f7fe fedc 	bl	10005c48 <__wrap___aeabi_memcpy>
10006e90:	9b04      	ldr	r3, [sp, #16]
10006e92:	9c05      	ldr	r4, [sp, #20]
10006e94:	0019      	movs	r1, r3
10006e96:	930b      	str	r3, [sp, #44]	; 0x2c
10006e98:	ab1e      	add	r3, sp, #120	; 0x78
10006e9a:	9301      	str	r3, [sp, #4]
10006e9c:	ab1d      	add	r3, sp, #116	; 0x74
10006e9e:	9300      	str	r3, [sp, #0]
10006ea0:	000a      	movs	r2, r1
10006ea2:	0023      	movs	r3, r4
10006ea4:	0038      	movs	r0, r7
10006ea6:	940a      	str	r4, [sp, #40]	; 0x28
10006ea8:	f001 ffec 	bl	10008e84 <__d2b>
10006eac:	901c      	str	r0, [sp, #112]	; 0x70
10006eae:	2800      	cmp	r0, #0
10006eb0:	d100      	bne.n	10006eb4 <_strtod_l+0x454>
10006eb2:	e1a9      	b.n	10007208 <_strtod_l+0x7a8>
10006eb4:	2101      	movs	r1, #1
10006eb6:	0038      	movs	r0, r7
10006eb8:	f001 fc90 	bl	100087dc <__i2b>
10006ebc:	4681      	mov	r9, r0
10006ebe:	2800      	cmp	r0, #0
10006ec0:	d100      	bne.n	10006ec4 <_strtod_l+0x464>
10006ec2:	e364      	b.n	1000758e <_strtod_l+0xb2e>
10006ec4:	9b1d      	ldr	r3, [sp, #116]	; 0x74
10006ec6:	2b00      	cmp	r3, #0
10006ec8:	da00      	bge.n	10006ecc <_strtod_l+0x46c>
10006eca:	e1bd      	b.n	10007248 <_strtod_l+0x7e8>
10006ecc:	9a0d      	ldr	r2, [sp, #52]	; 0x34
10006ece:	9c13      	ldr	r4, [sp, #76]	; 0x4c
10006ed0:	189d      	adds	r5, r3, r2
10006ed2:	9907      	ldr	r1, [sp, #28]
10006ed4:	9a1e      	ldr	r2, [sp, #120]	; 0x78
10006ed6:	1a5b      	subs	r3, r3, r1
10006ed8:	2136      	movs	r1, #54	; 0x36
10006eda:	189b      	adds	r3, r3, r2
10006edc:	1a8a      	subs	r2, r1, r2
10006ede:	4970      	ldr	r1, [pc, #448]	; (100070a0 <_strtod_l+0x640>)
10006ee0:	3b01      	subs	r3, #1
10006ee2:	428b      	cmp	r3, r1
10006ee4:	db00      	blt.n	10006ee8 <_strtod_l+0x488>
10006ee6:	e14e      	b.n	10007186 <_strtod_l+0x726>
10006ee8:	1ac9      	subs	r1, r1, r3
10006eea:	1a52      	subs	r2, r2, r1
10006eec:	291f      	cmp	r1, #31
10006eee:	dd00      	ble.n	10006ef2 <_strtod_l+0x492>
10006ef0:	e1c7      	b.n	10007282 <_strtod_l+0x822>
10006ef2:	2301      	movs	r3, #1
10006ef4:	408b      	lsls	r3, r1
10006ef6:	930e      	str	r3, [sp, #56]	; 0x38
10006ef8:	2300      	movs	r3, #0
10006efa:	9311      	str	r3, [sp, #68]	; 0x44
10006efc:	9b07      	ldr	r3, [sp, #28]
10006efe:	18a4      	adds	r4, r4, r2
10006f00:	469c      	mov	ip, r3
10006f02:	18ae      	adds	r6, r5, r2
10006f04:	002b      	movs	r3, r5
10006f06:	4464      	add	r4, ip
10006f08:	42b5      	cmp	r5, r6
10006f0a:	dd00      	ble.n	10006f0e <_strtod_l+0x4ae>
10006f0c:	0033      	movs	r3, r6
10006f0e:	42a3      	cmp	r3, r4
10006f10:	dd00      	ble.n	10006f14 <_strtod_l+0x4b4>
10006f12:	0023      	movs	r3, r4
10006f14:	2b00      	cmp	r3, #0
10006f16:	dd02      	ble.n	10006f1e <_strtod_l+0x4be>
10006f18:	1af6      	subs	r6, r6, r3
10006f1a:	1ae4      	subs	r4, r4, r3
10006f1c:	1aed      	subs	r5, r5, r3
10006f1e:	9b0d      	ldr	r3, [sp, #52]	; 0x34
10006f20:	2b00      	cmp	r3, #0
10006f22:	dd00      	ble.n	10006f26 <_strtod_l+0x4c6>
10006f24:	e14c      	b.n	100071c0 <_strtod_l+0x760>
10006f26:	2e00      	cmp	r6, #0
10006f28:	dd00      	ble.n	10006f2c <_strtod_l+0x4cc>
10006f2a:	e164      	b.n	100071f6 <_strtod_l+0x796>
10006f2c:	9b0c      	ldr	r3, [sp, #48]	; 0x30
10006f2e:	2b00      	cmp	r3, #0
10006f30:	dd00      	ble.n	10006f34 <_strtod_l+0x4d4>
10006f32:	e18d      	b.n	10007250 <_strtod_l+0x7f0>
10006f34:	2c00      	cmp	r4, #0
10006f36:	dd00      	ble.n	10006f3a <_strtod_l+0x4da>
10006f38:	e199      	b.n	1000726e <_strtod_l+0x80e>
10006f3a:	2d00      	cmp	r5, #0
10006f3c:	dd08      	ble.n	10006f50 <_strtod_l+0x4f0>
10006f3e:	4649      	mov	r1, r9
10006f40:	002a      	movs	r2, r5
10006f42:	0038      	movs	r0, r7
10006f44:	f001 fdb8 	bl	10008ab8 <__lshift>
10006f48:	4681      	mov	r9, r0
10006f4a:	2800      	cmp	r0, #0
10006f4c:	d100      	bne.n	10006f50 <_strtod_l+0x4f0>
10006f4e:	e31e      	b.n	1000758e <_strtod_l+0xb2e>
10006f50:	4652      	mov	r2, sl
10006f52:	0038      	movs	r0, r7
10006f54:	991c      	ldr	r1, [sp, #112]	; 0x70
10006f56:	f001 fe47 	bl	10008be8 <__mdiff>
10006f5a:	4680      	mov	r8, r0
10006f5c:	2800      	cmp	r0, #0
10006f5e:	d100      	bne.n	10006f62 <_strtod_l+0x502>
10006f60:	e315      	b.n	1000758e <_strtod_l+0xb2e>
10006f62:	68c3      	ldr	r3, [r0, #12]
10006f64:	4649      	mov	r1, r9
10006f66:	9310      	str	r3, [sp, #64]	; 0x40
10006f68:	2300      	movs	r3, #0
10006f6a:	60c3      	str	r3, [r0, #12]
10006f6c:	f001 fe22 	bl	10008bb4 <__mcmp>
10006f70:	2800      	cmp	r0, #0
10006f72:	da01      	bge.n	10006f78 <_strtod_l+0x518>
10006f74:	f000 fc5d 	bl	10007832 <_strtod_l+0xdd2>
10006f78:	d100      	bne.n	10006f7c <_strtod_l+0x51c>
10006f7a:	e3c5      	b.n	10007708 <_strtod_l+0xca8>
10006f7c:	4649      	mov	r1, r9
10006f7e:	4640      	mov	r0, r8
10006f80:	f001 ffec 	bl	10008f5c <__ratio>
10006f84:	2380      	movs	r3, #128	; 0x80
10006f86:	2200      	movs	r2, #0
10006f88:	05db      	lsls	r3, r3, #23
10006f8a:	0004      	movs	r4, r0
10006f8c:	000d      	movs	r5, r1
10006f8e:	f7fe f87d 	bl	1000508c <__wrap___aeabi_dcmple>
10006f92:	2800      	cmp	r0, #0
10006f94:	d100      	bne.n	10006f98 <_strtod_l+0x538>
10006f96:	e0fb      	b.n	10007190 <_strtod_l+0x730>
10006f98:	9b10      	ldr	r3, [sp, #64]	; 0x40
10006f9a:	2b00      	cmp	r3, #0
10006f9c:	d100      	bne.n	10006fa0 <_strtod_l+0x540>
10006f9e:	e180      	b.n	100072a2 <_strtod_l+0x842>
10006fa0:	9b05      	ldr	r3, [sp, #20]
10006fa2:	2400      	movs	r4, #0
10006fa4:	930e      	str	r3, [sp, #56]	; 0x38
10006fa6:	2300      	movs	r3, #0
10006fa8:	9311      	str	r3, [sp, #68]	; 0x44
10006faa:	4b3e      	ldr	r3, [pc, #248]	; (100070a4 <_strtod_l+0x644>)
10006fac:	4d3d      	ldr	r5, [pc, #244]	; (100070a4 <_strtod_l+0x644>)
10006fae:	9312      	str	r3, [sp, #72]	; 0x48
10006fb0:	4b3d      	ldr	r3, [pc, #244]	; (100070a8 <_strtod_l+0x648>)
10006fb2:	9e0e      	ldr	r6, [sp, #56]	; 0x38
10006fb4:	401e      	ands	r6, r3
10006fb6:	4b3d      	ldr	r3, [pc, #244]	; (100070ac <_strtod_l+0x64c>)
10006fb8:	429e      	cmp	r6, r3
10006fba:	d100      	bne.n	10006fbe <_strtod_l+0x55e>
10006fbc:	e19e      	b.n	100072fc <_strtod_l+0x89c>
10006fbe:	9b07      	ldr	r3, [sp, #28]
10006fc0:	2b00      	cmp	r3, #0
10006fc2:	d028      	beq.n	10007016 <_strtod_l+0x5b6>
10006fc4:	23d4      	movs	r3, #212	; 0xd4
10006fc6:	04db      	lsls	r3, r3, #19
10006fc8:	429e      	cmp	r6, r3
10006fca:	d824      	bhi.n	10007016 <_strtod_l+0x5b6>
10006fcc:	4a38      	ldr	r2, [pc, #224]	; (100070b0 <_strtod_l+0x650>)
10006fce:	4b39      	ldr	r3, [pc, #228]	; (100070b4 <_strtod_l+0x654>)
10006fd0:	9811      	ldr	r0, [sp, #68]	; 0x44
10006fd2:	9912      	ldr	r1, [sp, #72]	; 0x48
10006fd4:	f7fe f85a 	bl	1000508c <__wrap___aeabi_dcmple>
10006fd8:	2800      	cmp	r0, #0
10006fda:	d018      	beq.n	1000700e <_strtod_l+0x5ae>
10006fdc:	9811      	ldr	r0, [sp, #68]	; 0x44
10006fde:	9912      	ldr	r1, [sp, #72]	; 0x48
10006fe0:	f7fe f8b8 	bl	10005154 <__wrap___aeabi_d2uiz>
10006fe4:	2800      	cmp	r0, #0
10006fe6:	d100      	bne.n	10006fea <_strtod_l+0x58a>
10006fe8:	3001      	adds	r0, #1
10006fea:	f7fe f873 	bl	100050d4 <__wrap___aeabi_ui2d>
10006fee:	000b      	movs	r3, r1
10006ff0:	9112      	str	r1, [sp, #72]	; 0x48
10006ff2:	9910      	ldr	r1, [sp, #64]	; 0x40
10006ff4:	0002      	movs	r2, r0
10006ff6:	9011      	str	r0, [sp, #68]	; 0x44
10006ff8:	2900      	cmp	r1, #0
10006ffa:	d000      	beq.n	10006ffe <_strtod_l+0x59e>
10006ffc:	e313      	b.n	10007626 <_strtod_l+0xbc6>
10006ffe:	9216      	str	r2, [sp, #88]	; 0x58
10007000:	2280      	movs	r2, #128	; 0x80
10007002:	0612      	lsls	r2, r2, #24
10007004:	4694      	mov	ip, r2
10007006:	4463      	add	r3, ip
10007008:	9317      	str	r3, [sp, #92]	; 0x5c
1000700a:	9c16      	ldr	r4, [sp, #88]	; 0x58
1000700c:	9d17      	ldr	r5, [sp, #92]	; 0x5c
1000700e:	23d6      	movs	r3, #214	; 0xd6
10007010:	04db      	lsls	r3, r3, #19
10007012:	18eb      	adds	r3, r5, r3
10007014:	1b9d      	subs	r5, r3, r6
10007016:	980b      	ldr	r0, [sp, #44]	; 0x2c
10007018:	990a      	ldr	r1, [sp, #40]	; 0x28
1000701a:	f001 feab 	bl	10008d74 <__ulp>
1000701e:	0002      	movs	r2, r0
10007020:	000b      	movs	r3, r1
10007022:	0020      	movs	r0, r4
10007024:	0029      	movs	r1, r5
10007026:	f7fd ffe0 	bl	10004fea <__wrap___aeabi_dmul>
1000702a:	9a0b      	ldr	r2, [sp, #44]	; 0x2c
1000702c:	9b0a      	ldr	r3, [sp, #40]	; 0x28
1000702e:	f7fd ffb5 	bl	10004f9c <__wrap___aeabi_dadd>
10007032:	000c      	movs	r4, r1
10007034:	9004      	str	r0, [sp, #16]
10007036:	9105      	str	r1, [sp, #20]
10007038:	9b07      	ldr	r3, [sp, #28]
1000703a:	2b00      	cmp	r3, #0
1000703c:	d104      	bne.n	10007048 <_strtod_l+0x5e8>
1000703e:	4b1a      	ldr	r3, [pc, #104]	; (100070a8 <_strtod_l+0x648>)
10007040:	4023      	ands	r3, r4
10007042:	429e      	cmp	r6, r3
10007044:	d100      	bne.n	10007048 <_strtod_l+0x5e8>
10007046:	e244      	b.n	100074d2 <_strtod_l+0xa72>
10007048:	0038      	movs	r0, r7
1000704a:	991c      	ldr	r1, [sp, #112]	; 0x70
1000704c:	f001 fac6 	bl	100085dc <_Bfree>
10007050:	4651      	mov	r1, sl
10007052:	0038      	movs	r0, r7
10007054:	f001 fac2 	bl	100085dc <_Bfree>
10007058:	4649      	mov	r1, r9
1000705a:	0038      	movs	r0, r7
1000705c:	f001 fabe 	bl	100085dc <_Bfree>
10007060:	4641      	mov	r1, r8
10007062:	0038      	movs	r0, r7
10007064:	f001 faba 	bl	100085dc <_Bfree>
10007068:	e700      	b.n	10006e6c <_strtod_l+0x40c>
1000706a:	2300      	movs	r3, #0
1000706c:	2700      	movs	r7, #0
1000706e:	469b      	mov	fp, r3
10007070:	9b08      	ldr	r3, [sp, #32]
10007072:	2b00      	cmp	r3, #0
10007074:	d001      	beq.n	1000707a <_strtod_l+0x61a>
10007076:	9a1b      	ldr	r2, [sp, #108]	; 0x6c
10007078:	601a      	str	r2, [r3, #0]
1000707a:	9b09      	ldr	r3, [sp, #36]	; 0x24
1000707c:	2b00      	cmp	r3, #0
1000707e:	d100      	bne.n	10007082 <_strtod_l+0x622>
10007080:	e580      	b.n	10006b84 <_strtod_l+0x124>
10007082:	2180      	movs	r1, #128	; 0x80
10007084:	0609      	lsls	r1, r1, #24
10007086:	187b      	adds	r3, r7, r1
10007088:	001f      	movs	r7, r3
1000708a:	e57b      	b.n	10006b84 <_strtod_l+0x124>
1000708c:	9b1b      	ldr	r3, [sp, #108]	; 0x6c
1000708e:	960d      	str	r6, [sp, #52]	; 0x34
10007090:	445b      	add	r3, fp
10007092:	931b      	str	r3, [sp, #108]	; 0x6c
10007094:	781c      	ldrb	r4, [r3, #0]
10007096:	2300      	movs	r3, #0
10007098:	9310      	str	r3, [sp, #64]	; 0x40
1000709a:	e5bd      	b.n	10006c18 <_strtod_l+0x1b8>
1000709c:	1000af20 	.word	0x1000af20
100070a0:	fffffc02 	.word	0xfffffc02
100070a4:	3ff00000 	.word	0x3ff00000
100070a8:	7ff00000 	.word	0x7ff00000
100070ac:	7fe00000 	.word	0x7fe00000
100070b0:	ffc00000 	.word	0xffc00000
100070b4:	41dfffff 	.word	0x41dfffff
100070b8:	465b      	mov	r3, fp
100070ba:	1af4      	subs	r4, r6, r3
100070bc:	9b0c      	ldr	r3, [sp, #48]	; 0x30
100070be:	469c      	mov	ip, r3
100070c0:	4464      	add	r4, ip
100070c2:	2c00      	cmp	r4, #0
100070c4:	dd00      	ble.n	100070c8 <_strtod_l+0x668>
100070c6:	e69d      	b.n	10006e04 <_strtod_l+0x3a4>
100070c8:	d100      	bne.n	100070cc <_strtod_l+0x66c>
100070ca:	e6b0      	b.n	10006e2e <_strtod_l+0x3ce>
100070cc:	230f      	movs	r3, #15
100070ce:	001a      	movs	r2, r3
100070d0:	4264      	negs	r4, r4
100070d2:	4022      	ands	r2, r4
100070d4:	4223      	tst	r3, r4
100070d6:	d00a      	beq.n	100070ee <_strtod_l+0x68e>
100070d8:	9804      	ldr	r0, [sp, #16]
100070da:	9905      	ldr	r1, [sp, #20]
100070dc:	4bd0      	ldr	r3, [pc, #832]	; (10007420 <_strtod_l+0x9c0>)
100070de:	00d2      	lsls	r2, r2, #3
100070e0:	189a      	adds	r2, r3, r2
100070e2:	6853      	ldr	r3, [r2, #4]
100070e4:	6812      	ldr	r2, [r2, #0]
100070e6:	f7fd ff62 	bl	10004fae <__wrap___aeabi_ddiv>
100070ea:	9004      	str	r0, [sp, #16]
100070ec:	9105      	str	r1, [sp, #20]
100070ee:	1124      	asrs	r4, r4, #4
100070f0:	d100      	bne.n	100070f4 <_strtod_l+0x694>
100070f2:	e69c      	b.n	10006e2e <_strtod_l+0x3ce>
100070f4:	2c1f      	cmp	r4, #31
100070f6:	dc3f      	bgt.n	10007178 <_strtod_l+0x718>
100070f8:	2310      	movs	r3, #16
100070fa:	001a      	movs	r2, r3
100070fc:	4022      	ands	r2, r4
100070fe:	9207      	str	r2, [sp, #28]
10007100:	4223      	tst	r3, r4
10007102:	d001      	beq.n	10007108 <_strtod_l+0x6a8>
10007104:	335a      	adds	r3, #90	; 0x5a
10007106:	9307      	str	r3, [sp, #28]
10007108:	2201      	movs	r2, #1
1000710a:	9804      	ldr	r0, [sp, #16]
1000710c:	9905      	ldr	r1, [sp, #20]
1000710e:	2300      	movs	r3, #0
10007110:	4691      	mov	r9, r2
10007112:	4dc4      	ldr	r5, [pc, #784]	; (10007424 <_strtod_l+0x9c4>)
10007114:	464a      	mov	r2, r9
10007116:	4222      	tst	r2, r4
10007118:	d004      	beq.n	10007124 <_strtod_l+0x6c4>
1000711a:	682a      	ldr	r2, [r5, #0]
1000711c:	686b      	ldr	r3, [r5, #4]
1000711e:	f7fd ff64 	bl	10004fea <__wrap___aeabi_dmul>
10007122:	2301      	movs	r3, #1
10007124:	1064      	asrs	r4, r4, #1
10007126:	3508      	adds	r5, #8
10007128:	2c00      	cmp	r4, #0
1000712a:	d1f3      	bne.n	10007114 <_strtod_l+0x6b4>
1000712c:	2b00      	cmp	r3, #0
1000712e:	d001      	beq.n	10007134 <_strtod_l+0x6d4>
10007130:	9004      	str	r0, [sp, #16]
10007132:	9105      	str	r1, [sp, #20]
10007134:	9b07      	ldr	r3, [sp, #28]
10007136:	2b00      	cmp	r3, #0
10007138:	d015      	beq.n	10007166 <_strtod_l+0x706>
1000713a:	9b04      	ldr	r3, [sp, #16]
1000713c:	9c05      	ldr	r4, [sp, #20]
1000713e:	236b      	movs	r3, #107	; 0x6b
10007140:	0062      	lsls	r2, r4, #1
10007142:	0d52      	lsrs	r2, r2, #21
10007144:	0021      	movs	r1, r4
10007146:	1a9b      	subs	r3, r3, r2
10007148:	2b00      	cmp	r3, #0
1000714a:	dd0c      	ble.n	10007166 <_strtod_l+0x706>
1000714c:	2b1f      	cmp	r3, #31
1000714e:	dc01      	bgt.n	10007154 <_strtod_l+0x6f4>
10007150:	f000 fbdc 	bl	1000790c <_strtod_l+0xeac>
10007154:	2000      	movs	r0, #0
10007156:	9004      	str	r0, [sp, #16]
10007158:	2b34      	cmp	r3, #52	; 0x34
1000715a:	dc01      	bgt.n	10007160 <_strtod_l+0x700>
1000715c:	f000 fc22 	bl	100079a4 <_strtod_l+0xf44>
10007160:	23dc      	movs	r3, #220	; 0xdc
10007162:	049b      	lsls	r3, r3, #18
10007164:	9305      	str	r3, [sp, #20]
10007166:	2200      	movs	r2, #0
10007168:	9804      	ldr	r0, [sp, #16]
1000716a:	9905      	ldr	r1, [sp, #20]
1000716c:	2300      	movs	r3, #0
1000716e:	f7fd ff7f 	bl	10005070 <__wrap___aeabi_dcmpeq>
10007172:	2800      	cmp	r0, #0
10007174:	d100      	bne.n	10007178 <_strtod_l+0x718>
10007176:	e65c      	b.n	10006e32 <_strtod_l+0x3d2>
10007178:	2322      	movs	r3, #34	; 0x22
1000717a:	4652      	mov	r2, sl
1000717c:	6013      	str	r3, [r2, #0]
1000717e:	2300      	movs	r3, #0
10007180:	2700      	movs	r7, #0
10007182:	469b      	mov	fp, r3
10007184:	e774      	b.n	10007070 <_strtod_l+0x610>
10007186:	2300      	movs	r3, #0
10007188:	9311      	str	r3, [sp, #68]	; 0x44
1000718a:	3301      	adds	r3, #1
1000718c:	930e      	str	r3, [sp, #56]	; 0x38
1000718e:	e6b5      	b.n	10006efc <_strtod_l+0x49c>
10007190:	2200      	movs	r2, #0
10007192:	4ba5      	ldr	r3, [pc, #660]	; (10007428 <_strtod_l+0x9c8>)
10007194:	0020      	movs	r0, r4
10007196:	0029      	movs	r1, r5
10007198:	f7fd ff27 	bl	10004fea <__wrap___aeabi_dmul>
1000719c:	000b      	movs	r3, r1
1000719e:	9112      	str	r1, [sp, #72]	; 0x48
100071a0:	9910      	ldr	r1, [sp, #64]	; 0x40
100071a2:	0002      	movs	r2, r0
100071a4:	9011      	str	r0, [sp, #68]	; 0x44
100071a6:	2900      	cmp	r1, #0
100071a8:	d176      	bne.n	10007298 <_strtod_l+0x838>
100071aa:	9214      	str	r2, [sp, #80]	; 0x50
100071ac:	2280      	movs	r2, #128	; 0x80
100071ae:	0612      	lsls	r2, r2, #24
100071b0:	4694      	mov	ip, r2
100071b2:	4463      	add	r3, ip
100071b4:	9315      	str	r3, [sp, #84]	; 0x54
100071b6:	9b05      	ldr	r3, [sp, #20]
100071b8:	9c14      	ldr	r4, [sp, #80]	; 0x50
100071ba:	9d15      	ldr	r5, [sp, #84]	; 0x54
100071bc:	930e      	str	r3, [sp, #56]	; 0x38
100071be:	e6f7      	b.n	10006fb0 <_strtod_l+0x550>
100071c0:	4649      	mov	r1, r9
100071c2:	001a      	movs	r2, r3
100071c4:	0038      	movs	r0, r7
100071c6:	f001 fc0b 	bl	100089e0 <__pow5mult>
100071ca:	4681      	mov	r9, r0
100071cc:	2800      	cmp	r0, #0
100071ce:	d100      	bne.n	100071d2 <_strtod_l+0x772>
100071d0:	e1dd      	b.n	1000758e <_strtod_l+0xb2e>
100071d2:	0001      	movs	r1, r0
100071d4:	9a1c      	ldr	r2, [sp, #112]	; 0x70
100071d6:	0038      	movs	r0, r7
100071d8:	f001 fb30 	bl	1000883c <__multiply>
100071dc:	9010      	str	r0, [sp, #64]	; 0x40
100071de:	2800      	cmp	r0, #0
100071e0:	d100      	bne.n	100071e4 <_strtod_l+0x784>
100071e2:	e1d4      	b.n	1000758e <_strtod_l+0xb2e>
100071e4:	0038      	movs	r0, r7
100071e6:	991c      	ldr	r1, [sp, #112]	; 0x70
100071e8:	f001 f9f8 	bl	100085dc <_Bfree>
100071ec:	9b10      	ldr	r3, [sp, #64]	; 0x40
100071ee:	931c      	str	r3, [sp, #112]	; 0x70
100071f0:	2e00      	cmp	r6, #0
100071f2:	dc00      	bgt.n	100071f6 <_strtod_l+0x796>
100071f4:	e69a      	b.n	10006f2c <_strtod_l+0x4cc>
100071f6:	0032      	movs	r2, r6
100071f8:	0038      	movs	r0, r7
100071fa:	991c      	ldr	r1, [sp, #112]	; 0x70
100071fc:	f001 fc5c 	bl	10008ab8 <__lshift>
10007200:	901c      	str	r0, [sp, #112]	; 0x70
10007202:	2800      	cmp	r0, #0
10007204:	d000      	beq.n	10007208 <_strtod_l+0x7a8>
10007206:	e691      	b.n	10006f2c <_strtod_l+0x4cc>
10007208:	4653      	mov	r3, sl
1000720a:	4646      	mov	r6, r8
1000720c:	46ba      	mov	sl, r7
1000720e:	46d8      	mov	r8, fp
10007210:	930c      	str	r3, [sp, #48]	; 0x30
10007212:	2322      	movs	r3, #34	; 0x22
10007214:	4652      	mov	r2, sl
10007216:	6013      	str	r3, [r2, #0]
10007218:	2300      	movs	r3, #0
1000721a:	469b      	mov	fp, r3
1000721c:	4f83      	ldr	r7, [pc, #524]	; (1000742c <_strtod_l+0x9cc>)
1000721e:	0001      	movs	r1, r0
10007220:	4650      	mov	r0, sl
10007222:	f001 f9db 	bl	100085dc <_Bfree>
10007226:	4650      	mov	r0, sl
10007228:	990c      	ldr	r1, [sp, #48]	; 0x30
1000722a:	f001 f9d7 	bl	100085dc <_Bfree>
1000722e:	4649      	mov	r1, r9
10007230:	4650      	mov	r0, sl
10007232:	f001 f9d3 	bl	100085dc <_Bfree>
10007236:	4641      	mov	r1, r8
10007238:	4650      	mov	r0, sl
1000723a:	f001 f9cf 	bl	100085dc <_Bfree>
1000723e:	0031      	movs	r1, r6
10007240:	4650      	mov	r0, sl
10007242:	f001 f9cb 	bl	100085dc <_Bfree>
10007246:	e713      	b.n	10007070 <_strtod_l+0x610>
10007248:	9a13      	ldr	r2, [sp, #76]	; 0x4c
1000724a:	9d0d      	ldr	r5, [sp, #52]	; 0x34
1000724c:	1ad4      	subs	r4, r2, r3
1000724e:	e640      	b.n	10006ed2 <_strtod_l+0x472>
10007250:	4651      	mov	r1, sl
10007252:	0038      	movs	r0, r7
10007254:	9a13      	ldr	r2, [sp, #76]	; 0x4c
10007256:	f001 fbc3 	bl	100089e0 <__pow5mult>
1000725a:	4682      	mov	sl, r0
1000725c:	1e03      	subs	r3, r0, #0
1000725e:	d000      	beq.n	10007262 <_strtod_l+0x802>
10007260:	e668      	b.n	10006f34 <_strtod_l+0x4d4>
10007262:	4646      	mov	r6, r8
10007264:	46ba      	mov	sl, r7
10007266:	46d8      	mov	r8, fp
10007268:	981c      	ldr	r0, [sp, #112]	; 0x70
1000726a:	930c      	str	r3, [sp, #48]	; 0x30
1000726c:	e7d1      	b.n	10007212 <_strtod_l+0x7b2>
1000726e:	4651      	mov	r1, sl
10007270:	0022      	movs	r2, r4
10007272:	0038      	movs	r0, r7
10007274:	f001 fc20 	bl	10008ab8 <__lshift>
10007278:	4682      	mov	sl, r0
1000727a:	1e03      	subs	r3, r0, #0
1000727c:	d000      	beq.n	10007280 <_strtod_l+0x820>
1000727e:	e65c      	b.n	10006f3a <_strtod_l+0x4da>
10007280:	e7ef      	b.n	10007262 <_strtod_l+0x802>
10007282:	496b      	ldr	r1, [pc, #428]	; (10007430 <_strtod_l+0x9d0>)
10007284:	1acb      	subs	r3, r1, r3
10007286:	2101      	movs	r1, #1
10007288:	4099      	lsls	r1, r3
1000728a:	2301      	movs	r3, #1
1000728c:	9111      	str	r1, [sp, #68]	; 0x44
1000728e:	930e      	str	r3, [sp, #56]	; 0x38
10007290:	e634      	b.n	10006efc <_strtod_l+0x49c>
10007292:	2301      	movs	r3, #1
10007294:	469c      	mov	ip, r3
10007296:	e50a      	b.n	10006cae <_strtod_l+0x24e>
10007298:	9a11      	ldr	r2, [sp, #68]	; 0x44
1000729a:	9b12      	ldr	r3, [sp, #72]	; 0x48
1000729c:	9214      	str	r2, [sp, #80]	; 0x50
1000729e:	9315      	str	r3, [sp, #84]	; 0x54
100072a0:	e789      	b.n	100071b6 <_strtod_l+0x756>
100072a2:	9904      	ldr	r1, [sp, #16]
100072a4:	9a05      	ldr	r2, [sp, #20]
100072a6:	2900      	cmp	r1, #0
100072a8:	d15b      	bne.n	10007362 <_strtod_l+0x902>
100072aa:	920e      	str	r2, [sp, #56]	; 0x38
100072ac:	0313      	lsls	r3, r2, #12
100072ae:	d15d      	bne.n	1000736c <_strtod_l+0x90c>
100072b0:	2200      	movs	r2, #0
100072b2:	0020      	movs	r0, r4
100072b4:	0029      	movs	r1, r5
100072b6:	4b5f      	ldr	r3, [pc, #380]	; (10007434 <_strtod_l+0x9d4>)
100072b8:	f7fd fee2 	bl	10005080 <__wrap___aeabi_dcmplt>
100072bc:	2800      	cmp	r0, #0
100072be:	d000      	beq.n	100072c2 <_strtod_l+0x862>
100072c0:	e1ff      	b.n	100076c2 <_strtod_l+0xc62>
100072c2:	2200      	movs	r2, #0
100072c4:	4b58      	ldr	r3, [pc, #352]	; (10007428 <_strtod_l+0x9c8>)
100072c6:	0020      	movs	r0, r4
100072c8:	0029      	movs	r1, r5
100072ca:	f7fd fe8e 	bl	10004fea <__wrap___aeabi_dmul>
100072ce:	2280      	movs	r2, #128	; 0x80
100072d0:	0612      	lsls	r2, r2, #24
100072d2:	000b      	movs	r3, r1
100072d4:	4694      	mov	ip, r2
100072d6:	4463      	add	r3, ip
100072d8:	9011      	str	r0, [sp, #68]	; 0x44
100072da:	9112      	str	r1, [sp, #72]	; 0x48
100072dc:	9018      	str	r0, [sp, #96]	; 0x60
100072de:	9319      	str	r3, [sp, #100]	; 0x64
100072e0:	9c18      	ldr	r4, [sp, #96]	; 0x60
100072e2:	9d19      	ldr	r5, [sp, #100]	; 0x64
100072e4:	e664      	b.n	10006fb0 <_strtod_l+0x550>
100072e6:	2300      	movs	r3, #0
100072e8:	951b      	str	r5, [sp, #108]	; 0x6c
100072ea:	930b      	str	r3, [sp, #44]	; 0x2c
100072ec:	f7ff fc19 	bl	10006b22 <_strtod_l+0xc2>
100072f0:	2301      	movs	r3, #1
100072f2:	469b      	mov	fp, r3
100072f4:	1cab      	adds	r3, r5, #2
100072f6:	931b      	str	r3, [sp, #108]	; 0x6c
100072f8:	78ac      	ldrb	r4, [r5, #2]
100072fa:	e4f4      	b.n	10006ce6 <_strtod_l+0x286>
100072fc:	4a4e      	ldr	r2, [pc, #312]	; (10007438 <_strtod_l+0x9d8>)
100072fe:	9b0e      	ldr	r3, [sp, #56]	; 0x38
10007300:	4694      	mov	ip, r2
10007302:	4463      	add	r3, ip
10007304:	9305      	str	r3, [sp, #20]
10007306:	940e      	str	r4, [sp, #56]	; 0x38
10007308:	950f      	str	r5, [sp, #60]	; 0x3c
1000730a:	9c04      	ldr	r4, [sp, #16]
1000730c:	9d05      	ldr	r5, [sp, #20]
1000730e:	0020      	movs	r0, r4
10007310:	0029      	movs	r1, r5
10007312:	f001 fd2f 	bl	10008d74 <__ulp>
10007316:	0002      	movs	r2, r0
10007318:	000b      	movs	r3, r1
1000731a:	980e      	ldr	r0, [sp, #56]	; 0x38
1000731c:	990f      	ldr	r1, [sp, #60]	; 0x3c
1000731e:	f7fd fe64 	bl	10004fea <__wrap___aeabi_dmul>
10007322:	0022      	movs	r2, r4
10007324:	002b      	movs	r3, r5
10007326:	f7fd fe39 	bl	10004f9c <__wrap___aeabi_dadd>
1000732a:	4b40      	ldr	r3, [pc, #256]	; (1000742c <_strtod_l+0x9cc>)
1000732c:	4a43      	ldr	r2, [pc, #268]	; (1000743c <_strtod_l+0x9dc>)
1000732e:	9004      	str	r0, [sp, #16]
10007330:	9105      	str	r1, [sp, #20]
10007332:	400b      	ands	r3, r1
10007334:	4293      	cmp	r3, r2
10007336:	d920      	bls.n	1000737a <_strtod_l+0x91a>
10007338:	9a0a      	ldr	r2, [sp, #40]	; 0x28
1000733a:	4b41      	ldr	r3, [pc, #260]	; (10007440 <_strtod_l+0x9e0>)
1000733c:	429a      	cmp	r2, r3
1000733e:	d103      	bne.n	10007348 <_strtod_l+0x8e8>
10007340:	9b0b      	ldr	r3, [sp, #44]	; 0x2c
10007342:	3301      	adds	r3, #1
10007344:	d100      	bne.n	10007348 <_strtod_l+0x8e8>
10007346:	e122      	b.n	1000758e <_strtod_l+0xb2e>
10007348:	4b3d      	ldr	r3, [pc, #244]	; (10007440 <_strtod_l+0x9e0>)
1000734a:	9305      	str	r3, [sp, #20]
1000734c:	2301      	movs	r3, #1
1000734e:	425b      	negs	r3, r3
10007350:	9304      	str	r3, [sp, #16]
10007352:	e679      	b.n	10007048 <_strtod_l+0x5e8>
10007354:	2300      	movs	r3, #0
10007356:	930d      	str	r3, [sp, #52]	; 0x34
10007358:	9310      	str	r3, [sp, #64]	; 0x40
1000735a:	3301      	adds	r3, #1
1000735c:	2600      	movs	r6, #0
1000735e:	469c      	mov	ip, r3
10007360:	e4a5      	b.n	10006cae <_strtod_l+0x24e>
10007362:	2901      	cmp	r1, #1
10007364:	d100      	bne.n	10007368 <_strtod_l+0x908>
10007366:	e143      	b.n	100075f0 <_strtod_l+0xb90>
10007368:	9b05      	ldr	r3, [sp, #20]
1000736a:	930e      	str	r3, [sp, #56]	; 0x38
1000736c:	2300      	movs	r3, #0
1000736e:	9311      	str	r3, [sp, #68]	; 0x44
10007370:	4b30      	ldr	r3, [pc, #192]	; (10007434 <_strtod_l+0x9d4>)
10007372:	2400      	movs	r4, #0
10007374:	4d33      	ldr	r5, [pc, #204]	; (10007444 <_strtod_l+0x9e4>)
10007376:	9312      	str	r3, [sp, #72]	; 0x48
10007378:	e61a      	b.n	10006fb0 <_strtod_l+0x550>
1000737a:	23d4      	movs	r3, #212	; 0xd4
1000737c:	049b      	lsls	r3, r3, #18
1000737e:	18cc      	adds	r4, r1, r3
10007380:	9405      	str	r4, [sp, #20]
10007382:	e659      	b.n	10007038 <_strtod_l+0x5d8>
10007384:	229a      	movs	r2, #154	; 0x9a
10007386:	0052      	lsls	r2, r2, #1
10007388:	4294      	cmp	r4, r2
1000738a:	dd00      	ble.n	1000738e <_strtod_l+0x92e>
1000738c:	e0fb      	b.n	10007586 <_strtod_l+0xb26>
1000738e:	1124      	asrs	r4, r4, #4
10007390:	2b1f      	cmp	r3, #31
10007392:	dc00      	bgt.n	10007396 <_strtod_l+0x936>
10007394:	e294      	b.n	100078c0 <_strtod_l+0xe60>
10007396:	9804      	ldr	r0, [sp, #16]
10007398:	9905      	ldr	r1, [sp, #20]
1000739a:	2200      	movs	r2, #0
1000739c:	4691      	mov	r9, r2
1000739e:	3201      	adds	r2, #1
100073a0:	4693      	mov	fp, r2
100073a2:	464a      	mov	r2, r9
100073a4:	4b28      	ldr	r3, [pc, #160]	; (10007448 <_strtod_l+0x9e8>)
100073a6:	46b1      	mov	r9, r6
100073a8:	001d      	movs	r5, r3
100073aa:	9307      	str	r3, [sp, #28]
100073ac:	0016      	movs	r6, r2
100073ae:	2300      	movs	r3, #0
100073b0:	465a      	mov	r2, fp
100073b2:	4222      	tst	r2, r4
100073b4:	d004      	beq.n	100073c0 <_strtod_l+0x960>
100073b6:	682a      	ldr	r2, [r5, #0]
100073b8:	686b      	ldr	r3, [r5, #4]
100073ba:	f7fd fe16 	bl	10004fea <__wrap___aeabi_dmul>
100073be:	2301      	movs	r3, #1
100073c0:	3601      	adds	r6, #1
100073c2:	1064      	asrs	r4, r4, #1
100073c4:	3508      	adds	r5, #8
100073c6:	2c01      	cmp	r4, #1
100073c8:	d1f2      	bne.n	100073b0 <_strtod_l+0x950>
100073ca:	0032      	movs	r2, r6
100073cc:	464e      	mov	r6, r9
100073ce:	4691      	mov	r9, r2
100073d0:	2b00      	cmp	r3, #0
100073d2:	d001      	beq.n	100073d8 <_strtod_l+0x978>
100073d4:	9004      	str	r0, [sp, #16]
100073d6:	9105      	str	r1, [sp, #20]
100073d8:	4a17      	ldr	r2, [pc, #92]	; (10007438 <_strtod_l+0x9d8>)
100073da:	9b05      	ldr	r3, [sp, #20]
100073dc:	4694      	mov	ip, r2
100073de:	4463      	add	r3, ip
100073e0:	9305      	str	r3, [sp, #20]
100073e2:	464b      	mov	r3, r9
100073e4:	00d9      	lsls	r1, r3, #3
100073e6:	9b07      	ldr	r3, [sp, #28]
100073e8:	469c      	mov	ip, r3
100073ea:	9a04      	ldr	r2, [sp, #16]
100073ec:	9b05      	ldr	r3, [sp, #20]
100073ee:	4461      	add	r1, ip
100073f0:	6808      	ldr	r0, [r1, #0]
100073f2:	6849      	ldr	r1, [r1, #4]
100073f4:	f7fd fdf9 	bl	10004fea <__wrap___aeabi_dmul>
100073f8:	4b0c      	ldr	r3, [pc, #48]	; (1000742c <_strtod_l+0x9cc>)
100073fa:	4a14      	ldr	r2, [pc, #80]	; (1000744c <_strtod_l+0x9ec>)
100073fc:	9004      	str	r0, [sp, #16]
100073fe:	9105      	str	r1, [sp, #20]
10007400:	400b      	ands	r3, r1
10007402:	4293      	cmp	r3, r2
10007404:	d900      	bls.n	10007408 <_strtod_l+0x9a8>
10007406:	e0be      	b.n	10007586 <_strtod_l+0xb26>
10007408:	4a11      	ldr	r2, [pc, #68]	; (10007450 <_strtod_l+0x9f0>)
1000740a:	4293      	cmp	r3, r2
1000740c:	d800      	bhi.n	10007410 <_strtod_l+0x9b0>
1000740e:	e1cb      	b.n	100077a8 <_strtod_l+0xd48>
10007410:	4b0b      	ldr	r3, [pc, #44]	; (10007440 <_strtod_l+0x9e0>)
10007412:	9305      	str	r3, [sp, #20]
10007414:	2301      	movs	r3, #1
10007416:	425b      	negs	r3, r3
10007418:	9304      	str	r3, [sp, #16]
1000741a:	2300      	movs	r3, #0
1000741c:	9307      	str	r3, [sp, #28]
1000741e:	e508      	b.n	10006e32 <_strtod_l+0x3d2>
10007420:	1000af20 	.word	0x1000af20
10007424:	1000ac98 	.word	0x1000ac98
10007428:	3fe00000 	.word	0x3fe00000
1000742c:	7ff00000 	.word	0x7ff00000
10007430:	fffffbe2 	.word	0xfffffbe2
10007434:	3ff00000 	.word	0x3ff00000
10007438:	fcb00000 	.word	0xfcb00000
1000743c:	7c9fffff 	.word	0x7c9fffff
10007440:	7fefffff 	.word	0x7fefffff
10007444:	bff00000 	.word	0xbff00000
10007448:	1000aef8 	.word	0x1000aef8
1000744c:	7ca00000 	.word	0x7ca00000
10007450:	7c900000 	.word	0x7c900000
10007454:	2301      	movs	r3, #1
10007456:	9309      	str	r3, [sp, #36]	; 0x24
10007458:	1c7a      	adds	r2, r7, #1
1000745a:	921b      	str	r2, [sp, #108]	; 0x6c
1000745c:	787b      	ldrb	r3, [r7, #1]
1000745e:	2b00      	cmp	r3, #0
10007460:	d101      	bne.n	10007466 <_strtod_l+0xa06>
10007462:	f7ff fb87 	bl	10006b74 <_strtod_l+0x114>
10007466:	0017      	movs	r7, r2
10007468:	f7ff fb1d 	bl	10006aa6 <_strtod_l+0x46>
1000746c:	2300      	movs	r3, #0
1000746e:	9309      	str	r3, [sp, #36]	; 0x24
10007470:	e7f2      	b.n	10007458 <_strtod_l+0x9f8>
10007472:	49d2      	ldr	r1, [pc, #840]	; (100077bc <_strtod_l+0xd5c>)
10007474:	9b1e      	ldr	r3, [sp, #120]	; 0x78
10007476:	468c      	mov	ip, r1
10007478:	4ad1      	ldr	r2, [pc, #836]	; (100077c0 <_strtod_l+0xd60>)
1000747a:	9304      	str	r3, [sp, #16]
1000747c:	9b1f      	ldr	r3, [sp, #124]	; 0x7c
1000747e:	401a      	ands	r2, r3
10007480:	9b1d      	ldr	r3, [sp, #116]	; 0x74
10007482:	4463      	add	r3, ip
10007484:	051b      	lsls	r3, r3, #20
10007486:	431a      	orrs	r2, r3
10007488:	9205      	str	r2, [sp, #20]
1000748a:	0723      	lsls	r3, r4, #28
1000748c:	d504      	bpl.n	10007498 <_strtod_l+0xa38>
1000748e:	2380      	movs	r3, #128	; 0x80
10007490:	9a05      	ldr	r2, [sp, #20]
10007492:	061b      	lsls	r3, r3, #24
10007494:	431a      	orrs	r2, r3
10007496:	9205      	str	r2, [sp, #20]
10007498:	9b04      	ldr	r3, [sp, #16]
1000749a:	9c05      	ldr	r4, [sp, #20]
1000749c:	469b      	mov	fp, r3
1000749e:	0027      	movs	r7, r4
100074a0:	e5e6      	b.n	10007070 <_strtod_l+0x610>
100074a2:	49c8      	ldr	r1, [pc, #800]	; (100077c4 <_strtod_l+0xd64>)
100074a4:	a81b      	add	r0, sp, #108	; 0x6c
100074a6:	f000 ff59 	bl	1000835c <__match>
100074aa:	2800      	cmp	r0, #0
100074ac:	d101      	bne.n	100074b2 <_strtod_l+0xa52>
100074ae:	f7ff fb61 	bl	10006b74 <_strtod_l+0x114>
100074b2:	9b1b      	ldr	r3, [sp, #108]	; 0x6c
100074b4:	49c4      	ldr	r1, [pc, #784]	; (100077c8 <_strtod_l+0xd68>)
100074b6:	3b01      	subs	r3, #1
100074b8:	a81b      	add	r0, sp, #108	; 0x6c
100074ba:	931b      	str	r3, [sp, #108]	; 0x6c
100074bc:	f000 ff4e 	bl	1000835c <__match>
100074c0:	2800      	cmp	r0, #0
100074c2:	d102      	bne.n	100074ca <_strtod_l+0xa6a>
100074c4:	9b1b      	ldr	r3, [sp, #108]	; 0x6c
100074c6:	3301      	adds	r3, #1
100074c8:	931b      	str	r3, [sp, #108]	; 0x6c
100074ca:	2300      	movs	r3, #0
100074cc:	4fbf      	ldr	r7, [pc, #764]	; (100077cc <_strtod_l+0xd6c>)
100074ce:	469b      	mov	fp, r3
100074d0:	e5ce      	b.n	10007070 <_strtod_l+0x610>
100074d2:	9e11      	ldr	r6, [sp, #68]	; 0x44
100074d4:	9d12      	ldr	r5, [sp, #72]	; 0x48
100074d6:	0030      	movs	r0, r6
100074d8:	0029      	movs	r1, r5
100074da:	f7fd fe53 	bl	10005184 <__wrap___aeabi_d2lz>
100074de:	f7fd fe45 	bl	1000516c <__wrap___aeabi_l2d>
100074e2:	0002      	movs	r2, r0
100074e4:	000b      	movs	r3, r1
100074e6:	0030      	movs	r0, r6
100074e8:	0029      	movs	r1, r5
100074ea:	f7fd fd4e 	bl	10004f8a <__wrap___aeabi_dsub>
100074ee:	9a04      	ldr	r2, [sp, #16]
100074f0:	9b10      	ldr	r3, [sp, #64]	; 0x40
100074f2:	0324      	lsls	r4, r4, #12
100074f4:	4313      	orrs	r3, r2
100074f6:	0b24      	lsrs	r4, r4, #12
100074f8:	0005      	movs	r5, r0
100074fa:	000e      	movs	r6, r1
100074fc:	4ab4      	ldr	r2, [pc, #720]	; (100077d0 <_strtod_l+0xd70>)
100074fe:	431c      	orrs	r4, r3
10007500:	d113      	bne.n	1000752a <_strtod_l+0xaca>
10007502:	4bb4      	ldr	r3, [pc, #720]	; (100077d4 <_strtod_l+0xd74>)
10007504:	f7fd fdbc 	bl	10005080 <__wrap___aeabi_dcmplt>
10007508:	2800      	cmp	r0, #0
1000750a:	d100      	bne.n	1000750e <_strtod_l+0xaae>
1000750c:	e59c      	b.n	10007048 <_strtod_l+0x5e8>
1000750e:	4653      	mov	r3, sl
10007510:	4646      	mov	r6, r8
10007512:	46ba      	mov	sl, r7
10007514:	46d8      	mov	r8, fp
10007516:	930c      	str	r3, [sp, #48]	; 0x30
10007518:	981c      	ldr	r0, [sp, #112]	; 0x70
1000751a:	9b04      	ldr	r3, [sp, #16]
1000751c:	9c05      	ldr	r4, [sp, #20]
1000751e:	469b      	mov	fp, r3
10007520:	0027      	movs	r7, r4
10007522:	e67c      	b.n	1000721e <_strtod_l+0x7be>
10007524:	2300      	movs	r3, #0
10007526:	469b      	mov	fp, r3
10007528:	e6e4      	b.n	100072f4 <_strtod_l+0x894>
1000752a:	4bab      	ldr	r3, [pc, #684]	; (100077d8 <_strtod_l+0xd78>)
1000752c:	f7fd fda8 	bl	10005080 <__wrap___aeabi_dcmplt>
10007530:	2800      	cmp	r0, #0
10007532:	d1ec      	bne.n	1000750e <_strtod_l+0xaae>
10007534:	0028      	movs	r0, r5
10007536:	0031      	movs	r1, r6
10007538:	4aa8      	ldr	r2, [pc, #672]	; (100077dc <_strtod_l+0xd7c>)
1000753a:	4ba9      	ldr	r3, [pc, #676]	; (100077e0 <_strtod_l+0xd80>)
1000753c:	f7fd fdb6 	bl	100050ac <__wrap___aeabi_dcmpgt>
10007540:	2800      	cmp	r0, #0
10007542:	d100      	bne.n	10007546 <_strtod_l+0xae6>
10007544:	e580      	b.n	10007048 <_strtod_l+0x5e8>
10007546:	e7e2      	b.n	1000750e <_strtod_l+0xaae>
10007548:	9b09      	ldr	r3, [sp, #36]	; 0x24
1000754a:	9402      	str	r4, [sp, #8]
1000754c:	9301      	str	r3, [sp, #4]
1000754e:	ab1c      	add	r3, sp, #112	; 0x70
10007550:	9300      	str	r3, [sp, #0]
10007552:	4650      	mov	r0, sl
10007554:	ab1d      	add	r3, sp, #116	; 0x74
10007556:	4aa3      	ldr	r2, [pc, #652]	; (100077e4 <_strtod_l+0xd84>)
10007558:	a91b      	add	r1, sp, #108	; 0x6c
1000755a:	f000 fc19 	bl	10007d90 <__gethex>
1000755e:	2307      	movs	r3, #7
10007560:	001d      	movs	r5, r3
10007562:	0004      	movs	r4, r0
10007564:	4005      	ands	r5, r0
10007566:	4203      	tst	r3, r0
10007568:	d100      	bne.n	1000756c <_strtod_l+0xb0c>
1000756a:	e57e      	b.n	1000706a <_strtod_l+0x60a>
1000756c:	2d06      	cmp	r5, #6
1000756e:	d174      	bne.n	1000765a <_strtod_l+0xbfa>
10007570:	9b08      	ldr	r3, [sp, #32]
10007572:	2b00      	cmp	r3, #0
10007574:	d101      	bne.n	1000757a <_strtod_l+0xb1a>
10007576:	f7ff fb02 	bl	10006b7e <_strtod_l+0x11e>
1000757a:	601e      	str	r6, [r3, #0]
1000757c:	2300      	movs	r3, #0
1000757e:	2700      	movs	r7, #0
10007580:	469b      	mov	fp, r3
10007582:	f7ff faff 	bl	10006b84 <_strtod_l+0x124>
10007586:	2322      	movs	r3, #34	; 0x22
10007588:	4652      	mov	r2, sl
1000758a:	6013      	str	r3, [r2, #0]
1000758c:	e79d      	b.n	100074ca <_strtod_l+0xa6a>
1000758e:	4653      	mov	r3, sl
10007590:	e667      	b.n	10007262 <_strtod_l+0x802>
10007592:	465b      	mov	r3, fp
10007594:	4648      	mov	r0, r9
10007596:	9307      	str	r3, [sp, #28]
10007598:	4643      	mov	r3, r8
1000759a:	4689      	mov	r9, r1
1000759c:	46a8      	mov	r8, r5
1000759e:	0001      	movs	r1, r0
100075a0:	001d      	movs	r5, r3
100075a2:	3202      	adds	r2, #2
100075a4:	2e08      	cmp	r6, #8
100075a6:	dc43      	bgt.n	10007630 <_strtod_l+0xbd0>
100075a8:	0016      	movs	r6, r2
100075aa:	f7ff fb27 	bl	10006bfc <_strtod_l+0x19c>
100075ae:	465a      	mov	r2, fp
100075b0:	0038      	movs	r0, r7
100075b2:	9907      	ldr	r1, [sp, #28]
100075b4:	f001 fd58 	bl	10009068 <strncmp>
100075b8:	2800      	cmp	r0, #0
100075ba:	d045      	beq.n	10007648 <_strtod_l+0xbe8>
100075bc:	2300      	movs	r3, #0
100075be:	2600      	movs	r6, #0
100075c0:	4699      	mov	r9, r3
100075c2:	4698      	mov	r8, r3
100075c4:	930d      	str	r3, [sp, #52]	; 0x34
100075c6:	f7ff faa7 	bl	10006b18 <_strtod_l+0xb8>
100075ca:	9b0c      	ldr	r3, [sp, #48]	; 0x30
100075cc:	3316      	adds	r3, #22
100075ce:	da00      	bge.n	100075d2 <_strtod_l+0xb72>
100075d0:	e572      	b.n	100070b8 <_strtod_l+0x658>
100075d2:	9804      	ldr	r0, [sp, #16]
100075d4:	9905      	ldr	r1, [sp, #20]
100075d6:	9b10      	ldr	r3, [sp, #64]	; 0x40
100075d8:	9a0b      	ldr	r2, [sp, #44]	; 0x2c
100075da:	1a9a      	subs	r2, r3, r2
100075dc:	4b82      	ldr	r3, [pc, #520]	; (100077e8 <_strtod_l+0xd88>)
100075de:	00d2      	lsls	r2, r2, #3
100075e0:	189b      	adds	r3, r3, r2
100075e2:	681a      	ldr	r2, [r3, #0]
100075e4:	685b      	ldr	r3, [r3, #4]
100075e6:	f7fd fce2 	bl	10004fae <__wrap___aeabi_ddiv>
100075ea:	4683      	mov	fp, r0
100075ec:	000f      	movs	r7, r1
100075ee:	e53f      	b.n	10007070 <_strtod_l+0x610>
100075f0:	9b05      	ldr	r3, [sp, #20]
100075f2:	930e      	str	r3, [sp, #56]	; 0x38
100075f4:	2b00      	cmp	r3, #0
100075f6:	d000      	beq.n	100075fa <_strtod_l+0xb9a>
100075f8:	e6b8      	b.n	1000736c <_strtod_l+0x90c>
100075fa:	4653      	mov	r3, sl
100075fc:	4646      	mov	r6, r8
100075fe:	46ba      	mov	sl, r7
10007600:	46d8      	mov	r8, fp
10007602:	930c      	str	r3, [sp, #48]	; 0x30
10007604:	2322      	movs	r3, #34	; 0x22
10007606:	4652      	mov	r2, sl
10007608:	6013      	str	r3, [r2, #0]
1000760a:	2300      	movs	r3, #0
1000760c:	981c      	ldr	r0, [sp, #112]	; 0x70
1000760e:	469b      	mov	fp, r3
10007610:	001f      	movs	r7, r3
10007612:	e604      	b.n	1000721e <_strtod_l+0x7be>
10007614:	001a      	movs	r2, r3
10007616:	930b      	str	r3, [sp, #44]	; 0x2c
10007618:	4b74      	ldr	r3, [pc, #464]	; (100077ec <_strtod_l+0xd8c>)
1000761a:	429a      	cmp	r2, r3
1000761c:	dc01      	bgt.n	10007622 <_strtod_l+0xbc2>
1000761e:	f7ff fb99 	bl	10006d54 <_strtod_l+0x2f4>
10007622:	f7ff fb96 	bl	10006d52 <_strtod_l+0x2f2>
10007626:	9a11      	ldr	r2, [sp, #68]	; 0x44
10007628:	9b12      	ldr	r3, [sp, #72]	; 0x48
1000762a:	9216      	str	r2, [sp, #88]	; 0x58
1000762c:	9317      	str	r3, [sp, #92]	; 0x5c
1000762e:	e4ec      	b.n	1000700a <_strtod_l+0x5aa>
10007630:	2a10      	cmp	r2, #16
10007632:	dc4f      	bgt.n	100076d4 <_strtod_l+0xc74>
10007634:	464b      	mov	r3, r9
10007636:	009b      	lsls	r3, r3, #2
10007638:	444b      	add	r3, r9
1000763a:	4689      	mov	r9, r1
1000763c:	005b      	lsls	r3, r3, #1
1000763e:	0016      	movs	r6, r2
10007640:	2000      	movs	r0, #0
10007642:	4499      	add	r9, r3
10007644:	f7ff fae3 	bl	10006c0e <_strtod_l+0x1ae>
10007648:	2200      	movs	r2, #0
1000764a:	9b1b      	ldr	r3, [sp, #108]	; 0x6c
1000764c:	4690      	mov	r8, r2
1000764e:	445b      	add	r3, fp
10007650:	931b      	str	r3, [sp, #108]	; 0x6c
10007652:	4691      	mov	r9, r2
10007654:	781c      	ldrb	r4, [r3, #0]
10007656:	f7ff fab2 	bl	10006bbe <_strtod_l+0x15e>
1000765a:	9a1c      	ldr	r2, [sp, #112]	; 0x70
1000765c:	2a00      	cmp	r2, #0
1000765e:	d007      	beq.n	10007670 <_strtod_l+0xc10>
10007660:	2135      	movs	r1, #53	; 0x35
10007662:	a81e      	add	r0, sp, #120	; 0x78
10007664:	f001 fcae 	bl	10008fc4 <__copybits>
10007668:	4650      	mov	r0, sl
1000766a:	991c      	ldr	r1, [sp, #112]	; 0x70
1000766c:	f000 ffb6 	bl	100085dc <_Bfree>
10007670:	2d05      	cmp	r5, #5
10007672:	d900      	bls.n	10007676 <_strtod_l+0xc16>
10007674:	e709      	b.n	1000748a <_strtod_l+0xa2a>
10007676:	4b5e      	ldr	r3, [pc, #376]	; (100077f0 <_strtod_l+0xd90>)
10007678:	00ad      	lsls	r5, r5, #2
1000767a:	595b      	ldr	r3, [r3, r5]
1000767c:	469f      	mov	pc, r3
1000767e:	4b5d      	ldr	r3, [pc, #372]	; (100077f4 <_strtod_l+0xd94>)
10007680:	9305      	str	r3, [sp, #20]
10007682:	2301      	movs	r3, #1
10007684:	425b      	negs	r3, r3
10007686:	9304      	str	r3, [sp, #16]
10007688:	e6ff      	b.n	1000748a <_strtod_l+0xa2a>
1000768a:	4b50      	ldr	r3, [pc, #320]	; (100077cc <_strtod_l+0xd6c>)
1000768c:	9305      	str	r3, [sp, #20]
1000768e:	e6fc      	b.n	1000748a <_strtod_l+0xa2a>
10007690:	9b1e      	ldr	r3, [sp, #120]	; 0x78
10007692:	9304      	str	r3, [sp, #16]
10007694:	9b1f      	ldr	r3, [sp, #124]	; 0x7c
10007696:	9305      	str	r3, [sp, #20]
10007698:	e6f7      	b.n	1000748a <_strtod_l+0xa2a>
1000769a:	2000      	movs	r0, #0
1000769c:	f7ff fa9b 	bl	10006bd6 <_strtod_l+0x176>
100076a0:	4951      	ldr	r1, [pc, #324]	; (100077e8 <_strtod_l+0xd88>)
100076a2:	00db      	lsls	r3, r3, #3
100076a4:	18c9      	adds	r1, r1, r3
100076a6:	6808      	ldr	r0, [r1, #0]
100076a8:	6849      	ldr	r1, [r1, #4]
100076aa:	9a04      	ldr	r2, [sp, #16]
100076ac:	9b05      	ldr	r3, [sp, #20]
100076ae:	f7fd fc9c 	bl	10004fea <__wrap___aeabi_dmul>
100076b2:	4683      	mov	fp, r0
100076b4:	000f      	movs	r7, r1
100076b6:	e4db      	b.n	10007070 <_strtod_l+0x610>
100076b8:	2300      	movs	r3, #0
100076ba:	960d      	str	r6, [sp, #52]	; 0x34
100076bc:	9310      	str	r3, [sp, #64]	; 0x40
100076be:	f7ff faab 	bl	10006c18 <_strtod_l+0x1b8>
100076c2:	2300      	movs	r3, #0
100076c4:	4c4c      	ldr	r4, [pc, #304]	; (100077f8 <_strtod_l+0xd98>)
100076c6:	9318      	str	r3, [sp, #96]	; 0x60
100076c8:	9419      	str	r4, [sp, #100]	; 0x64
100076ca:	2300      	movs	r3, #0
100076cc:	9311      	str	r3, [sp, #68]	; 0x44
100076ce:	4b44      	ldr	r3, [pc, #272]	; (100077e0 <_strtod_l+0xd80>)
100076d0:	9312      	str	r3, [sp, #72]	; 0x48
100076d2:	e605      	b.n	100072e0 <_strtod_l+0x880>
100076d4:	0016      	movs	r6, r2
100076d6:	2000      	movs	r0, #0
100076d8:	f7ff fa99 	bl	10006c0e <_strtod_l+0x1ae>
100076dc:	230f      	movs	r3, #15
100076de:	4c42      	ldr	r4, [pc, #264]	; (100077e8 <_strtod_l+0xd88>)
100076e0:	1b9e      	subs	r6, r3, r6
100076e2:	00f1      	lsls	r1, r6, #3
100076e4:	1861      	adds	r1, r4, r1
100076e6:	9a04      	ldr	r2, [sp, #16]
100076e8:	9b05      	ldr	r3, [sp, #20]
100076ea:	6808      	ldr	r0, [r1, #0]
100076ec:	6849      	ldr	r1, [r1, #4]
100076ee:	f7fd fc7c 	bl	10004fea <__wrap___aeabi_dmul>
100076f2:	9b0c      	ldr	r3, [sp, #48]	; 0x30
100076f4:	1b9e      	subs	r6, r3, r6
100076f6:	00f6      	lsls	r6, r6, #3
100076f8:	19a6      	adds	r6, r4, r6
100076fa:	6832      	ldr	r2, [r6, #0]
100076fc:	6873      	ldr	r3, [r6, #4]
100076fe:	f7fd fc74 	bl	10004fea <__wrap___aeabi_dmul>
10007702:	4683      	mov	fp, r0
10007704:	000f      	movs	r7, r1
10007706:	e4b3      	b.n	10007070 <_strtod_l+0x610>
10007708:	4653      	mov	r3, sl
1000770a:	930c      	str	r3, [sp, #48]	; 0x30
1000770c:	9b0b      	ldr	r3, [sp, #44]	; 0x2c
1000770e:	4646      	mov	r6, r8
10007710:	46d8      	mov	r8, fp
10007712:	469b      	mov	fp, r3
10007714:	9b10      	ldr	r3, [sp, #64]	; 0x40
10007716:	46ba      	mov	sl, r7
10007718:	9f0a      	ldr	r7, [sp, #40]	; 0x28
1000771a:	2b00      	cmp	r3, #0
1000771c:	d100      	bne.n	10007720 <_strtod_l+0xcc0>
1000771e:	e0bf      	b.n	100078a0 <_strtod_l+0xe40>
10007720:	9b04      	ldr	r3, [sp, #16]
10007722:	9c05      	ldr	r4, [sp, #20]
10007724:	4935      	ldr	r1, [pc, #212]	; (100077fc <_strtod_l+0xd9c>)
10007726:	0323      	lsls	r3, r4, #12
10007728:	0022      	movs	r2, r4
1000772a:	0b1b      	lsrs	r3, r3, #12
1000772c:	428b      	cmp	r3, r1
1000772e:	d100      	bne.n	10007732 <_strtod_l+0xcd2>
10007730:	e0f4      	b.n	1000791c <_strtod_l+0xebc>
10007732:	9911      	ldr	r1, [sp, #68]	; 0x44
10007734:	2900      	cmp	r1, #0
10007736:	d100      	bne.n	1000773a <_strtod_l+0xcda>
10007738:	e0bb      	b.n	100078b2 <_strtod_l+0xe52>
1000773a:	9a04      	ldr	r2, [sp, #16]
1000773c:	9b05      	ldr	r3, [sp, #20]
1000773e:	001c      	movs	r4, r3
10007740:	4219      	tst	r1, r3
10007742:	d01e      	beq.n	10007782 <_strtod_l+0xd22>
10007744:	9b10      	ldr	r3, [sp, #64]	; 0x40
10007746:	4658      	mov	r0, fp
10007748:	0039      	movs	r1, r7
1000774a:	2b00      	cmp	r3, #0
1000774c:	d100      	bne.n	10007750 <_strtod_l+0xcf0>
1000774e:	e0bc      	b.n	100078ca <_strtod_l+0xe6a>
10007750:	f001 fb10 	bl	10008d74 <__ulp>
10007754:	9b07      	ldr	r3, [sp, #28]
10007756:	2b00      	cmp	r3, #0
10007758:	d00b      	beq.n	10007772 <_strtod_l+0xd12>
1000775a:	236b      	movs	r3, #107	; 0x6b
1000775c:	0064      	lsls	r4, r4, #1
1000775e:	0d64      	lsrs	r4, r4, #21
10007760:	1b1c      	subs	r4, r3, r4
10007762:	2c00      	cmp	r4, #0
10007764:	dd05      	ble.n	10007772 <_strtod_l+0xd12>
10007766:	4d26      	ldr	r5, [pc, #152]	; (10007800 <_strtod_l+0xda0>)
10007768:	0524      	lsls	r4, r4, #20
1000776a:	2200      	movs	r2, #0
1000776c:	1963      	adds	r3, r4, r5
1000776e:	f7fd fc3c 	bl	10004fea <__wrap___aeabi_dmul>
10007772:	0002      	movs	r2, r0
10007774:	000b      	movs	r3, r1
10007776:	4658      	mov	r0, fp
10007778:	0039      	movs	r1, r7
1000777a:	f7fd fc0f 	bl	10004f9c <__wrap___aeabi_dadd>
1000777e:	4683      	mov	fp, r0
10007780:	000f      	movs	r7, r1
10007782:	9b07      	ldr	r3, [sp, #28]
10007784:	2b00      	cmp	r3, #0
10007786:	d00d      	beq.n	100077a4 <_strtod_l+0xd44>
10007788:	4658      	mov	r0, fp
1000778a:	0039      	movs	r1, r7
1000778c:	4b1d      	ldr	r3, [pc, #116]	; (10007804 <_strtod_l+0xda4>)
1000778e:	2200      	movs	r2, #0
10007790:	f7fd fc2b 	bl	10004fea <__wrap___aeabi_dmul>
10007794:	0003      	movs	r3, r0
10007796:	4683      	mov	fp, r0
10007798:	000f      	movs	r7, r1
1000779a:	430b      	orrs	r3, r1
1000779c:	d102      	bne.n	100077a4 <_strtod_l+0xd44>
1000779e:	2322      	movs	r3, #34	; 0x22
100077a0:	4652      	mov	r2, sl
100077a2:	6013      	str	r3, [r2, #0]
100077a4:	981c      	ldr	r0, [sp, #112]	; 0x70
100077a6:	e53a      	b.n	1000721e <_strtod_l+0x7be>
100077a8:	22d4      	movs	r2, #212	; 0xd4
100077aa:	0492      	lsls	r2, r2, #18
100077ac:	000b      	movs	r3, r1
100077ae:	4694      	mov	ip, r2
100077b0:	4463      	add	r3, ip
100077b2:	9305      	str	r3, [sp, #20]
100077b4:	2300      	movs	r3, #0
100077b6:	9307      	str	r3, [sp, #28]
100077b8:	f7ff fb3b 	bl	10006e32 <_strtod_l+0x3d2>
100077bc:	00000433 	.word	0x00000433
100077c0:	ffefffff 	.word	0xffefffff
100077c4:	1000ab90 	.word	0x1000ab90
100077c8:	1000ab94 	.word	0x1000ab94
100077cc:	7ff00000 	.word	0x7ff00000
100077d0:	94a03595 	.word	0x94a03595
100077d4:	3fcfffff 	.word	0x3fcfffff
100077d8:	3fdfffff 	.word	0x3fdfffff
100077dc:	35afe535 	.word	0x35afe535
100077e0:	3fe00000 	.word	0x3fe00000
100077e4:	1000ac70 	.word	0x1000ac70
100077e8:	1000af20 	.word	0x1000af20
100077ec:	00004e1f 	.word	0x00004e1f
100077f0:	1000ac58 	.word	0x1000ac58
100077f4:	7fffffff 	.word	0x7fffffff
100077f8:	bfe00000 	.word	0xbfe00000
100077fc:	000fffff 	.word	0x000fffff
10007800:	3ff00000 	.word	0x3ff00000
10007804:	39500000 	.word	0x39500000
10007808:	496c      	ldr	r1, [pc, #432]	; (100079bc <_strtod_l+0xf5c>)
1000780a:	aa1e      	add	r2, sp, #120	; 0x78
1000780c:	a81b      	add	r0, sp, #108	; 0x6c
1000780e:	f000 fdbb 	bl	10008388 <__hexnan>
10007812:	2805      	cmp	r0, #5
10007814:	d001      	beq.n	1000781a <_strtod_l+0xdba>
10007816:	f7ff f9a5 	bl	10006b64 <_strtod_l+0x104>
1000781a:	9b1f      	ldr	r3, [sp, #124]	; 0x7c
1000781c:	4a68      	ldr	r2, [pc, #416]	; (100079c0 <_strtod_l+0xf60>)
1000781e:	431a      	orrs	r2, r3
10007820:	9b1e      	ldr	r3, [sp, #120]	; 0x78
10007822:	9205      	str	r2, [sp, #20]
10007824:	9304      	str	r3, [sp, #16]
10007826:	9b04      	ldr	r3, [sp, #16]
10007828:	9c05      	ldr	r4, [sp, #20]
1000782a:	469b      	mov	fp, r3
1000782c:	0027      	movs	r7, r4
1000782e:	f7ff fc1f 	bl	10007070 <_strtod_l+0x610>
10007832:	4653      	mov	r3, sl
10007834:	9904      	ldr	r1, [sp, #16]
10007836:	9a05      	ldr	r2, [sp, #20]
10007838:	930c      	str	r3, [sp, #48]	; 0x30
1000783a:	9b0b      	ldr	r3, [sp, #44]	; 0x2c
1000783c:	4646      	mov	r6, r8
1000783e:	46d8      	mov	r8, fp
10007840:	469b      	mov	fp, r3
10007842:	9b10      	ldr	r3, [sp, #64]	; 0x40
10007844:	46ba      	mov	sl, r7
10007846:	430b      	orrs	r3, r1
10007848:	9f0a      	ldr	r7, [sp, #40]	; 0x28
1000784a:	d19a      	bne.n	10007782 <_strtod_l+0xd22>
1000784c:	0014      	movs	r4, r2
1000784e:	0313      	lsls	r3, r2, #12
10007850:	d197      	bne.n	10007782 <_strtod_l+0xd22>
10007852:	4b5b      	ldr	r3, [pc, #364]	; (100079c0 <_strtod_l+0xf60>)
10007854:	4013      	ands	r3, r2
10007856:	22d6      	movs	r2, #214	; 0xd6
10007858:	04d2      	lsls	r2, r2, #19
1000785a:	4293      	cmp	r3, r2
1000785c:	d991      	bls.n	10007782 <_strtod_l+0xd22>
1000785e:	6973      	ldr	r3, [r6, #20]
10007860:	2b00      	cmp	r3, #0
10007862:	d102      	bne.n	1000786a <_strtod_l+0xe0a>
10007864:	6933      	ldr	r3, [r6, #16]
10007866:	2b01      	cmp	r3, #1
10007868:	dd8b      	ble.n	10007782 <_strtod_l+0xd22>
1000786a:	0031      	movs	r1, r6
1000786c:	2201      	movs	r2, #1
1000786e:	4650      	mov	r0, sl
10007870:	f001 f922 	bl	10008ab8 <__lshift>
10007874:	4649      	mov	r1, r9
10007876:	0006      	movs	r6, r0
10007878:	f001 f99c 	bl	10008bb4 <__mcmp>
1000787c:	2800      	cmp	r0, #0
1000787e:	dc00      	bgt.n	10007882 <_strtod_l+0xe22>
10007880:	e77f      	b.n	10007782 <_strtod_l+0xd22>
10007882:	9b07      	ldr	r3, [sp, #28]
10007884:	2b00      	cmp	r3, #0
10007886:	d06e      	beq.n	10007966 <_strtod_l+0xf06>
10007888:	22d6      	movs	r2, #214	; 0xd6
1000788a:	4b4d      	ldr	r3, [pc, #308]	; (100079c0 <_strtod_l+0xf60>)
1000788c:	04d2      	lsls	r2, r2, #19
1000788e:	4023      	ands	r3, r4
10007890:	4293      	cmp	r3, r2
10007892:	dc68      	bgt.n	10007966 <_strtod_l+0xf06>
10007894:	22dc      	movs	r2, #220	; 0xdc
10007896:	0492      	lsls	r2, r2, #18
10007898:	4293      	cmp	r3, r2
1000789a:	dd00      	ble.n	1000789e <_strtod_l+0xe3e>
1000789c:	e774      	b.n	10007788 <_strtod_l+0xd28>
1000789e:	e6b1      	b.n	10007604 <_strtod_l+0xba4>
100078a0:	9904      	ldr	r1, [sp, #16]
100078a2:	9a05      	ldr	r2, [sp, #20]
100078a4:	0313      	lsls	r3, r2, #12
100078a6:	0b1b      	lsrs	r3, r3, #12
100078a8:	0014      	movs	r4, r2
100078aa:	430b      	orrs	r3, r1
100078ac:	d000      	beq.n	100078b0 <_strtod_l+0xe50>
100078ae:	e740      	b.n	10007732 <_strtod_l+0xcd2>
100078b0:	e7e7      	b.n	10007882 <_strtod_l+0xe22>
100078b2:	9a0e      	ldr	r2, [sp, #56]	; 0x38
100078b4:	9b04      	ldr	r3, [sp, #16]
100078b6:	9c05      	ldr	r4, [sp, #20]
100078b8:	421a      	tst	r2, r3
100078ba:	d100      	bne.n	100078be <_strtod_l+0xe5e>
100078bc:	e761      	b.n	10007782 <_strtod_l+0xd22>
100078be:	e741      	b.n	10007744 <_strtod_l+0xce4>
100078c0:	2300      	movs	r3, #0
100078c2:	4699      	mov	r9, r3
100078c4:	4b3f      	ldr	r3, [pc, #252]	; (100079c4 <_strtod_l+0xf64>)
100078c6:	9307      	str	r3, [sp, #28]
100078c8:	e586      	b.n	100073d8 <_strtod_l+0x978>
100078ca:	f001 fa53 	bl	10008d74 <__ulp>
100078ce:	9b07      	ldr	r3, [sp, #28]
100078d0:	2b00      	cmp	r3, #0
100078d2:	d056      	beq.n	10007982 <_strtod_l+0xf22>
100078d4:	236b      	movs	r3, #107	; 0x6b
100078d6:	0064      	lsls	r4, r4, #1
100078d8:	0d64      	lsrs	r4, r4, #21
100078da:	1b1c      	subs	r4, r3, r4
100078dc:	2c00      	cmp	r4, #0
100078de:	dd05      	ble.n	100078ec <_strtod_l+0xe8c>
100078e0:	4d39      	ldr	r5, [pc, #228]	; (100079c8 <_strtod_l+0xf68>)
100078e2:	0524      	lsls	r4, r4, #20
100078e4:	2200      	movs	r2, #0
100078e6:	1963      	adds	r3, r4, r5
100078e8:	f7fd fb7f 	bl	10004fea <__wrap___aeabi_dmul>
100078ec:	0002      	movs	r2, r0
100078ee:	000b      	movs	r3, r1
100078f0:	4658      	mov	r0, fp
100078f2:	0039      	movs	r1, r7
100078f4:	f7fd fb49 	bl	10004f8a <__wrap___aeabi_dsub>
100078f8:	2200      	movs	r2, #0
100078fa:	2300      	movs	r3, #0
100078fc:	4683      	mov	fp, r0
100078fe:	000f      	movs	r7, r1
10007900:	f7fd fbb6 	bl	10005070 <__wrap___aeabi_dcmpeq>
10007904:	2800      	cmp	r0, #0
10007906:	d100      	bne.n	1000790a <_strtod_l+0xeaa>
10007908:	e73e      	b.n	10007788 <_strtod_l+0xd28>
1000790a:	e67b      	b.n	10007604 <_strtod_l+0xba4>
1000790c:	2201      	movs	r2, #1
1000790e:	4252      	negs	r2, r2
10007910:	409a      	lsls	r2, r3
10007912:	9b04      	ldr	r3, [sp, #16]
10007914:	4013      	ands	r3, r2
10007916:	9304      	str	r3, [sp, #16]
10007918:	f7ff fc25 	bl	10007166 <_strtod_l+0x706>
1000791c:	9b07      	ldr	r3, [sp, #28]
1000791e:	9904      	ldr	r1, [sp, #16]
10007920:	2b00      	cmp	r3, #0
10007922:	d02b      	beq.n	1000797c <_strtod_l+0xf1c>
10007924:	20d4      	movs	r0, #212	; 0xd4
10007926:	4b26      	ldr	r3, [pc, #152]	; (100079c0 <_strtod_l+0xf60>)
10007928:	04c0      	lsls	r0, r0, #19
1000792a:	4023      	ands	r3, r4
1000792c:	4283      	cmp	r3, r0
1000792e:	d825      	bhi.n	1000797c <_strtod_l+0xf1c>
10007930:	206b      	movs	r0, #107	; 0x6b
10007932:	0d1b      	lsrs	r3, r3, #20
10007934:	1ac0      	subs	r0, r0, r3
10007936:	2301      	movs	r3, #1
10007938:	425b      	negs	r3, r3
1000793a:	4083      	lsls	r3, r0
1000793c:	4299      	cmp	r1, r3
1000793e:	d000      	beq.n	10007942 <_strtod_l+0xee2>
10007940:	e6f7      	b.n	10007732 <_strtod_l+0xcd2>
10007942:	4b22      	ldr	r3, [pc, #136]	; (100079cc <_strtod_l+0xf6c>)
10007944:	429a      	cmp	r2, r3
10007946:	d035      	beq.n	100079b4 <_strtod_l+0xf54>
10007948:	2180      	movs	r1, #128	; 0x80
1000794a:	4b1d      	ldr	r3, [pc, #116]	; (100079c0 <_strtod_l+0xf60>)
1000794c:	0349      	lsls	r1, r1, #13
1000794e:	401a      	ands	r2, r3
10007950:	0013      	movs	r3, r2
10007952:	468c      	mov	ip, r1
10007954:	4463      	add	r3, ip
10007956:	9305      	str	r3, [sp, #20]
10007958:	2300      	movs	r3, #0
1000795a:	9304      	str	r3, [sp, #16]
1000795c:	9b04      	ldr	r3, [sp, #16]
1000795e:	9c05      	ldr	r4, [sp, #20]
10007960:	469b      	mov	fp, r3
10007962:	0027      	movs	r7, r4
10007964:	e70d      	b.n	10007782 <_strtod_l+0xd22>
10007966:	4b16      	ldr	r3, [pc, #88]	; (100079c0 <_strtod_l+0xf60>)
10007968:	401c      	ands	r4, r3
1000796a:	4b19      	ldr	r3, [pc, #100]	; (100079d0 <_strtod_l+0xf70>)
1000796c:	469c      	mov	ip, r3
1000796e:	4b19      	ldr	r3, [pc, #100]	; (100079d4 <_strtod_l+0xf74>)
10007970:	4464      	add	r4, ip
10007972:	4323      	orrs	r3, r4
10007974:	9305      	str	r3, [sp, #20]
10007976:	2301      	movs	r3, #1
10007978:	425b      	negs	r3, r3
1000797a:	e7ee      	b.n	1000795a <_strtod_l+0xefa>
1000797c:	2301      	movs	r3, #1
1000797e:	425b      	negs	r3, r3
10007980:	e7dc      	b.n	1000793c <_strtod_l+0xedc>
10007982:	0002      	movs	r2, r0
10007984:	000b      	movs	r3, r1
10007986:	4658      	mov	r0, fp
10007988:	0039      	movs	r1, r7
1000798a:	f7fd fafe 	bl	10004f8a <__wrap___aeabi_dsub>
1000798e:	2200      	movs	r2, #0
10007990:	2300      	movs	r3, #0
10007992:	4683      	mov	fp, r0
10007994:	000f      	movs	r7, r1
10007996:	f7fd fb6b 	bl	10005070 <__wrap___aeabi_dcmpeq>
1000799a:	2800      	cmp	r0, #0
1000799c:	d000      	beq.n	100079a0 <_strtod_l+0xf40>
1000799e:	e631      	b.n	10007604 <_strtod_l+0xba4>
100079a0:	981c      	ldr	r0, [sp, #112]	; 0x70
100079a2:	e43c      	b.n	1000721e <_strtod_l+0x7be>
100079a4:	234b      	movs	r3, #75	; 0x4b
100079a6:	1a9a      	subs	r2, r3, r2
100079a8:	3b4c      	subs	r3, #76	; 0x4c
100079aa:	4093      	lsls	r3, r2
100079ac:	4019      	ands	r1, r3
100079ae:	9105      	str	r1, [sp, #20]
100079b0:	f7ff fbd9 	bl	10007166 <_strtod_l+0x706>
100079b4:	1c4b      	adds	r3, r1, #1
100079b6:	d1c7      	bne.n	10007948 <_strtod_l+0xee8>
100079b8:	981c      	ldr	r0, [sp, #112]	; 0x70
100079ba:	e42a      	b.n	10007212 <_strtod_l+0x7b2>
100079bc:	1000ac84 	.word	0x1000ac84
100079c0:	7ff00000 	.word	0x7ff00000
100079c4:	1000aef8 	.word	0x1000aef8
100079c8:	3ff00000 	.word	0x3ff00000
100079cc:	7fefffff 	.word	0x7fefffff
100079d0:	fff00000 	.word	0xfff00000
100079d4:	000fffff 	.word	0x000fffff

100079d8 <strtof>:
100079d8:	4b27      	ldr	r3, [pc, #156]	; (10007a78 <strtof+0xa0>)
100079da:	b5f0      	push	{r4, r5, r6, r7, lr}
100079dc:	46c6      	mov	lr, r8
100079de:	4698      	mov	r8, r3
100079e0:	000a      	movs	r2, r1
100079e2:	0001      	movs	r1, r0
100079e4:	4640      	mov	r0, r8
100079e6:	b500      	push	{lr}
100079e8:	4b24      	ldr	r3, [pc, #144]	; (10007a7c <strtof+0xa4>)
100079ea:	6800      	ldr	r0, [r0, #0]
100079ec:	f7ff f838 	bl	10006a60 <_strtod_l>
100079f0:	0002      	movs	r2, r0
100079f2:	000b      	movs	r3, r1
100079f4:	0005      	movs	r5, r0
100079f6:	000c      	movs	r4, r1
100079f8:	f7fd fb5d 	bl	100050b6 <__wrap___aeabi_dcmpun>
100079fc:	2800      	cmp	r0, #0
100079fe:	d12e      	bne.n	10007a5e <strtof+0x86>
10007a00:	0021      	movs	r1, r4
10007a02:	0028      	movs	r0, r5
10007a04:	f7fd fbea 	bl	100051dc <__wrap___aeabi_d2f>
10007a08:	0047      	lsls	r7, r0, #1
10007a0a:	087f      	lsrs	r7, r7, #1
10007a0c:	1c06      	adds	r6, r0, #0
10007a0e:	491c      	ldr	r1, [pc, #112]	; (10007a80 <strtof+0xa8>)
10007a10:	1c38      	adds	r0, r7, #0
10007a12:	f7fd ffff 	bl	10005a14 <__wrap___aeabi_fcmpun>
10007a16:	2800      	cmp	r0, #0
10007a18:	d11d      	bne.n	10007a56 <strtof+0x7e>
10007a1a:	4919      	ldr	r1, [pc, #100]	; (10007a80 <strtof+0xa8>)
10007a1c:	1c38      	adds	r0, r7, #0
10007a1e:	f7fd fff1 	bl	10005a04 <__wrap___aeabi_fcmple>
10007a22:	2800      	cmp	r0, #0
10007a24:	d117      	bne.n	10007a56 <strtof+0x7e>
10007a26:	2201      	movs	r2, #1
10007a28:	0064      	lsls	r4, r4, #1
10007a2a:	0864      	lsrs	r4, r4, #1
10007a2c:	0028      	movs	r0, r5
10007a2e:	0021      	movs	r1, r4
10007a30:	4b14      	ldr	r3, [pc, #80]	; (10007a84 <strtof+0xac>)
10007a32:	4252      	negs	r2, r2
10007a34:	f7fd fb3f 	bl	100050b6 <__wrap___aeabi_dcmpun>
10007a38:	2800      	cmp	r0, #0
10007a3a:	d108      	bne.n	10007a4e <strtof+0x76>
10007a3c:	2201      	movs	r2, #1
10007a3e:	0028      	movs	r0, r5
10007a40:	0021      	movs	r1, r4
10007a42:	4b10      	ldr	r3, [pc, #64]	; (10007a84 <strtof+0xac>)
10007a44:	4252      	negs	r2, r2
10007a46:	f7fd fb21 	bl	1000508c <__wrap___aeabi_dcmple>
10007a4a:	2800      	cmp	r0, #0
10007a4c:	d003      	beq.n	10007a56 <strtof+0x7e>
10007a4e:	4643      	mov	r3, r8
10007a50:	2222      	movs	r2, #34	; 0x22
10007a52:	681b      	ldr	r3, [r3, #0]
10007a54:	601a      	str	r2, [r3, #0]
10007a56:	1c30      	adds	r0, r6, #0
10007a58:	bc80      	pop	{r7}
10007a5a:	46b8      	mov	r8, r7
10007a5c:	bdf0      	pop	{r4, r5, r6, r7, pc}
10007a5e:	480a      	ldr	r0, [pc, #40]	; (10007a88 <strtof+0xb0>)
10007a60:	2c00      	cmp	r4, #0
10007a62:	da05      	bge.n	10007a70 <strtof+0x98>
10007a64:	f001 fafc 	bl	10009060 <nanf>
10007a68:	2380      	movs	r3, #128	; 0x80
10007a6a:	061b      	lsls	r3, r3, #24
10007a6c:	18c6      	adds	r6, r0, r3
10007a6e:	e7f2      	b.n	10007a56 <strtof+0x7e>
10007a70:	f001 faf6 	bl	10009060 <nanf>
10007a74:	1c06      	adds	r6, r0, #0
10007a76:	e7ee      	b.n	10007a56 <strtof+0x7e>
10007a78:	200002f8 	.word	0x200002f8
10007a7c:	20000b3c 	.word	0x20000b3c
10007a80:	7f7fffff 	.word	0x7f7fffff
10007a84:	7fefffff 	.word	0x7fefffff
10007a88:	1000a4b4 	.word	0x1000a4b4

10007a8c <_malloc_trim_r>:
10007a8c:	b5f8      	push	{r3, r4, r5, r6, r7, lr}
10007a8e:	000c      	movs	r4, r1
10007a90:	0005      	movs	r5, r0
10007a92:	f7fe fef1 	bl	10006878 <__malloc_lock>
10007a96:	4f20      	ldr	r7, [pc, #128]	; (10007b18 <_malloc_trim_r+0x8c>)
10007a98:	68bb      	ldr	r3, [r7, #8]
10007a9a:	685e      	ldr	r6, [r3, #4]
10007a9c:	2303      	movs	r3, #3
10007a9e:	439e      	bics	r6, r3
10007aa0:	4b1e      	ldr	r3, [pc, #120]	; (10007b1c <_malloc_trim_r+0x90>)
10007aa2:	1b34      	subs	r4, r6, r4
10007aa4:	469c      	mov	ip, r3
10007aa6:	4464      	add	r4, ip
10007aa8:	0b24      	lsrs	r4, r4, #12
10007aaa:	3c01      	subs	r4, #1
10007aac:	3311      	adds	r3, #17
10007aae:	0324      	lsls	r4, r4, #12
10007ab0:	429c      	cmp	r4, r3
10007ab2:	db07      	blt.n	10007ac4 <_malloc_trim_r+0x38>
10007ab4:	2100      	movs	r1, #0
10007ab6:	0028      	movs	r0, r5
10007ab8:	f7fe feee 	bl	10006898 <_sbrk_r>
10007abc:	68bb      	ldr	r3, [r7, #8]
10007abe:	199b      	adds	r3, r3, r6
10007ac0:	4298      	cmp	r0, r3
10007ac2:	d004      	beq.n	10007ace <_malloc_trim_r+0x42>
10007ac4:	0028      	movs	r0, r5
10007ac6:	f7fe fedf 	bl	10006888 <__malloc_unlock>
10007aca:	2000      	movs	r0, #0
10007acc:	bdf8      	pop	{r3, r4, r5, r6, r7, pc}
10007ace:	0028      	movs	r0, r5
10007ad0:	4261      	negs	r1, r4
10007ad2:	f7fe fee1 	bl	10006898 <_sbrk_r>
10007ad6:	1c43      	adds	r3, r0, #1
10007ad8:	d00d      	beq.n	10007af6 <_malloc_trim_r+0x6a>
10007ada:	2201      	movs	r2, #1
10007adc:	68bb      	ldr	r3, [r7, #8]
10007ade:	1b36      	subs	r6, r6, r4
10007ae0:	4316      	orrs	r6, r2
10007ae2:	605e      	str	r6, [r3, #4]
10007ae4:	4b0e      	ldr	r3, [pc, #56]	; (10007b20 <_malloc_trim_r+0x94>)
10007ae6:	0028      	movs	r0, r5
10007ae8:	681a      	ldr	r2, [r3, #0]
10007aea:	1b14      	subs	r4, r2, r4
10007aec:	601c      	str	r4, [r3, #0]
10007aee:	f7fe fecb 	bl	10006888 <__malloc_unlock>
10007af2:	2001      	movs	r0, #1
10007af4:	e7ea      	b.n	10007acc <_malloc_trim_r+0x40>
10007af6:	2100      	movs	r1, #0
10007af8:	0028      	movs	r0, r5
10007afa:	f7fe fecd 	bl	10006898 <_sbrk_r>
10007afe:	68ba      	ldr	r2, [r7, #8]
10007b00:	1a83      	subs	r3, r0, r2
10007b02:	2b0f      	cmp	r3, #15
10007b04:	ddde      	ble.n	10007ac4 <_malloc_trim_r+0x38>
10007b06:	4907      	ldr	r1, [pc, #28]	; (10007b24 <_malloc_trim_r+0x98>)
10007b08:	6809      	ldr	r1, [r1, #0]
10007b0a:	1a40      	subs	r0, r0, r1
10007b0c:	4904      	ldr	r1, [pc, #16]	; (10007b20 <_malloc_trim_r+0x94>)
10007b0e:	6008      	str	r0, [r1, #0]
10007b10:	2101      	movs	r1, #1
10007b12:	430b      	orrs	r3, r1
10007b14:	6053      	str	r3, [r2, #4]
10007b16:	e7d5      	b.n	10007ac4 <_malloc_trim_r+0x38>
10007b18:	20000728 	.word	0x20000728
10007b1c:	00000fef 	.word	0x00000fef
10007b20:	20000de8 	.word	0x20000de8
10007b24:	20000b30 	.word	0x20000b30

10007b28 <_free_r>:
10007b28:	b5f0      	push	{r4, r5, r6, r7, lr}
10007b2a:	46c6      	mov	lr, r8
10007b2c:	0005      	movs	r5, r0
10007b2e:	000c      	movs	r4, r1
10007b30:	b500      	push	{lr}
10007b32:	2900      	cmp	r1, #0
10007b34:	d04f      	beq.n	10007bd6 <_free_r+0xae>
10007b36:	f7fe fe9f 	bl	10006878 <__malloc_lock>
10007b3a:	0021      	movs	r1, r4
10007b3c:	3908      	subs	r1, #8
10007b3e:	684c      	ldr	r4, [r1, #4]
10007b40:	2601      	movs	r6, #1
10007b42:	0022      	movs	r2, r4
10007b44:	2003      	movs	r0, #3
10007b46:	43b2      	bics	r2, r6
10007b48:	188f      	adds	r7, r1, r2
10007b4a:	687b      	ldr	r3, [r7, #4]
10007b4c:	4383      	bics	r3, r0
10007b4e:	4862      	ldr	r0, [pc, #392]	; (10007cd8 <_free_r+0x1b0>)
10007b50:	4698      	mov	r8, r3
10007b52:	6883      	ldr	r3, [r0, #8]
10007b54:	42bb      	cmp	r3, r7
10007b56:	d06a      	beq.n	10007c2e <_free_r+0x106>
10007b58:	4643      	mov	r3, r8
10007b5a:	607b      	str	r3, [r7, #4]
10007b5c:	4226      	tst	r6, r4
10007b5e:	d11e      	bne.n	10007b9e <_free_r+0x76>
10007b60:	2308      	movs	r3, #8
10007b62:	469c      	mov	ip, r3
10007b64:	680c      	ldr	r4, [r1, #0]
10007b66:	4484      	add	ip, r0
10007b68:	1b09      	subs	r1, r1, r4
10007b6a:	1912      	adds	r2, r2, r4
10007b6c:	688c      	ldr	r4, [r1, #8]
10007b6e:	4564      	cmp	r4, ip
10007b70:	d04f      	beq.n	10007c12 <_free_r+0xea>
10007b72:	68cb      	ldr	r3, [r1, #12]
10007b74:	60e3      	str	r3, [r4, #12]
10007b76:	609c      	str	r4, [r3, #8]
10007b78:	4643      	mov	r3, r8
10007b7a:	18fc      	adds	r4, r7, r3
10007b7c:	6864      	ldr	r4, [r4, #4]
10007b7e:	4234      	tst	r4, r6
10007b80:	d111      	bne.n	10007ba6 <_free_r+0x7e>
10007b82:	68bb      	ldr	r3, [r7, #8]
10007b84:	4c55      	ldr	r4, [pc, #340]	; (10007cdc <_free_r+0x1b4>)
10007b86:	4442      	add	r2, r8
10007b88:	42a3      	cmp	r3, r4
10007b8a:	d100      	bne.n	10007b8e <_free_r+0x66>
10007b8c:	e07e      	b.n	10007c8c <_free_r+0x164>
10007b8e:	68fc      	ldr	r4, [r7, #12]
10007b90:	60dc      	str	r4, [r3, #12]
10007b92:	60a3      	str	r3, [r4, #8]
10007b94:	2301      	movs	r3, #1
10007b96:	4313      	orrs	r3, r2
10007b98:	604b      	str	r3, [r1, #4]
10007b9a:	508a      	str	r2, [r1, r2]
10007b9c:	e006      	b.n	10007bac <_free_r+0x84>
10007b9e:	18fc      	adds	r4, r7, r3
10007ba0:	6864      	ldr	r4, [r4, #4]
10007ba2:	4234      	tst	r4, r6
10007ba4:	d0ed      	beq.n	10007b82 <_free_r+0x5a>
10007ba6:	4316      	orrs	r6, r2
10007ba8:	604e      	str	r6, [r1, #4]
10007baa:	603a      	str	r2, [r7, #0]
10007bac:	2380      	movs	r3, #128	; 0x80
10007bae:	009b      	lsls	r3, r3, #2
10007bb0:	429a      	cmp	r2, r3
10007bb2:	d213      	bcs.n	10007bdc <_free_r+0xb4>
10007bb4:	0954      	lsrs	r4, r2, #5
10007bb6:	08d3      	lsrs	r3, r2, #3
10007bb8:	2201      	movs	r2, #1
10007bba:	40a2      	lsls	r2, r4
10007bbc:	6844      	ldr	r4, [r0, #4]
10007bbe:	00db      	lsls	r3, r3, #3
10007bc0:	4322      	orrs	r2, r4
10007bc2:	6042      	str	r2, [r0, #4]
10007bc4:	1818      	adds	r0, r3, r0
10007bc6:	6883      	ldr	r3, [r0, #8]
10007bc8:	60c8      	str	r0, [r1, #12]
10007bca:	608b      	str	r3, [r1, #8]
10007bcc:	6081      	str	r1, [r0, #8]
10007bce:	60d9      	str	r1, [r3, #12]
10007bd0:	0028      	movs	r0, r5
10007bd2:	f7fe fe59 	bl	10006888 <__malloc_unlock>
10007bd6:	bc80      	pop	{r7}
10007bd8:	46b8      	mov	r8, r7
10007bda:	bdf0      	pop	{r4, r5, r6, r7, pc}
10007bdc:	0a53      	lsrs	r3, r2, #9
10007bde:	2b04      	cmp	r3, #4
10007be0:	d83e      	bhi.n	10007c60 <_free_r+0x138>
10007be2:	0994      	lsrs	r4, r2, #6
10007be4:	0026      	movs	r6, r4
10007be6:	3439      	adds	r4, #57	; 0x39
10007be8:	3638      	adds	r6, #56	; 0x38
10007bea:	00e4      	lsls	r4, r4, #3
10007bec:	1904      	adds	r4, r0, r4
10007bee:	6823      	ldr	r3, [r4, #0]
10007bf0:	3c08      	subs	r4, #8
10007bf2:	2703      	movs	r7, #3
10007bf4:	429c      	cmp	r4, r3
10007bf6:	d042      	beq.n	10007c7e <_free_r+0x156>
10007bf8:	6858      	ldr	r0, [r3, #4]
10007bfa:	43b8      	bics	r0, r7
10007bfc:	4290      	cmp	r0, r2
10007bfe:	d902      	bls.n	10007c06 <_free_r+0xde>
10007c00:	689b      	ldr	r3, [r3, #8]
10007c02:	429c      	cmp	r4, r3
10007c04:	d1f8      	bne.n	10007bf8 <_free_r+0xd0>
10007c06:	68dc      	ldr	r4, [r3, #12]
10007c08:	60cc      	str	r4, [r1, #12]
10007c0a:	608b      	str	r3, [r1, #8]
10007c0c:	60a1      	str	r1, [r4, #8]
10007c0e:	60d9      	str	r1, [r3, #12]
10007c10:	e7de      	b.n	10007bd0 <_free_r+0xa8>
10007c12:	4643      	mov	r3, r8
10007c14:	18f8      	adds	r0, r7, r3
10007c16:	6840      	ldr	r0, [r0, #4]
10007c18:	4230      	tst	r0, r6
10007c1a:	d157      	bne.n	10007ccc <_free_r+0x1a4>
10007c1c:	68fb      	ldr	r3, [r7, #12]
10007c1e:	68b8      	ldr	r0, [r7, #8]
10007c20:	4442      	add	r2, r8
10007c22:	4316      	orrs	r6, r2
10007c24:	60c3      	str	r3, [r0, #12]
10007c26:	6098      	str	r0, [r3, #8]
10007c28:	604e      	str	r6, [r1, #4]
10007c2a:	508a      	str	r2, [r1, r2]
10007c2c:	e7d0      	b.n	10007bd0 <_free_r+0xa8>
10007c2e:	0013      	movs	r3, r2
10007c30:	4443      	add	r3, r8
10007c32:	4226      	tst	r6, r4
10007c34:	d106      	bne.n	10007c44 <_free_r+0x11c>
10007c36:	680a      	ldr	r2, [r1, #0]
10007c38:	1a89      	subs	r1, r1, r2
10007c3a:	688c      	ldr	r4, [r1, #8]
10007c3c:	189b      	adds	r3, r3, r2
10007c3e:	68ca      	ldr	r2, [r1, #12]
10007c40:	60e2      	str	r2, [r4, #12]
10007c42:	6094      	str	r4, [r2, #8]
10007c44:	2201      	movs	r2, #1
10007c46:	431a      	orrs	r2, r3
10007c48:	604a      	str	r2, [r1, #4]
10007c4a:	4a25      	ldr	r2, [pc, #148]	; (10007ce0 <_free_r+0x1b8>)
10007c4c:	6081      	str	r1, [r0, #8]
10007c4e:	6812      	ldr	r2, [r2, #0]
10007c50:	429a      	cmp	r2, r3
10007c52:	d8bd      	bhi.n	10007bd0 <_free_r+0xa8>
10007c54:	4b23      	ldr	r3, [pc, #140]	; (10007ce4 <_free_r+0x1bc>)
10007c56:	0028      	movs	r0, r5
10007c58:	6819      	ldr	r1, [r3, #0]
10007c5a:	f7ff ff17 	bl	10007a8c <_malloc_trim_r>
10007c5e:	e7b7      	b.n	10007bd0 <_free_r+0xa8>
10007c60:	2b14      	cmp	r3, #20
10007c62:	d907      	bls.n	10007c74 <_free_r+0x14c>
10007c64:	2b54      	cmp	r3, #84	; 0x54
10007c66:	d81a      	bhi.n	10007c9e <_free_r+0x176>
10007c68:	0b14      	lsrs	r4, r2, #12
10007c6a:	0026      	movs	r6, r4
10007c6c:	346f      	adds	r4, #111	; 0x6f
10007c6e:	366e      	adds	r6, #110	; 0x6e
10007c70:	00e4      	lsls	r4, r4, #3
10007c72:	e7bb      	b.n	10007bec <_free_r+0xc4>
10007c74:	001e      	movs	r6, r3
10007c76:	335c      	adds	r3, #92	; 0x5c
10007c78:	365b      	adds	r6, #91	; 0x5b
10007c7a:	00dc      	lsls	r4, r3, #3
10007c7c:	e7b6      	b.n	10007bec <_free_r+0xc4>
10007c7e:	2201      	movs	r2, #1
10007c80:	10b6      	asrs	r6, r6, #2
10007c82:	40b2      	lsls	r2, r6
10007c84:	6846      	ldr	r6, [r0, #4]
10007c86:	4332      	orrs	r2, r6
10007c88:	6042      	str	r2, [r0, #4]
10007c8a:	e7bd      	b.n	10007c08 <_free_r+0xe0>
10007c8c:	60d9      	str	r1, [r3, #12]
10007c8e:	6099      	str	r1, [r3, #8]
10007c90:	60cb      	str	r3, [r1, #12]
10007c92:	608b      	str	r3, [r1, #8]
10007c94:	2301      	movs	r3, #1
10007c96:	4313      	orrs	r3, r2
10007c98:	604b      	str	r3, [r1, #4]
10007c9a:	508a      	str	r2, [r1, r2]
10007c9c:	e798      	b.n	10007bd0 <_free_r+0xa8>
10007c9e:	24aa      	movs	r4, #170	; 0xaa
10007ca0:	0064      	lsls	r4, r4, #1
10007ca2:	42a3      	cmp	r3, r4
10007ca4:	d805      	bhi.n	10007cb2 <_free_r+0x18a>
10007ca6:	0bd4      	lsrs	r4, r2, #15
10007ca8:	0026      	movs	r6, r4
10007caa:	3478      	adds	r4, #120	; 0x78
10007cac:	3677      	adds	r6, #119	; 0x77
10007cae:	00e4      	lsls	r4, r4, #3
10007cb0:	e79c      	b.n	10007bec <_free_r+0xc4>
10007cb2:	4c0d      	ldr	r4, [pc, #52]	; (10007ce8 <_free_r+0x1c0>)
10007cb4:	42a3      	cmp	r3, r4
10007cb6:	d805      	bhi.n	10007cc4 <_free_r+0x19c>
10007cb8:	0c94      	lsrs	r4, r2, #18
10007cba:	0026      	movs	r6, r4
10007cbc:	347d      	adds	r4, #125	; 0x7d
10007cbe:	367c      	adds	r6, #124	; 0x7c
10007cc0:	00e4      	lsls	r4, r4, #3
10007cc2:	e793      	b.n	10007bec <_free_r+0xc4>
10007cc4:	24fe      	movs	r4, #254	; 0xfe
10007cc6:	267e      	movs	r6, #126	; 0x7e
10007cc8:	00a4      	lsls	r4, r4, #2
10007cca:	e78f      	b.n	10007bec <_free_r+0xc4>
10007ccc:	0033      	movs	r3, r6
10007cce:	4313      	orrs	r3, r2
10007cd0:	604b      	str	r3, [r1, #4]
10007cd2:	603a      	str	r2, [r7, #0]
10007cd4:	e77c      	b.n	10007bd0 <_free_r+0xa8>
10007cd6:	46c0      	nop			; (mov r8, r8)
10007cd8:	20000728 	.word	0x20000728
10007cdc:	20000730 	.word	0x20000730
10007ce0:	20000b34 	.word	0x20000b34
10007ce4:	20000e18 	.word	0x20000e18
10007ce8:	00000554 	.word	0x00000554

10007cec <rshift>:
10007cec:	b5f0      	push	{r4, r5, r6, r7, lr}
10007cee:	46d6      	mov	lr, sl
10007cf0:	464f      	mov	r7, r9
10007cf2:	4646      	mov	r6, r8
10007cf4:	6903      	ldr	r3, [r0, #16]
10007cf6:	b5c0      	push	{r6, r7, lr}
10007cf8:	469a      	mov	sl, r3
10007cfa:	114f      	asrs	r7, r1, #5
10007cfc:	42bb      	cmp	r3, r7
10007cfe:	dd2d      	ble.n	10007d5c <rshift+0x70>
10007d00:	221f      	movs	r2, #31
10007d02:	0005      	movs	r5, r0
10007d04:	0014      	movs	r4, r2
10007d06:	3514      	adds	r5, #20
10007d08:	009e      	lsls	r6, r3, #2
10007d0a:	400c      	ands	r4, r1
10007d0c:	00bb      	lsls	r3, r7, #2
10007d0e:	46a4      	mov	ip, r4
10007d10:	19ae      	adds	r6, r5, r6
10007d12:	18eb      	adds	r3, r5, r3
10007d14:	420a      	tst	r2, r1
10007d16:	d02a      	beq.n	10007d6e <rshift+0x82>
10007d18:	2220      	movs	r2, #32
10007d1a:	cb02      	ldmia	r3!, {r1}
10007d1c:	1b12      	subs	r2, r2, r4
10007d1e:	4690      	mov	r8, r2
10007d20:	40e1      	lsrs	r1, r4
10007d22:	429e      	cmp	r6, r3
10007d24:	d916      	bls.n	10007d54 <rshift+0x68>
10007d26:	46a9      	mov	r9, r5
10007d28:	4644      	mov	r4, r8
10007d2a:	681a      	ldr	r2, [r3, #0]
10007d2c:	40a2      	lsls	r2, r4
10007d2e:	430a      	orrs	r2, r1
10007d30:	4649      	mov	r1, r9
10007d32:	c104      	stmia	r1!, {r2}
10007d34:	4662      	mov	r2, ip
10007d36:	4689      	mov	r9, r1
10007d38:	cb02      	ldmia	r3!, {r1}
10007d3a:	40d1      	lsrs	r1, r2
10007d3c:	429e      	cmp	r6, r3
10007d3e:	d8f3      	bhi.n	10007d28 <rshift+0x3c>
10007d40:	4653      	mov	r3, sl
10007d42:	1bdc      	subs	r4, r3, r7
10007d44:	00a4      	lsls	r4, r4, #2
10007d46:	3c04      	subs	r4, #4
10007d48:	192c      	adds	r4, r5, r4
10007d4a:	6021      	str	r1, [r4, #0]
10007d4c:	2900      	cmp	r1, #0
10007d4e:	d019      	beq.n	10007d84 <rshift+0x98>
10007d50:	3404      	adds	r4, #4
10007d52:	e017      	b.n	10007d84 <rshift+0x98>
10007d54:	002c      	movs	r4, r5
10007d56:	6141      	str	r1, [r0, #20]
10007d58:	2900      	cmp	r1, #0
10007d5a:	d1f9      	bne.n	10007d50 <rshift+0x64>
10007d5c:	2300      	movs	r3, #0
10007d5e:	6103      	str	r3, [r0, #16]
10007d60:	2300      	movs	r3, #0
10007d62:	6143      	str	r3, [r0, #20]
10007d64:	bce0      	pop	{r5, r6, r7}
10007d66:	46ba      	mov	sl, r7
10007d68:	46b1      	mov	r9, r6
10007d6a:	46a8      	mov	r8, r5
10007d6c:	bdf0      	pop	{r4, r5, r6, r7, pc}
10007d6e:	002a      	movs	r2, r5
10007d70:	429e      	cmp	r6, r3
10007d72:	d9f3      	bls.n	10007d5c <rshift+0x70>
10007d74:	cb02      	ldmia	r3!, {r1}
10007d76:	c202      	stmia	r2!, {r1}
10007d78:	429e      	cmp	r6, r3
10007d7a:	d8fb      	bhi.n	10007d74 <rshift+0x88>
10007d7c:	4653      	mov	r3, sl
10007d7e:	1bdc      	subs	r4, r3, r7
10007d80:	00a4      	lsls	r4, r4, #2
10007d82:	192c      	adds	r4, r5, r4
10007d84:	1b63      	subs	r3, r4, r5
10007d86:	109b      	asrs	r3, r3, #2
10007d88:	6103      	str	r3, [r0, #16]
10007d8a:	42ac      	cmp	r4, r5
10007d8c:	d1ea      	bne.n	10007d64 <rshift+0x78>
10007d8e:	e7e7      	b.n	10007d60 <rshift+0x74>

10007d90 <__gethex>:
10007d90:	b5f0      	push	{r4, r5, r6, r7, lr}
10007d92:	46de      	mov	lr, fp
10007d94:	464e      	mov	r6, r9
10007d96:	4645      	mov	r5, r8
10007d98:	4657      	mov	r7, sl
10007d9a:	b5e0      	push	{r5, r6, r7, lr}
10007d9c:	b08b      	sub	sp, #44	; 0x2c
10007d9e:	9309      	str	r3, [sp, #36]	; 0x24
10007da0:	4bb9      	ldr	r3, [pc, #740]	; (10008088 <__gethex+0x2f8>)
10007da2:	9007      	str	r0, [sp, #28]
10007da4:	681b      	ldr	r3, [r3, #0]
10007da6:	4689      	mov	r9, r1
10007da8:	0018      	movs	r0, r3
10007daa:	001c      	movs	r4, r3
10007dac:	4693      	mov	fp, r2
10007dae:	9305      	str	r3, [sp, #20]
10007db0:	f7fe fe28 	bl	10006a04 <strlen>
10007db4:	46a4      	mov	ip, r4
10007db6:	0002      	movs	r2, r0
10007db8:	4462      	add	r2, ip
10007dba:	0013      	movs	r3, r2
10007dbc:	3b01      	subs	r3, #1
10007dbe:	781b      	ldrb	r3, [r3, #0]
10007dc0:	9004      	str	r0, [sp, #16]
10007dc2:	9301      	str	r3, [sp, #4]
10007dc4:	464b      	mov	r3, r9
10007dc6:	681d      	ldr	r5, [r3, #0]
10007dc8:	78aa      	ldrb	r2, [r5, #2]
10007dca:	2a30      	cmp	r2, #48	; 0x30
10007dcc:	d000      	beq.n	10007dd0 <__gethex+0x40>
10007dce:	e216      	b.n	100081fe <__gethex+0x46e>
10007dd0:	2102      	movs	r1, #2
10007dd2:	4249      	negs	r1, r1
10007dd4:	1ceb      	adds	r3, r5, #3
10007dd6:	1b49      	subs	r1, r1, r5
10007dd8:	001d      	movs	r5, r3
10007dda:	18cf      	adds	r7, r1, r3
10007ddc:	3301      	adds	r3, #1
10007dde:	1e5a      	subs	r2, r3, #1
10007de0:	7812      	ldrb	r2, [r2, #0]
10007de2:	2a30      	cmp	r2, #48	; 0x30
10007de4:	d0f8      	beq.n	10007dd8 <__gethex+0x48>
10007de6:	4ba9      	ldr	r3, [pc, #676]	; (1000808c <__gethex+0x2fc>)
10007de8:	4698      	mov	r8, r3
10007dea:	5c9b      	ldrb	r3, [r3, r2]
10007dec:	2b00      	cmp	r3, #0
10007dee:	d100      	bne.n	10007df2 <__gethex+0x62>
10007df0:	e0f3      	b.n	10007fda <__gethex+0x24a>
10007df2:	4642      	mov	r2, r8
10007df4:	782b      	ldrb	r3, [r5, #0]
10007df6:	2400      	movs	r4, #0
10007df8:	5cd3      	ldrb	r3, [r2, r3]
10007dfa:	2200      	movs	r2, #0
10007dfc:	4692      	mov	sl, r2
10007dfe:	002e      	movs	r6, r5
10007e00:	2b00      	cmp	r3, #0
10007e02:	d005      	beq.n	10007e10 <__gethex+0x80>
10007e04:	4642      	mov	r2, r8
10007e06:	7873      	ldrb	r3, [r6, #1]
10007e08:	3601      	adds	r6, #1
10007e0a:	5cd3      	ldrb	r3, [r2, r3]
10007e0c:	2b00      	cmp	r3, #0
10007e0e:	d1f9      	bne.n	10007e04 <__gethex+0x74>
10007e10:	0030      	movs	r0, r6
10007e12:	9a04      	ldr	r2, [sp, #16]
10007e14:	9905      	ldr	r1, [sp, #20]
10007e16:	f001 f927 	bl	10009068 <strncmp>
10007e1a:	9003      	str	r0, [sp, #12]
10007e1c:	2800      	cmp	r0, #0
10007e1e:	d057      	beq.n	10007ed0 <__gethex+0x140>
10007e20:	2c00      	cmp	r4, #0
10007e22:	d158      	bne.n	10007ed6 <__gethex+0x146>
10007e24:	2200      	movs	r2, #0
10007e26:	7833      	ldrb	r3, [r6, #0]
10007e28:	9203      	str	r2, [sp, #12]
10007e2a:	2220      	movs	r2, #32
10007e2c:	0034      	movs	r4, r6
10007e2e:	4393      	bics	r3, r2
10007e30:	2b50      	cmp	r3, #80	; 0x50
10007e32:	d059      	beq.n	10007ee8 <__gethex+0x158>
10007e34:	464b      	mov	r3, r9
10007e36:	601e      	str	r6, [r3, #0]
10007e38:	4653      	mov	r3, sl
10007e3a:	2b00      	cmp	r3, #0
10007e3c:	d177      	bne.n	10007f2e <__gethex+0x19e>
10007e3e:	1b63      	subs	r3, r4, r5
10007e40:	3b01      	subs	r3, #1
10007e42:	2100      	movs	r1, #0
10007e44:	2b07      	cmp	r3, #7
10007e46:	dd03      	ble.n	10007e50 <__gethex+0xc0>
10007e48:	3101      	adds	r1, #1
10007e4a:	105b      	asrs	r3, r3, #1
10007e4c:	2b07      	cmp	r3, #7
10007e4e:	dcfb      	bgt.n	10007e48 <__gethex+0xb8>
10007e50:	9807      	ldr	r0, [sp, #28]
10007e52:	f000 fb9b 	bl	1000858c <_Balloc>
10007e56:	4682      	mov	sl, r0
10007e58:	2800      	cmp	r0, #0
10007e5a:	d100      	bne.n	10007e5e <__gethex+0xce>
10007e5c:	e270      	b.n	10008340 <__gethex+0x5b0>
10007e5e:	2314      	movs	r3, #20
10007e60:	4453      	add	r3, sl
10007e62:	9308      	str	r3, [sp, #32]
10007e64:	42a5      	cmp	r5, r4
10007e66:	d300      	bcc.n	10007e6a <__gethex+0xda>
10007e68:	e1d5      	b.n	10008216 <__gethex+0x486>
10007e6a:	9302      	str	r3, [sp, #8]
10007e6c:	2300      	movs	r3, #0
10007e6e:	9a04      	ldr	r2, [sp, #16]
10007e70:	4699      	mov	r9, r3
10007e72:	3301      	adds	r3, #1
10007e74:	1a9b      	subs	r3, r3, r2
10007e76:	9306      	str	r3, [sp, #24]
10007e78:	002b      	movs	r3, r5
10007e7a:	2700      	movs	r7, #0
10007e7c:	464d      	mov	r5, r9
10007e7e:	4699      	mov	r9, r3
10007e80:	e00d      	b.n	10007e9e <__gethex+0x10e>
10007e82:	2f20      	cmp	r7, #32
10007e84:	d01d      	beq.n	10007ec2 <__gethex+0x132>
10007e86:	003a      	movs	r2, r7
10007e88:	3704      	adds	r7, #4
10007e8a:	4641      	mov	r1, r8
10007e8c:	7833      	ldrb	r3, [r6, #0]
10007e8e:	0034      	movs	r4, r6
10007e90:	5ccb      	ldrb	r3, [r1, r3]
10007e92:	210f      	movs	r1, #15
10007e94:	400b      	ands	r3, r1
10007e96:	4093      	lsls	r3, r2
10007e98:	431d      	orrs	r5, r3
10007e9a:	454c      	cmp	r4, r9
10007e9c:	d955      	bls.n	10007f4a <__gethex+0x1ba>
10007e9e:	1e66      	subs	r6, r4, #1
10007ea0:	7833      	ldrb	r3, [r6, #0]
10007ea2:	9a01      	ldr	r2, [sp, #4]
10007ea4:	4293      	cmp	r3, r2
10007ea6:	d1ec      	bne.n	10007e82 <__gethex+0xf2>
10007ea8:	9b06      	ldr	r3, [sp, #24]
10007eaa:	18f4      	adds	r4, r6, r3
10007eac:	454c      	cmp	r4, r9
10007eae:	d3e8      	bcc.n	10007e82 <__gethex+0xf2>
10007eb0:	0020      	movs	r0, r4
10007eb2:	9a04      	ldr	r2, [sp, #16]
10007eb4:	9905      	ldr	r1, [sp, #20]
10007eb6:	f001 f8d7 	bl	10009068 <strncmp>
10007eba:	2800      	cmp	r0, #0
10007ebc:	d0ed      	beq.n	10007e9a <__gethex+0x10a>
10007ebe:	2f20      	cmp	r7, #32
10007ec0:	d1e1      	bne.n	10007e86 <__gethex+0xf6>
10007ec2:	9b02      	ldr	r3, [sp, #8]
10007ec4:	2200      	movs	r2, #0
10007ec6:	c320      	stmia	r3!, {r5}
10007ec8:	2704      	movs	r7, #4
10007eca:	2500      	movs	r5, #0
10007ecc:	9302      	str	r3, [sp, #8]
10007ece:	e7dc      	b.n	10007e8a <__gethex+0xfa>
10007ed0:	2c00      	cmp	r4, #0
10007ed2:	d100      	bne.n	10007ed6 <__gethex+0x146>
10007ed4:	e180      	b.n	100081d8 <__gethex+0x448>
10007ed6:	2220      	movs	r2, #32
10007ed8:	1ba4      	subs	r4, r4, r6
10007eda:	00a3      	lsls	r3, r4, #2
10007edc:	9303      	str	r3, [sp, #12]
10007ede:	7833      	ldrb	r3, [r6, #0]
10007ee0:	0034      	movs	r4, r6
10007ee2:	4393      	bics	r3, r2
10007ee4:	2b50      	cmp	r3, #80	; 0x50
10007ee6:	d1a5      	bne.n	10007e34 <__gethex+0xa4>
10007ee8:	7863      	ldrb	r3, [r4, #1]
10007eea:	2b2b      	cmp	r3, #43	; 0x2b
10007eec:	d100      	bne.n	10007ef0 <__gethex+0x160>
10007eee:	e163      	b.n	100081b8 <__gethex+0x428>
10007ef0:	2b2d      	cmp	r3, #45	; 0x2d
10007ef2:	d100      	bne.n	10007ef6 <__gethex+0x166>
10007ef4:	e0a3      	b.n	1000803e <__gethex+0x2ae>
10007ef6:	2200      	movs	r2, #0
10007ef8:	1c61      	adds	r1, r4, #1
10007efa:	4640      	mov	r0, r8
10007efc:	5cc3      	ldrb	r3, [r0, r3]
10007efe:	0026      	movs	r6, r4
10007f00:	1e58      	subs	r0, r3, #1
10007f02:	2818      	cmp	r0, #24
10007f04:	d896      	bhi.n	10007e34 <__gethex+0xa4>
10007f06:	4640      	mov	r0, r8
10007f08:	1c4e      	adds	r6, r1, #1
10007f0a:	7849      	ldrb	r1, [r1, #1]
10007f0c:	3b10      	subs	r3, #16
10007f0e:	5c41      	ldrb	r1, [r0, r1]
10007f10:	1e08      	subs	r0, r1, #0
10007f12:	d15f      	bne.n	10007fd4 <__gethex+0x244>
10007f14:	2a00      	cmp	r2, #0
10007f16:	d000      	beq.n	10007f1a <__gethex+0x18a>
10007f18:	425b      	negs	r3, r3
10007f1a:	9a03      	ldr	r2, [sp, #12]
10007f1c:	4694      	mov	ip, r2
10007f1e:	449c      	add	ip, r3
10007f20:	4663      	mov	r3, ip
10007f22:	9303      	str	r3, [sp, #12]
10007f24:	464b      	mov	r3, r9
10007f26:	601e      	str	r6, [r3, #0]
10007f28:	4653      	mov	r3, sl
10007f2a:	2b00      	cmp	r3, #0
10007f2c:	d087      	beq.n	10007e3e <__gethex+0xae>
10007f2e:	1e7b      	subs	r3, r7, #1
10007f30:	419f      	sbcs	r7, r3
10007f32:	2305      	movs	r3, #5
10007f34:	427f      	negs	r7, r7
10007f36:	439f      	bics	r7, r3
10007f38:	3706      	adds	r7, #6
10007f3a:	0038      	movs	r0, r7
10007f3c:	b00b      	add	sp, #44	; 0x2c
10007f3e:	bcf0      	pop	{r4, r5, r6, r7}
10007f40:	46bb      	mov	fp, r7
10007f42:	46b2      	mov	sl, r6
10007f44:	46a9      	mov	r9, r5
10007f46:	46a0      	mov	r8, r4
10007f48:	bdf0      	pop	{r4, r5, r6, r7, pc}
10007f4a:	46a9      	mov	r9, r5
10007f4c:	464a      	mov	r2, r9
10007f4e:	9b02      	ldr	r3, [sp, #8]
10007f50:	4648      	mov	r0, r9
10007f52:	c304      	stmia	r3!, {r2}
10007f54:	9a08      	ldr	r2, [sp, #32]
10007f56:	1a9b      	subs	r3, r3, r2
10007f58:	4652      	mov	r2, sl
10007f5a:	109b      	asrs	r3, r3, #2
10007f5c:	6113      	str	r3, [r2, #16]
10007f5e:	015e      	lsls	r6, r3, #5
10007f60:	f000 fbf2 	bl	10008748 <__hi0bits>
10007f64:	465b      	mov	r3, fp
10007f66:	681c      	ldr	r4, [r3, #0]
10007f68:	1a36      	subs	r6, r6, r0
10007f6a:	42a6      	cmp	r6, r4
10007f6c:	dc6b      	bgt.n	10008046 <__gethex+0x2b6>
10007f6e:	2500      	movs	r5, #0
10007f70:	42a6      	cmp	r6, r4
10007f72:	da00      	bge.n	10007f76 <__gethex+0x1e6>
10007f74:	e122      	b.n	100081bc <__gethex+0x42c>
10007f76:	465b      	mov	r3, fp
10007f78:	9a03      	ldr	r2, [sp, #12]
10007f7a:	689b      	ldr	r3, [r3, #8]
10007f7c:	4293      	cmp	r3, r2
10007f7e:	da00      	bge.n	10007f82 <__gethex+0x1f2>
10007f80:	e140      	b.n	10008204 <__gethex+0x474>
10007f82:	465b      	mov	r3, fp
10007f84:	9a03      	ldr	r2, [sp, #12]
10007f86:	685b      	ldr	r3, [r3, #4]
10007f88:	4293      	cmp	r3, r2
10007f8a:	dd43      	ble.n	10008014 <__gethex+0x284>
10007f8c:	1a9e      	subs	r6, r3, r2
10007f8e:	42b4      	cmp	r4, r6
10007f90:	dd00      	ble.n	10007f94 <__gethex+0x204>
10007f92:	e07d      	b.n	10008090 <__gethex+0x300>
10007f94:	465a      	mov	r2, fp
10007f96:	68d2      	ldr	r2, [r2, #12]
10007f98:	2a02      	cmp	r2, #2
10007f9a:	d100      	bne.n	10007f9e <__gethex+0x20e>
10007f9c:	e175      	b.n	1000828a <__gethex+0x4fa>
10007f9e:	2a03      	cmp	r2, #3
10007fa0:	d100      	bne.n	10007fa4 <__gethex+0x214>
10007fa2:	e16d      	b.n	10008280 <__gethex+0x4f0>
10007fa4:	2a01      	cmp	r2, #1
10007fa6:	d100      	bne.n	10007faa <__gethex+0x21a>
10007fa8:	e150      	b.n	1000824c <__gethex+0x4bc>
10007faa:	4651      	mov	r1, sl
10007fac:	9807      	ldr	r0, [sp, #28]
10007fae:	f000 fb15 	bl	100085dc <_Bfree>
10007fb2:	2300      	movs	r3, #0
10007fb4:	9a14      	ldr	r2, [sp, #80]	; 0x50
10007fb6:	2750      	movs	r7, #80	; 0x50
10007fb8:	6013      	str	r3, [r2, #0]
10007fba:	e7be      	b.n	10007f3a <__gethex+0x1aa>
10007fbc:	0099      	lsls	r1, r3, #2
10007fbe:	18c9      	adds	r1, r1, r3
10007fc0:	0049      	lsls	r1, r1, #1
10007fc2:	1809      	adds	r1, r1, r0
10007fc4:	4640      	mov	r0, r8
10007fc6:	000b      	movs	r3, r1
10007fc8:	7871      	ldrb	r1, [r6, #1]
10007fca:	3601      	adds	r6, #1
10007fcc:	5c40      	ldrb	r0, [r0, r1]
10007fce:	3b10      	subs	r3, #16
10007fd0:	2800      	cmp	r0, #0
10007fd2:	d09f      	beq.n	10007f14 <__gethex+0x184>
10007fd4:	2819      	cmp	r0, #25
10007fd6:	ddf1      	ble.n	10007fbc <__gethex+0x22c>
10007fd8:	e79c      	b.n	10007f14 <__gethex+0x184>
10007fda:	9c04      	ldr	r4, [sp, #16]
10007fdc:	0028      	movs	r0, r5
10007fde:	0022      	movs	r2, r4
10007fe0:	9905      	ldr	r1, [sp, #20]
10007fe2:	f001 f841 	bl	10009068 <strncmp>
10007fe6:	2800      	cmp	r0, #0
10007fe8:	d16f      	bne.n	100080ca <__gethex+0x33a>
10007fea:	0023      	movs	r3, r4
10007fec:	5cea      	ldrb	r2, [r5, r3]
10007fee:	4643      	mov	r3, r8
10007ff0:	5c9b      	ldrb	r3, [r3, r2]
10007ff2:	192c      	adds	r4, r5, r4
10007ff4:	2b00      	cmp	r3, #0
10007ff6:	d06a      	beq.n	100080ce <__gethex+0x33e>
10007ff8:	0025      	movs	r5, r4
10007ffa:	2a30      	cmp	r2, #48	; 0x30
10007ffc:	d105      	bne.n	1000800a <__gethex+0x27a>
10007ffe:	786b      	ldrb	r3, [r5, #1]
10008000:	3501      	adds	r5, #1
10008002:	2b30      	cmp	r3, #48	; 0x30
10008004:	d0fb      	beq.n	10007ffe <__gethex+0x26e>
10008006:	4642      	mov	r2, r8
10008008:	5cd3      	ldrb	r3, [r2, r3]
1000800a:	4259      	negs	r1, r3
1000800c:	4159      	adcs	r1, r3
1000800e:	2701      	movs	r7, #1
10008010:	468a      	mov	sl, r1
10008012:	e6f4      	b.n	10007dfe <__gethex+0x6e>
10008014:	2701      	movs	r7, #1
10008016:	2d00      	cmp	r5, #0
10008018:	d00a      	beq.n	10008030 <__gethex+0x2a0>
1000801a:	465b      	mov	r3, fp
1000801c:	68db      	ldr	r3, [r3, #12]
1000801e:	2b02      	cmp	r3, #2
10008020:	d05d      	beq.n	100080de <__gethex+0x34e>
10008022:	2b03      	cmp	r3, #3
10008024:	d05f      	beq.n	100080e6 <__gethex+0x356>
10008026:	2b01      	cmp	r3, #1
10008028:	d100      	bne.n	1000802c <__gethex+0x29c>
1000802a:	e0bb      	b.n	100081a4 <__gethex+0x414>
1000802c:	2310      	movs	r3, #16
1000802e:	431f      	orrs	r7, r3
10008030:	4652      	mov	r2, sl
10008032:	9b14      	ldr	r3, [sp, #80]	; 0x50
10008034:	601a      	str	r2, [r3, #0]
10008036:	9b09      	ldr	r3, [sp, #36]	; 0x24
10008038:	9a03      	ldr	r2, [sp, #12]
1000803a:	601a      	str	r2, [r3, #0]
1000803c:	e77d      	b.n	10007f3a <__gethex+0x1aa>
1000803e:	2201      	movs	r2, #1
10008040:	78a3      	ldrb	r3, [r4, #2]
10008042:	1ca1      	adds	r1, r4, #2
10008044:	e759      	b.n	10007efa <__gethex+0x16a>
10008046:	1b36      	subs	r6, r6, r4
10008048:	0031      	movs	r1, r6
1000804a:	4650      	mov	r0, sl
1000804c:	f000 ffda 	bl	10009004 <__any_on>
10008050:	1e05      	subs	r5, r0, #0
10008052:	d00f      	beq.n	10008074 <__gethex+0x2e4>
10008054:	211f      	movs	r1, #31
10008056:	2301      	movs	r3, #1
10008058:	1e70      	subs	r0, r6, #1
1000805a:	4001      	ands	r1, r0
1000805c:	408b      	lsls	r3, r1
1000805e:	1142      	asrs	r2, r0, #5
10008060:	9908      	ldr	r1, [sp, #32]
10008062:	0092      	lsls	r2, r2, #2
10008064:	588a      	ldr	r2, [r1, r2]
10008066:	2501      	movs	r5, #1
10008068:	421a      	tst	r2, r3
1000806a:	d003      	beq.n	10008074 <__gethex+0x2e4>
1000806c:	2801      	cmp	r0, #1
1000806e:	dd00      	ble.n	10008072 <__gethex+0x2e2>
10008070:	e0de      	b.n	10008230 <__gethex+0x4a0>
10008072:	2502      	movs	r5, #2
10008074:	0031      	movs	r1, r6
10008076:	4650      	mov	r0, sl
10008078:	f7ff fe38 	bl	10007cec <rshift>
1000807c:	9b03      	ldr	r3, [sp, #12]
1000807e:	469c      	mov	ip, r3
10008080:	44b4      	add	ip, r6
10008082:	4663      	mov	r3, ip
10008084:	9303      	str	r3, [sp, #12]
10008086:	e776      	b.n	10007f76 <__gethex+0x1e6>
10008088:	1000ae60 	.word	0x1000ae60
1000808c:	1000ad5c 	.word	0x1000ad5c
10008090:	1e77      	subs	r7, r6, #1
10008092:	2d00      	cmp	r5, #0
10008094:	d000      	beq.n	10008098 <__gethex+0x308>
10008096:	e0c3      	b.n	10008220 <__gethex+0x490>
10008098:	2f00      	cmp	r7, #0
1000809a:	d000      	beq.n	1000809e <__gethex+0x30e>
1000809c:	e0c2      	b.n	10008224 <__gethex+0x494>
1000809e:	231f      	movs	r3, #31
100080a0:	117a      	asrs	r2, r7, #5
100080a2:	401f      	ands	r7, r3
100080a4:	3b1e      	subs	r3, #30
100080a6:	40bb      	lsls	r3, r7
100080a8:	9908      	ldr	r1, [sp, #32]
100080aa:	0092      	lsls	r2, r2, #2
100080ac:	588a      	ldr	r2, [r1, r2]
100080ae:	421a      	tst	r2, r3
100080b0:	d001      	beq.n	100080b6 <__gethex+0x326>
100080b2:	2302      	movs	r3, #2
100080b4:	431d      	orrs	r5, r3
100080b6:	0031      	movs	r1, r6
100080b8:	4650      	mov	r0, sl
100080ba:	f7ff fe17 	bl	10007cec <rshift>
100080be:	465b      	mov	r3, fp
100080c0:	685b      	ldr	r3, [r3, #4]
100080c2:	2702      	movs	r7, #2
100080c4:	1ba4      	subs	r4, r4, r6
100080c6:	9303      	str	r3, [sp, #12]
100080c8:	e7a5      	b.n	10008016 <__gethex+0x286>
100080ca:	002c      	movs	r4, r5
100080cc:	782a      	ldrb	r2, [r5, #0]
100080ce:	2320      	movs	r3, #32
100080d0:	439a      	bics	r2, r3
100080d2:	2a50      	cmp	r2, #80	; 0x50
100080d4:	d100      	bne.n	100080d8 <__gethex+0x348>
100080d6:	e0b4      	b.n	10008242 <__gethex+0x4b2>
100080d8:	464b      	mov	r3, r9
100080da:	601c      	str	r4, [r3, #0]
100080dc:	e727      	b.n	10007f2e <__gethex+0x19e>
100080de:	2301      	movs	r3, #1
100080e0:	9a15      	ldr	r2, [sp, #84]	; 0x54
100080e2:	1a9b      	subs	r3, r3, r2
100080e4:	9315      	str	r3, [sp, #84]	; 0x54
100080e6:	9b15      	ldr	r3, [sp, #84]	; 0x54
100080e8:	2b00      	cmp	r3, #0
100080ea:	d09f      	beq.n	1000802c <__gethex+0x29c>
100080ec:	4653      	mov	r3, sl
100080ee:	691e      	ldr	r6, [r3, #16]
100080f0:	9d08      	ldr	r5, [sp, #32]
100080f2:	00b3      	lsls	r3, r6, #2
100080f4:	4699      	mov	r9, r3
100080f6:	18e8      	adds	r0, r5, r3
100080f8:	2100      	movs	r1, #0
100080fa:	002b      	movs	r3, r5
100080fc:	46b4      	mov	ip, r6
100080fe:	e003      	b.n	10008108 <__gethex+0x378>
10008100:	c302      	stmia	r3!, {r1}
10008102:	4298      	cmp	r0, r3
10008104:	d800      	bhi.n	10008108 <__gethex+0x378>
10008106:	e0c5      	b.n	10008294 <__gethex+0x504>
10008108:	681a      	ldr	r2, [r3, #0]
1000810a:	1c56      	adds	r6, r2, #1
1000810c:	d0f8      	beq.n	10008100 <__gethex+0x370>
1000810e:	3201      	adds	r2, #1
10008110:	601a      	str	r2, [r3, #0]
10008112:	2f02      	cmp	r7, #2
10008114:	d100      	bne.n	10008118 <__gethex+0x388>
10008116:	e0d1      	b.n	100082bc <__gethex+0x52c>
10008118:	231f      	movs	r3, #31
1000811a:	001e      	movs	r6, r3
1000811c:	2721      	movs	r7, #33	; 0x21
1000811e:	4026      	ands	r6, r4
10008120:	4223      	tst	r3, r4
10008122:	d085      	beq.n	10008030 <__gethex+0x2a0>
10008124:	464b      	mov	r3, r9
10008126:	18eb      	adds	r3, r5, r3
10008128:	3b04      	subs	r3, #4
1000812a:	6818      	ldr	r0, [r3, #0]
1000812c:	f000 fb0c 	bl	10008748 <__hi0bits>
10008130:	2320      	movs	r3, #32
10008132:	1b9e      	subs	r6, r3, r6
10008134:	42b0      	cmp	r0, r6
10008136:	db00      	blt.n	1000813a <__gethex+0x3aa>
10008138:	e77a      	b.n	10008030 <__gethex+0x2a0>
1000813a:	4653      	mov	r3, sl
1000813c:	691a      	ldr	r2, [r3, #16]
1000813e:	2a00      	cmp	r2, #0
10008140:	dc00      	bgt.n	10008144 <__gethex+0x3b4>
10008142:	e0ea      	b.n	1000831a <__gethex+0x58a>
10008144:	4653      	mov	r3, sl
10008146:	4650      	mov	r0, sl
10008148:	695b      	ldr	r3, [r3, #20]
1000814a:	0092      	lsls	r2, r2, #2
1000814c:	18aa      	adds	r2, r5, r2
1000814e:	3018      	adds	r0, #24
10008150:	085b      	lsrs	r3, r3, #1
10008152:	4282      	cmp	r2, r0
10008154:	d800      	bhi.n	10008158 <__gethex+0x3c8>
10008156:	e0e7      	b.n	10008328 <__gethex+0x598>
10008158:	002c      	movs	r4, r5
1000815a:	0019      	movs	r1, r3
1000815c:	6803      	ldr	r3, [r0, #0]
1000815e:	07db      	lsls	r3, r3, #31
10008160:	430b      	orrs	r3, r1
10008162:	c408      	stmia	r4!, {r3}
10008164:	c802      	ldmia	r0!, {r1}
10008166:	0849      	lsrs	r1, r1, #1
10008168:	4282      	cmp	r2, r0
1000816a:	d8f7      	bhi.n	1000815c <__gethex+0x3cc>
1000816c:	000b      	movs	r3, r1
1000816e:	4651      	mov	r1, sl
10008170:	1a52      	subs	r2, r2, r1
10008172:	3a19      	subs	r2, #25
10008174:	0892      	lsrs	r2, r2, #2
10008176:	3201      	adds	r2, #1
10008178:	0092      	lsls	r2, r2, #2
1000817a:	18aa      	adds	r2, r5, r2
1000817c:	6013      	str	r3, [r2, #0]
1000817e:	2b00      	cmp	r3, #0
10008180:	d000      	beq.n	10008184 <__gethex+0x3f4>
10008182:	e0d5      	b.n	10008330 <__gethex+0x5a0>
10008184:	4651      	mov	r1, sl
10008186:	1b53      	subs	r3, r2, r5
10008188:	109b      	asrs	r3, r3, #2
1000818a:	610b      	str	r3, [r1, #16]
1000818c:	42aa      	cmp	r2, r5
1000818e:	d100      	bne.n	10008192 <__gethex+0x402>
10008190:	e0c6      	b.n	10008320 <__gethex+0x590>
10008192:	465b      	mov	r3, fp
10008194:	9a03      	ldr	r2, [sp, #12]
10008196:	689b      	ldr	r3, [r3, #8]
10008198:	3201      	adds	r2, #1
1000819a:	9203      	str	r2, [sp, #12]
1000819c:	4293      	cmp	r3, r2
1000819e:	db31      	blt.n	10008204 <__gethex+0x474>
100081a0:	2721      	movs	r7, #33	; 0x21
100081a2:	e745      	b.n	10008030 <__gethex+0x2a0>
100081a4:	07aa      	lsls	r2, r5, #30
100081a6:	d400      	bmi.n	100081aa <__gethex+0x41a>
100081a8:	e740      	b.n	1000802c <__gethex+0x29c>
100081aa:	9a08      	ldr	r2, [sp, #32]
100081ac:	6812      	ldr	r2, [r2, #0]
100081ae:	4315      	orrs	r5, r2
100081b0:	9201      	str	r2, [sp, #4]
100081b2:	422b      	tst	r3, r5
100081b4:	d19a      	bne.n	100080ec <__gethex+0x35c>
100081b6:	e739      	b.n	1000802c <__gethex+0x29c>
100081b8:	2200      	movs	r2, #0
100081ba:	e741      	b.n	10008040 <__gethex+0x2b0>
100081bc:	1ba6      	subs	r6, r4, r6
100081be:	4651      	mov	r1, sl
100081c0:	0032      	movs	r2, r6
100081c2:	9807      	ldr	r0, [sp, #28]
100081c4:	f000 fc78 	bl	10008ab8 <__lshift>
100081c8:	9b03      	ldr	r3, [sp, #12]
100081ca:	4682      	mov	sl, r0
100081cc:	1b9b      	subs	r3, r3, r6
100081ce:	9303      	str	r3, [sp, #12]
100081d0:	2314      	movs	r3, #20
100081d2:	4453      	add	r3, sl
100081d4:	9308      	str	r3, [sp, #32]
100081d6:	e6ce      	b.n	10007f76 <__gethex+0x1e6>
100081d8:	4642      	mov	r2, r8
100081da:	9b04      	ldr	r3, [sp, #16]
100081dc:	18f1      	adds	r1, r6, r3
100081de:	5cf3      	ldrb	r3, [r6, r3]
100081e0:	000e      	movs	r6, r1
100081e2:	5cd2      	ldrb	r2, [r2, r3]
100081e4:	2a00      	cmp	r2, #0
100081e6:	d100      	bne.n	100081ea <__gethex+0x45a>
100081e8:	e61f      	b.n	10007e2a <__gethex+0x9a>
100081ea:	4642      	mov	r2, r8
100081ec:	7873      	ldrb	r3, [r6, #1]
100081ee:	3601      	adds	r6, #1
100081f0:	5cd2      	ldrb	r2, [r2, r3]
100081f2:	2a00      	cmp	r2, #0
100081f4:	d1f9      	bne.n	100081ea <__gethex+0x45a>
100081f6:	1b89      	subs	r1, r1, r6
100081f8:	008a      	lsls	r2, r1, #2
100081fa:	9203      	str	r2, [sp, #12]
100081fc:	e615      	b.n	10007e2a <__gethex+0x9a>
100081fe:	2700      	movs	r7, #0
10008200:	3502      	adds	r5, #2
10008202:	e5f0      	b.n	10007de6 <__gethex+0x56>
10008204:	4651      	mov	r1, sl
10008206:	9807      	ldr	r0, [sp, #28]
10008208:	f000 f9e8 	bl	100085dc <_Bfree>
1000820c:	2300      	movs	r3, #0
1000820e:	9a14      	ldr	r2, [sp, #80]	; 0x50
10008210:	27a3      	movs	r7, #163	; 0xa3
10008212:	6013      	str	r3, [r2, #0]
10008214:	e691      	b.n	10007f3a <__gethex+0x1aa>
10008216:	9b08      	ldr	r3, [sp, #32]
10008218:	9302      	str	r3, [sp, #8]
1000821a:	2300      	movs	r3, #0
1000821c:	4699      	mov	r9, r3
1000821e:	e695      	b.n	10007f4c <__gethex+0x1bc>
10008220:	2501      	movs	r5, #1
10008222:	e73c      	b.n	1000809e <__gethex+0x30e>
10008224:	0039      	movs	r1, r7
10008226:	4650      	mov	r0, sl
10008228:	f000 feec 	bl	10009004 <__any_on>
1000822c:	0005      	movs	r5, r0
1000822e:	e736      	b.n	1000809e <__gethex+0x30e>
10008230:	4650      	mov	r0, sl
10008232:	1eb1      	subs	r1, r6, #2
10008234:	f000 fee6 	bl	10009004 <__any_on>
10008238:	3502      	adds	r5, #2
1000823a:	2800      	cmp	r0, #0
1000823c:	d000      	beq.n	10008240 <__gethex+0x4b0>
1000823e:	e719      	b.n	10008074 <__gethex+0x2e4>
10008240:	e717      	b.n	10008072 <__gethex+0x2e2>
10008242:	2300      	movs	r3, #0
10008244:	9303      	str	r3, [sp, #12]
10008246:	3301      	adds	r3, #1
10008248:	469a      	mov	sl, r3
1000824a:	e64d      	b.n	10007ee8 <__gethex+0x158>
1000824c:	42b4      	cmp	r4, r6
1000824e:	d000      	beq.n	10008252 <__gethex+0x4c2>
10008250:	e6ab      	b.n	10007faa <__gethex+0x21a>
10008252:	2c01      	cmp	r4, #1
10008254:	d008      	beq.n	10008268 <__gethex+0x4d8>
10008256:	4650      	mov	r0, sl
10008258:	1e61      	subs	r1, r4, #1
1000825a:	f000 fed3 	bl	10009004 <__any_on>
1000825e:	2800      	cmp	r0, #0
10008260:	d100      	bne.n	10008264 <__gethex+0x4d4>
10008262:	e6a2      	b.n	10007faa <__gethex+0x21a>
10008264:	465b      	mov	r3, fp
10008266:	685b      	ldr	r3, [r3, #4]
10008268:	9a09      	ldr	r2, [sp, #36]	; 0x24
1000826a:	2762      	movs	r7, #98	; 0x62
1000826c:	6013      	str	r3, [r2, #0]
1000826e:	2301      	movs	r3, #1
10008270:	4652      	mov	r2, sl
10008272:	6113      	str	r3, [r2, #16]
10008274:	9a08      	ldr	r2, [sp, #32]
10008276:	6013      	str	r3, [r2, #0]
10008278:	4652      	mov	r2, sl
1000827a:	9b14      	ldr	r3, [sp, #80]	; 0x50
1000827c:	601a      	str	r2, [r3, #0]
1000827e:	e65c      	b.n	10007f3a <__gethex+0x1aa>
10008280:	9a15      	ldr	r2, [sp, #84]	; 0x54
10008282:	2a00      	cmp	r2, #0
10008284:	d100      	bne.n	10008288 <__gethex+0x4f8>
10008286:	e690      	b.n	10007faa <__gethex+0x21a>
10008288:	e7ee      	b.n	10008268 <__gethex+0x4d8>
1000828a:	9a15      	ldr	r2, [sp, #84]	; 0x54
1000828c:	2a00      	cmp	r2, #0
1000828e:	d000      	beq.n	10008292 <__gethex+0x502>
10008290:	e68b      	b.n	10007faa <__gethex+0x21a>
10008292:	e7e9      	b.n	10008268 <__gethex+0x4d8>
10008294:	4652      	mov	r2, sl
10008296:	4666      	mov	r6, ip
10008298:	6892      	ldr	r2, [r2, #8]
1000829a:	4663      	mov	r3, ip
1000829c:	4296      	cmp	r6, r2
1000829e:	da20      	bge.n	100082e2 <__gethex+0x552>
100082a0:	4651      	mov	r1, sl
100082a2:	1c5a      	adds	r2, r3, #1
100082a4:	610a      	str	r2, [r1, #16]
100082a6:	2101      	movs	r1, #1
100082a8:	3304      	adds	r3, #4
100082aa:	009b      	lsls	r3, r3, #2
100082ac:	4453      	add	r3, sl
100082ae:	6059      	str	r1, [r3, #4]
100082b0:	2f02      	cmp	r7, #2
100082b2:	d003      	beq.n	100082bc <__gethex+0x52c>
100082b4:	4296      	cmp	r6, r2
100082b6:	da00      	bge.n	100082ba <__gethex+0x52a>
100082b8:	e741      	b.n	1000813e <__gethex+0x3ae>
100082ba:	e72d      	b.n	10008118 <__gethex+0x388>
100082bc:	465b      	mov	r3, fp
100082be:	681b      	ldr	r3, [r3, #0]
100082c0:	2722      	movs	r7, #34	; 0x22
100082c2:	3b01      	subs	r3, #1
100082c4:	42a3      	cmp	r3, r4
100082c6:	d000      	beq.n	100082ca <__gethex+0x53a>
100082c8:	e6b2      	b.n	10008030 <__gethex+0x2a0>
100082ca:	231f      	movs	r3, #31
100082cc:	1162      	asrs	r2, r4, #5
100082ce:	401c      	ands	r4, r3
100082d0:	3b1e      	subs	r3, #30
100082d2:	40a3      	lsls	r3, r4
100082d4:	0092      	lsls	r2, r2, #2
100082d6:	5957      	ldr	r7, [r2, r5]
100082d8:	401f      	ands	r7, r3
100082da:	427b      	negs	r3, r7
100082dc:	415f      	adcs	r7, r3
100082de:	3721      	adds	r7, #33	; 0x21
100082e0:	e6a6      	b.n	10008030 <__gethex+0x2a0>
100082e2:	4653      	mov	r3, sl
100082e4:	685b      	ldr	r3, [r3, #4]
100082e6:	9807      	ldr	r0, [sp, #28]
100082e8:	1c59      	adds	r1, r3, #1
100082ea:	f000 f94f 	bl	1000858c <_Balloc>
100082ee:	4680      	mov	r8, r0
100082f0:	2800      	cmp	r0, #0
100082f2:	d01f      	beq.n	10008334 <__gethex+0x5a4>
100082f4:	4653      	mov	r3, sl
100082f6:	4651      	mov	r1, sl
100082f8:	691b      	ldr	r3, [r3, #16]
100082fa:	310c      	adds	r1, #12
100082fc:	1c9a      	adds	r2, r3, #2
100082fe:	0092      	lsls	r2, r2, #2
10008300:	300c      	adds	r0, #12
10008302:	f7fd fca1 	bl	10005c48 <__wrap___aeabi_memcpy>
10008306:	4651      	mov	r1, sl
10008308:	9807      	ldr	r0, [sp, #28]
1000830a:	f000 f967 	bl	100085dc <_Bfree>
1000830e:	4645      	mov	r5, r8
10008310:	4643      	mov	r3, r8
10008312:	46c2      	mov	sl, r8
10008314:	691b      	ldr	r3, [r3, #16]
10008316:	3514      	adds	r5, #20
10008318:	e7c2      	b.n	100082a0 <__gethex+0x510>
1000831a:	2300      	movs	r3, #0
1000831c:	4652      	mov	r2, sl
1000831e:	6113      	str	r3, [r2, #16]
10008320:	2300      	movs	r3, #0
10008322:	4652      	mov	r2, sl
10008324:	6153      	str	r3, [r2, #20]
10008326:	e734      	b.n	10008192 <__gethex+0x402>
10008328:	002a      	movs	r2, r5
1000832a:	602b      	str	r3, [r5, #0]
1000832c:	2b00      	cmp	r3, #0
1000832e:	d00d      	beq.n	1000834c <__gethex+0x5bc>
10008330:	3204      	adds	r2, #4
10008332:	e727      	b.n	10008184 <__gethex+0x3f4>
10008334:	2200      	movs	r2, #0
10008336:	2184      	movs	r1, #132	; 0x84
10008338:	4b06      	ldr	r3, [pc, #24]	; (10008354 <__gethex+0x5c4>)
1000833a:	4807      	ldr	r0, [pc, #28]	; (10008358 <__gethex+0x5c8>)
1000833c:	f7fb fa24 	bl	10003788 <__assert_func>
10008340:	2200      	movs	r2, #0
10008342:	21de      	movs	r1, #222	; 0xde
10008344:	4b03      	ldr	r3, [pc, #12]	; (10008354 <__gethex+0x5c4>)
10008346:	4804      	ldr	r0, [pc, #16]	; (10008358 <__gethex+0x5c8>)
10008348:	f7fb fa1e 	bl	10003788 <__assert_func>
1000834c:	4652      	mov	r2, sl
1000834e:	6113      	str	r3, [r2, #16]
10008350:	e7e6      	b.n	10008320 <__gethex+0x590>
10008352:	46c0      	nop			; (mov r8, r8)
10008354:	1000acc0 	.word	0x1000acc0
10008358:	1000acd4 	.word	0x1000acd4

1000835c <__match>:
1000835c:	b530      	push	{r4, r5, lr}
1000835e:	6802      	ldr	r2, [r0, #0]
10008360:	e008      	b.n	10008374 <__match+0x18>
10008362:	7813      	ldrb	r3, [r2, #0]
10008364:	001d      	movs	r5, r3
10008366:	3d41      	subs	r5, #65	; 0x41
10008368:	2d19      	cmp	r5, #25
1000836a:	d800      	bhi.n	1000836e <__match+0x12>
1000836c:	3320      	adds	r3, #32
1000836e:	3101      	adds	r1, #1
10008370:	42a3      	cmp	r3, r4
10008372:	d106      	bne.n	10008382 <__match+0x26>
10008374:	780c      	ldrb	r4, [r1, #0]
10008376:	3201      	adds	r2, #1
10008378:	2c00      	cmp	r4, #0
1000837a:	d1f2      	bne.n	10008362 <__match+0x6>
1000837c:	6002      	str	r2, [r0, #0]
1000837e:	2001      	movs	r0, #1
10008380:	bd30      	pop	{r4, r5, pc}
10008382:	2000      	movs	r0, #0
10008384:	e7fc      	b.n	10008380 <__match+0x24>
10008386:	46c0      	nop			; (mov r8, r8)

10008388 <__hexnan>:
10008388:	b5f0      	push	{r4, r5, r6, r7, lr}
1000838a:	4645      	mov	r5, r8
1000838c:	46de      	mov	lr, fp
1000838e:	4657      	mov	r7, sl
10008390:	464e      	mov	r6, r9
10008392:	4690      	mov	r8, r2
10008394:	680a      	ldr	r2, [r1, #0]
10008396:	211f      	movs	r1, #31
10008398:	b5e0      	push	{r5, r6, r7, lr}
1000839a:	b085      	sub	sp, #20
1000839c:	9000      	str	r0, [sp, #0]
1000839e:	0008      	movs	r0, r1
100083a0:	1153      	asrs	r3, r2, #5
100083a2:	009b      	lsls	r3, r3, #2
100083a4:	4010      	ands	r0, r2
100083a6:	4443      	add	r3, r8
100083a8:	9001      	str	r0, [sp, #4]
100083aa:	4211      	tst	r1, r2
100083ac:	d000      	beq.n	100083b0 <__hexnan+0x28>
100083ae:	e092      	b.n	100084d6 <__hexnan+0x14e>
100083b0:	001a      	movs	r2, r3
100083b2:	1f1f      	subs	r7, r3, #4
100083b4:	1f13      	subs	r3, r2, #4
100083b6:	469a      	mov	sl, r3
100083b8:	2300      	movs	r3, #0
100083ba:	4652      	mov	r2, sl
100083bc:	6013      	str	r3, [r2, #0]
100083be:	9b00      	ldr	r3, [sp, #0]
100083c0:	6818      	ldr	r0, [r3, #0]
100083c2:	7841      	ldrb	r1, [r0, #1]
100083c4:	2900      	cmp	r1, #0
100083c6:	d100      	bne.n	100083ca <__hexnan+0x42>
100083c8:	e09a      	b.n	10008500 <__hexnan+0x178>
100083ca:	2300      	movs	r3, #0
100083cc:	46bc      	mov	ip, r7
100083ce:	469b      	mov	fp, r3
100083d0:	4b60      	ldr	r3, [pc, #384]	; (10008554 <__hexnan+0x1cc>)
100083d2:	003d      	movs	r5, r7
100083d4:	2400      	movs	r4, #0
100083d6:	465f      	mov	r7, fp
100083d8:	2200      	movs	r2, #0
100083da:	4699      	mov	r9, r3
100083dc:	46e3      	mov	fp, ip
100083de:	e016      	b.n	1000840e <__hexnan+0x86>
100083e0:	2920      	cmp	r1, #32
100083e2:	d900      	bls.n	100083e6 <__hexnan+0x5e>
100083e4:	e089      	b.n	100084fa <__hexnan+0x172>
100083e6:	4297      	cmp	r7, r2
100083e8:	da0d      	bge.n	10008406 <__hexnan+0x7e>
100083ea:	4565      	cmp	r5, ip
100083ec:	d201      	bcs.n	100083f2 <__hexnan+0x6a>
100083ee:	2c07      	cmp	r4, #7
100083f0:	dd56      	ble.n	100084a0 <__hexnan+0x118>
100083f2:	2408      	movs	r4, #8
100083f4:	45a8      	cmp	r8, r5
100083f6:	d206      	bcs.n	10008406 <__hexnan+0x7e>
100083f8:	1f2b      	subs	r3, r5, #4
100083fa:	2100      	movs	r1, #0
100083fc:	469c      	mov	ip, r3
100083fe:	0017      	movs	r7, r2
10008400:	001d      	movs	r5, r3
10008402:	2400      	movs	r4, #0
10008404:	6019      	str	r1, [r3, #0]
10008406:	7881      	ldrb	r1, [r0, #2]
10008408:	3001      	adds	r0, #1
1000840a:	2900      	cmp	r1, #0
1000840c:	d011      	beq.n	10008432 <__hexnan+0xaa>
1000840e:	464b      	mov	r3, r9
10008410:	5c5b      	ldrb	r3, [r3, r1]
10008412:	2b00      	cmp	r3, #0
10008414:	d0e4      	beq.n	100083e0 <__hexnan+0x58>
10008416:	3401      	adds	r4, #1
10008418:	3201      	adds	r2, #1
1000841a:	2c08      	cmp	r4, #8
1000841c:	dc39      	bgt.n	10008492 <__hexnan+0x10a>
1000841e:	6829      	ldr	r1, [r5, #0]
10008420:	0109      	lsls	r1, r1, #4
10008422:	260f      	movs	r6, #15
10008424:	4033      	ands	r3, r6
10008426:	430b      	orrs	r3, r1
10008428:	602b      	str	r3, [r5, #0]
1000842a:	7881      	ldrb	r1, [r0, #2]
1000842c:	3001      	adds	r0, #1
1000842e:	2900      	cmp	r1, #0
10008430:	d1ed      	bne.n	1000840e <__hexnan+0x86>
10008432:	465f      	mov	r7, fp
10008434:	2a00      	cmp	r2, #0
10008436:	d063      	beq.n	10008500 <__hexnan+0x178>
10008438:	45ac      	cmp	ip, r5
1000843a:	d901      	bls.n	10008440 <__hexnan+0xb8>
1000843c:	2c07      	cmp	r4, #7
1000843e:	dd6e      	ble.n	1000851e <__hexnan+0x196>
10008440:	45a8      	cmp	r8, r5
10008442:	d24b      	bcs.n	100084dc <__hexnan+0x154>
10008444:	4642      	mov	r2, r8
10008446:	002b      	movs	r3, r5
10008448:	cb02      	ldmia	r3!, {r1}
1000844a:	c202      	stmia	r2!, {r1}
1000844c:	429f      	cmp	r7, r3
1000844e:	d2fb      	bcs.n	10008448 <__hexnan+0xc0>
10008450:	1c79      	adds	r1, r7, #1
10008452:	1c6a      	adds	r2, r5, #1
10008454:	2304      	movs	r3, #4
10008456:	4291      	cmp	r1, r2
10008458:	d25c      	bcs.n	10008514 <__hexnan+0x18c>
1000845a:	4443      	add	r3, r8
1000845c:	001d      	movs	r5, r3
1000845e:	2300      	movs	r3, #0
10008460:	c508      	stmia	r5!, {r3}
10008462:	42af      	cmp	r7, r5
10008464:	d2fc      	bcs.n	10008460 <__hexnan+0xd8>
10008466:	4653      	mov	r3, sl
10008468:	681b      	ldr	r3, [r3, #0]
1000846a:	2b00      	cmp	r3, #0
1000846c:	d109      	bne.n	10008482 <__hexnan+0xfa>
1000846e:	4643      	mov	r3, r8
10008470:	45b8      	cmp	r8, r7
10008472:	d102      	bne.n	1000847a <__hexnan+0xf2>
10008474:	e046      	b.n	10008504 <__hexnan+0x17c>
10008476:	42bb      	cmp	r3, r7
10008478:	d044      	beq.n	10008504 <__hexnan+0x17c>
1000847a:	3f04      	subs	r7, #4
1000847c:	683a      	ldr	r2, [r7, #0]
1000847e:	2a00      	cmp	r2, #0
10008480:	d0f9      	beq.n	10008476 <__hexnan+0xee>
10008482:	2005      	movs	r0, #5
10008484:	b005      	add	sp, #20
10008486:	bcf0      	pop	{r4, r5, r6, r7}
10008488:	46bb      	mov	fp, r7
1000848a:	46b2      	mov	sl, r6
1000848c:	46a9      	mov	r9, r5
1000848e:	46a0      	mov	r8, r4
10008490:	bdf0      	pop	{r4, r5, r6, r7, pc}
10008492:	45a8      	cmp	r8, r5
10008494:	d2b7      	bcs.n	10008406 <__hexnan+0x7e>
10008496:	2100      	movs	r1, #0
10008498:	3d04      	subs	r5, #4
1000849a:	2401      	movs	r4, #1
1000849c:	6029      	str	r1, [r5, #0]
1000849e:	e7c0      	b.n	10008422 <__hexnan+0x9a>
100084a0:	2308      	movs	r3, #8
100084a2:	1b1c      	subs	r4, r3, r4
100084a4:	00a4      	lsls	r4, r4, #2
100084a6:	3318      	adds	r3, #24
100084a8:	1b19      	subs	r1, r3, r4
100084aa:	9002      	str	r0, [sp, #8]
100084ac:	002e      	movs	r6, r5
100084ae:	0008      	movs	r0, r1
100084b0:	9403      	str	r4, [sp, #12]
100084b2:	682b      	ldr	r3, [r5, #0]
100084b4:	4664      	mov	r4, ip
100084b6:	4694      	mov	ip, r2
100084b8:	9a03      	ldr	r2, [sp, #12]
100084ba:	6871      	ldr	r1, [r6, #4]
100084bc:	4081      	lsls	r1, r0
100084be:	430b      	orrs	r3, r1
100084c0:	6033      	str	r3, [r6, #0]
100084c2:	6873      	ldr	r3, [r6, #4]
100084c4:	3604      	adds	r6, #4
100084c6:	40d3      	lsrs	r3, r2
100084c8:	6033      	str	r3, [r6, #0]
100084ca:	42a6      	cmp	r6, r4
100084cc:	d3f5      	bcc.n	100084ba <__hexnan+0x132>
100084ce:	4662      	mov	r2, ip
100084d0:	9802      	ldr	r0, [sp, #8]
100084d2:	46a4      	mov	ip, r4
100084d4:	e78d      	b.n	100083f2 <__hexnan+0x6a>
100084d6:	001f      	movs	r7, r3
100084d8:	1d1a      	adds	r2, r3, #4
100084da:	e76b      	b.n	100083b4 <__hexnan+0x2c>
100084dc:	9b01      	ldr	r3, [sp, #4]
100084de:	2b00      	cmp	r3, #0
100084e0:	d0c1      	beq.n	10008466 <__hexnan+0xde>
100084e2:	2220      	movs	r2, #32
100084e4:	9b01      	ldr	r3, [sp, #4]
100084e6:	1ad2      	subs	r2, r2, r3
100084e8:	2301      	movs	r3, #1
100084ea:	425b      	negs	r3, r3
100084ec:	40d3      	lsrs	r3, r2
100084ee:	4652      	mov	r2, sl
100084f0:	6812      	ldr	r2, [r2, #0]
100084f2:	4013      	ands	r3, r2
100084f4:	4652      	mov	r2, sl
100084f6:	6013      	str	r3, [r2, #0]
100084f8:	e7b7      	b.n	1000846a <__hexnan+0xe2>
100084fa:	465f      	mov	r7, fp
100084fc:	2929      	cmp	r1, #41	; 0x29
100084fe:	d005      	beq.n	1000850c <__hexnan+0x184>
10008500:	2004      	movs	r0, #4
10008502:	e7bf      	b.n	10008484 <__hexnan+0xfc>
10008504:	2301      	movs	r3, #1
10008506:	2005      	movs	r0, #5
10008508:	603b      	str	r3, [r7, #0]
1000850a:	e7bb      	b.n	10008484 <__hexnan+0xfc>
1000850c:	9b00      	ldr	r3, [sp, #0]
1000850e:	3002      	adds	r0, #2
10008510:	6018      	str	r0, [r3, #0]
10008512:	e78f      	b.n	10008434 <__hexnan+0xac>
10008514:	1b7d      	subs	r5, r7, r5
10008516:	08ad      	lsrs	r5, r5, #2
10008518:	3501      	adds	r5, #1
1000851a:	00ab      	lsls	r3, r5, #2
1000851c:	e79d      	b.n	1000845a <__hexnan+0xd2>
1000851e:	2308      	movs	r3, #8
10008520:	2620      	movs	r6, #32
10008522:	1b1c      	subs	r4, r3, r4
10008524:	00a4      	lsls	r4, r4, #2
10008526:	682b      	ldr	r3, [r5, #0]
10008528:	1b36      	subs	r6, r6, r4
1000852a:	001a      	movs	r2, r3
1000852c:	0033      	movs	r3, r6
1000852e:	0028      	movs	r0, r5
10008530:	0026      	movs	r6, r4
10008532:	4664      	mov	r4, ip
10008534:	46ac      	mov	ip, r5
10008536:	001d      	movs	r5, r3
10008538:	6841      	ldr	r1, [r0, #4]
1000853a:	000b      	movs	r3, r1
1000853c:	40ab      	lsls	r3, r5
1000853e:	4313      	orrs	r3, r2
10008540:	000a      	movs	r2, r1
10008542:	40f2      	lsrs	r2, r6
10008544:	6003      	str	r3, [r0, #0]
10008546:	6042      	str	r2, [r0, #4]
10008548:	3004      	adds	r0, #4
1000854a:	4284      	cmp	r4, r0
1000854c:	d8f4      	bhi.n	10008538 <__hexnan+0x1b0>
1000854e:	4665      	mov	r5, ip
10008550:	e776      	b.n	10008440 <__hexnan+0xb8>
10008552:	46c0      	nop			; (mov r8, r8)
10008554:	1000ad5c 	.word	0x1000ad5c

10008558 <__retarget_lock_acquire_recursive>:
10008558:	4770      	bx	lr
1000855a:	46c0      	nop			; (mov r8, r8)

1000855c <__retarget_lock_release_recursive>:
1000855c:	4770      	bx	lr
1000855e:	46c0      	nop			; (mov r8, r8)

10008560 <__ascii_mbtowc>:
10008560:	b082      	sub	sp, #8
10008562:	2900      	cmp	r1, #0
10008564:	d00a      	beq.n	1000857c <__ascii_mbtowc+0x1c>
10008566:	2a00      	cmp	r2, #0
10008568:	d00b      	beq.n	10008582 <__ascii_mbtowc+0x22>
1000856a:	2b00      	cmp	r3, #0
1000856c:	d00b      	beq.n	10008586 <__ascii_mbtowc+0x26>
1000856e:	7813      	ldrb	r3, [r2, #0]
10008570:	600b      	str	r3, [r1, #0]
10008572:	7810      	ldrb	r0, [r2, #0]
10008574:	1e43      	subs	r3, r0, #1
10008576:	4198      	sbcs	r0, r3
10008578:	b002      	add	sp, #8
1000857a:	4770      	bx	lr
1000857c:	a901      	add	r1, sp, #4
1000857e:	2a00      	cmp	r2, #0
10008580:	d1f3      	bne.n	1000856a <__ascii_mbtowc+0xa>
10008582:	2000      	movs	r0, #0
10008584:	e7f8      	b.n	10008578 <__ascii_mbtowc+0x18>
10008586:	2002      	movs	r0, #2
10008588:	4240      	negs	r0, r0
1000858a:	e7f5      	b.n	10008578 <__ascii_mbtowc+0x18>

1000858c <_Balloc>:
1000858c:	6cc3      	ldr	r3, [r0, #76]	; 0x4c
1000858e:	b570      	push	{r4, r5, r6, lr}
10008590:	0004      	movs	r4, r0
10008592:	000d      	movs	r5, r1
10008594:	2b00      	cmp	r3, #0
10008596:	d00a      	beq.n	100085ae <_Balloc+0x22>
10008598:	00a8      	lsls	r0, r5, #2
1000859a:	181b      	adds	r3, r3, r0
1000859c:	6818      	ldr	r0, [r3, #0]
1000859e:	2800      	cmp	r0, #0
100085a0:	d00e      	beq.n	100085c0 <_Balloc+0x34>
100085a2:	6802      	ldr	r2, [r0, #0]
100085a4:	601a      	str	r2, [r3, #0]
100085a6:	2300      	movs	r3, #0
100085a8:	6103      	str	r3, [r0, #16]
100085aa:	60c3      	str	r3, [r0, #12]
100085ac:	bd70      	pop	{r4, r5, r6, pc}
100085ae:	2221      	movs	r2, #33	; 0x21
100085b0:	2104      	movs	r1, #4
100085b2:	f7fd fe4b 	bl	1000624c <_calloc_r>
100085b6:	1e03      	subs	r3, r0, #0
100085b8:	64e0      	str	r0, [r4, #76]	; 0x4c
100085ba:	d1ed      	bne.n	10008598 <_Balloc+0xc>
100085bc:	2000      	movs	r0, #0
100085be:	e7f5      	b.n	100085ac <_Balloc+0x20>
100085c0:	2601      	movs	r6, #1
100085c2:	40ae      	lsls	r6, r5
100085c4:	1d72      	adds	r2, r6, #5
100085c6:	2101      	movs	r1, #1
100085c8:	0020      	movs	r0, r4
100085ca:	0092      	lsls	r2, r2, #2
100085cc:	f7fd fe3e 	bl	1000624c <_calloc_r>
100085d0:	2800      	cmp	r0, #0
100085d2:	d0f3      	beq.n	100085bc <_Balloc+0x30>
100085d4:	6045      	str	r5, [r0, #4]
100085d6:	6086      	str	r6, [r0, #8]
100085d8:	e7e5      	b.n	100085a6 <_Balloc+0x1a>
100085da:	46c0      	nop			; (mov r8, r8)

100085dc <_Bfree>:
100085dc:	2900      	cmp	r1, #0
100085de:	d006      	beq.n	100085ee <_Bfree+0x12>
100085e0:	684b      	ldr	r3, [r1, #4]
100085e2:	009a      	lsls	r2, r3, #2
100085e4:	6cc3      	ldr	r3, [r0, #76]	; 0x4c
100085e6:	189b      	adds	r3, r3, r2
100085e8:	681a      	ldr	r2, [r3, #0]
100085ea:	600a      	str	r2, [r1, #0]
100085ec:	6019      	str	r1, [r3, #0]
100085ee:	4770      	bx	lr

100085f0 <__multadd>:
100085f0:	b5f0      	push	{r4, r5, r6, r7, lr}
100085f2:	46c6      	mov	lr, r8
100085f4:	001f      	movs	r7, r3
100085f6:	4680      	mov	r8, r0
100085f8:	2300      	movs	r3, #0
100085fa:	b500      	push	{lr}
100085fc:	000e      	movs	r6, r1
100085fe:	690d      	ldr	r5, [r1, #16]
10008600:	3114      	adds	r1, #20
10008602:	680c      	ldr	r4, [r1, #0]
10008604:	3301      	adds	r3, #1
10008606:	0420      	lsls	r0, r4, #16
10008608:	0c00      	lsrs	r0, r0, #16
1000860a:	4350      	muls	r0, r2
1000860c:	0c24      	lsrs	r4, r4, #16
1000860e:	4354      	muls	r4, r2
10008610:	19c0      	adds	r0, r0, r7
10008612:	0c07      	lsrs	r7, r0, #16
10008614:	19e4      	adds	r4, r4, r7
10008616:	0400      	lsls	r0, r0, #16
10008618:	0c27      	lsrs	r7, r4, #16
1000861a:	0c00      	lsrs	r0, r0, #16
1000861c:	0424      	lsls	r4, r4, #16
1000861e:	1824      	adds	r4, r4, r0
10008620:	c110      	stmia	r1!, {r4}
10008622:	429d      	cmp	r5, r3
10008624:	dced      	bgt.n	10008602 <__multadd+0x12>
10008626:	2f00      	cmp	r7, #0
10008628:	d008      	beq.n	1000863c <__multadd+0x4c>
1000862a:	68b3      	ldr	r3, [r6, #8]
1000862c:	42ab      	cmp	r3, r5
1000862e:	dd09      	ble.n	10008644 <__multadd+0x54>
10008630:	1d2b      	adds	r3, r5, #4
10008632:	009b      	lsls	r3, r3, #2
10008634:	18f3      	adds	r3, r6, r3
10008636:	3501      	adds	r5, #1
10008638:	605f      	str	r7, [r3, #4]
1000863a:	6135      	str	r5, [r6, #16]
1000863c:	0030      	movs	r0, r6
1000863e:	bc80      	pop	{r7}
10008640:	46b8      	mov	r8, r7
10008642:	bdf0      	pop	{r4, r5, r6, r7, pc}
10008644:	6873      	ldr	r3, [r6, #4]
10008646:	4640      	mov	r0, r8
10008648:	1c59      	adds	r1, r3, #1
1000864a:	f7ff ff9f 	bl	1000858c <_Balloc>
1000864e:	1e04      	subs	r4, r0, #0
10008650:	d017      	beq.n	10008682 <__multadd+0x92>
10008652:	0031      	movs	r1, r6
10008654:	6933      	ldr	r3, [r6, #16]
10008656:	310c      	adds	r1, #12
10008658:	1c9a      	adds	r2, r3, #2
1000865a:	0092      	lsls	r2, r2, #2
1000865c:	300c      	adds	r0, #12
1000865e:	f7fd faf3 	bl	10005c48 <__wrap___aeabi_memcpy>
10008662:	6873      	ldr	r3, [r6, #4]
10008664:	009a      	lsls	r2, r3, #2
10008666:	4643      	mov	r3, r8
10008668:	6cdb      	ldr	r3, [r3, #76]	; 0x4c
1000866a:	189b      	adds	r3, r3, r2
1000866c:	681a      	ldr	r2, [r3, #0]
1000866e:	6032      	str	r2, [r6, #0]
10008670:	601e      	str	r6, [r3, #0]
10008672:	0026      	movs	r6, r4
10008674:	1d2b      	adds	r3, r5, #4
10008676:	009b      	lsls	r3, r3, #2
10008678:	18f3      	adds	r3, r6, r3
1000867a:	3501      	adds	r5, #1
1000867c:	605f      	str	r7, [r3, #4]
1000867e:	6135      	str	r5, [r6, #16]
10008680:	e7dc      	b.n	1000863c <__multadd+0x4c>
10008682:	2200      	movs	r2, #0
10008684:	21b5      	movs	r1, #181	; 0xb5
10008686:	4b02      	ldr	r3, [pc, #8]	; (10008690 <__multadd+0xa0>)
10008688:	4802      	ldr	r0, [pc, #8]	; (10008694 <__multadd+0xa4>)
1000868a:	f7fb f87d 	bl	10003788 <__assert_func>
1000868e:	46c0      	nop			; (mov r8, r8)
10008690:	1000acc0 	.word	0x1000acc0
10008694:	1000ae78 	.word	0x1000ae78

10008698 <__s2b>:
10008698:	b5f8      	push	{r3, r4, r5, r6, r7, lr}
1000869a:	4647      	mov	r7, r8
1000869c:	46ce      	mov	lr, r9
1000869e:	0006      	movs	r6, r0
100086a0:	0018      	movs	r0, r3
100086a2:	b580      	push	{r7, lr}
100086a4:	000c      	movs	r4, r1
100086a6:	3008      	adds	r0, #8
100086a8:	2109      	movs	r1, #9
100086aa:	001f      	movs	r7, r3
100086ac:	4690      	mov	r8, r2
100086ae:	f7fc fa09 	bl	10004ac4 <__wrap___aeabi_idiv>
100086b2:	2f09      	cmp	r7, #9
100086b4:	dd3b      	ble.n	1000872e <__s2b+0x96>
100086b6:	2501      	movs	r5, #1
100086b8:	2100      	movs	r1, #0
100086ba:	006d      	lsls	r5, r5, #1
100086bc:	3101      	adds	r1, #1
100086be:	42a8      	cmp	r0, r5
100086c0:	dcfb      	bgt.n	100086ba <__s2b+0x22>
100086c2:	0030      	movs	r0, r6
100086c4:	f7ff ff62 	bl	1000858c <_Balloc>
100086c8:	1e01      	subs	r1, r0, #0
100086ca:	d032      	beq.n	10008732 <__s2b+0x9a>
100086cc:	9b08      	ldr	r3, [sp, #32]
100086ce:	6143      	str	r3, [r0, #20]
100086d0:	2301      	movs	r3, #1
100086d2:	6103      	str	r3, [r0, #16]
100086d4:	4643      	mov	r3, r8
100086d6:	2b09      	cmp	r3, #9
100086d8:	dc16      	bgt.n	10008708 <__s2b+0x70>
100086da:	2309      	movs	r3, #9
100086dc:	4698      	mov	r8, r3
100086de:	340a      	adds	r4, #10
100086e0:	4547      	cmp	r7, r8
100086e2:	dd0c      	ble.n	100086fe <__s2b+0x66>
100086e4:	4643      	mov	r3, r8
100086e6:	19e7      	adds	r7, r4, r7
100086e8:	1aff      	subs	r7, r7, r3
100086ea:	7823      	ldrb	r3, [r4, #0]
100086ec:	220a      	movs	r2, #10
100086ee:	0030      	movs	r0, r6
100086f0:	3b30      	subs	r3, #48	; 0x30
100086f2:	f7ff ff7d 	bl	100085f0 <__multadd>
100086f6:	3401      	adds	r4, #1
100086f8:	0001      	movs	r1, r0
100086fa:	42bc      	cmp	r4, r7
100086fc:	d1f5      	bne.n	100086ea <__s2b+0x52>
100086fe:	0008      	movs	r0, r1
10008700:	bcc0      	pop	{r6, r7}
10008702:	46b9      	mov	r9, r7
10008704:	46b0      	mov	r8, r6
10008706:	bdf8      	pop	{r3, r4, r5, r6, r7, pc}
10008708:	2309      	movs	r3, #9
1000870a:	4699      	mov	r9, r3
1000870c:	44a1      	add	r9, r4
1000870e:	464d      	mov	r5, r9
10008710:	4444      	add	r4, r8
10008712:	782b      	ldrb	r3, [r5, #0]
10008714:	220a      	movs	r2, #10
10008716:	0030      	movs	r0, r6
10008718:	3b30      	subs	r3, #48	; 0x30
1000871a:	f7ff ff69 	bl	100085f0 <__multadd>
1000871e:	3501      	adds	r5, #1
10008720:	0001      	movs	r1, r0
10008722:	42a5      	cmp	r5, r4
10008724:	d1f5      	bne.n	10008712 <__s2b+0x7a>
10008726:	4644      	mov	r4, r8
10008728:	3c08      	subs	r4, #8
1000872a:	444c      	add	r4, r9
1000872c:	e7d8      	b.n	100086e0 <__s2b+0x48>
1000872e:	2100      	movs	r1, #0
10008730:	e7c7      	b.n	100086c2 <__s2b+0x2a>
10008732:	2200      	movs	r2, #0
10008734:	4b02      	ldr	r3, [pc, #8]	; (10008740 <__s2b+0xa8>)
10008736:	4803      	ldr	r0, [pc, #12]	; (10008744 <__s2b+0xac>)
10008738:	31ce      	adds	r1, #206	; 0xce
1000873a:	f7fb f825 	bl	10003788 <__assert_func>
1000873e:	46c0      	nop			; (mov r8, r8)
10008740:	1000acc0 	.word	0x1000acc0
10008744:	1000ae78 	.word	0x1000ae78

10008748 <__hi0bits>:
10008748:	0003      	movs	r3, r0
1000874a:	0c02      	lsrs	r2, r0, #16
1000874c:	2000      	movs	r0, #0
1000874e:	2a00      	cmp	r2, #0
10008750:	d101      	bne.n	10008756 <__hi0bits+0xe>
10008752:	041b      	lsls	r3, r3, #16
10008754:	3010      	adds	r0, #16
10008756:	0e1a      	lsrs	r2, r3, #24
10008758:	d101      	bne.n	1000875e <__hi0bits+0x16>
1000875a:	3008      	adds	r0, #8
1000875c:	021b      	lsls	r3, r3, #8
1000875e:	0f1a      	lsrs	r2, r3, #28
10008760:	d101      	bne.n	10008766 <__hi0bits+0x1e>
10008762:	3004      	adds	r0, #4
10008764:	011b      	lsls	r3, r3, #4
10008766:	0f9a      	lsrs	r2, r3, #30
10008768:	d101      	bne.n	1000876e <__hi0bits+0x26>
1000876a:	3002      	adds	r0, #2
1000876c:	009b      	lsls	r3, r3, #2
1000876e:	2b00      	cmp	r3, #0
10008770:	db02      	blt.n	10008778 <__hi0bits+0x30>
10008772:	3001      	adds	r0, #1
10008774:	005b      	lsls	r3, r3, #1
10008776:	d500      	bpl.n	1000877a <__hi0bits+0x32>
10008778:	4770      	bx	lr
1000877a:	2020      	movs	r0, #32
1000877c:	e7fc      	b.n	10008778 <__hi0bits+0x30>
1000877e:	46c0      	nop			; (mov r8, r8)

10008780 <__lo0bits>:
10008780:	6803      	ldr	r3, [r0, #0]
10008782:	0002      	movs	r2, r0
10008784:	0759      	lsls	r1, r3, #29
10008786:	d007      	beq.n	10008798 <__lo0bits+0x18>
10008788:	07d9      	lsls	r1, r3, #31
1000878a:	d41e      	bmi.n	100087ca <__lo0bits+0x4a>
1000878c:	0799      	lsls	r1, r3, #30
1000878e:	d520      	bpl.n	100087d2 <__lo0bits+0x52>
10008790:	085b      	lsrs	r3, r3, #1
10008792:	6003      	str	r3, [r0, #0]
10008794:	2001      	movs	r0, #1
10008796:	4770      	bx	lr
10008798:	2000      	movs	r0, #0
1000879a:	0419      	lsls	r1, r3, #16
1000879c:	d101      	bne.n	100087a2 <__lo0bits+0x22>
1000879e:	0c1b      	lsrs	r3, r3, #16
100087a0:	3010      	adds	r0, #16
100087a2:	21ff      	movs	r1, #255	; 0xff
100087a4:	4219      	tst	r1, r3
100087a6:	d101      	bne.n	100087ac <__lo0bits+0x2c>
100087a8:	3008      	adds	r0, #8
100087aa:	0a1b      	lsrs	r3, r3, #8
100087ac:	0719      	lsls	r1, r3, #28
100087ae:	d101      	bne.n	100087b4 <__lo0bits+0x34>
100087b0:	3004      	adds	r0, #4
100087b2:	091b      	lsrs	r3, r3, #4
100087b4:	0799      	lsls	r1, r3, #30
100087b6:	d101      	bne.n	100087bc <__lo0bits+0x3c>
100087b8:	3002      	adds	r0, #2
100087ba:	089b      	lsrs	r3, r3, #2
100087bc:	07d9      	lsls	r1, r3, #31
100087be:	d402      	bmi.n	100087c6 <__lo0bits+0x46>
100087c0:	3001      	adds	r0, #1
100087c2:	085b      	lsrs	r3, r3, #1
100087c4:	d003      	beq.n	100087ce <__lo0bits+0x4e>
100087c6:	6013      	str	r3, [r2, #0]
100087c8:	e7e5      	b.n	10008796 <__lo0bits+0x16>
100087ca:	2000      	movs	r0, #0
100087cc:	e7e3      	b.n	10008796 <__lo0bits+0x16>
100087ce:	2020      	movs	r0, #32
100087d0:	e7e1      	b.n	10008796 <__lo0bits+0x16>
100087d2:	089b      	lsrs	r3, r3, #2
100087d4:	6003      	str	r3, [r0, #0]
100087d6:	2002      	movs	r0, #2
100087d8:	e7dd      	b.n	10008796 <__lo0bits+0x16>
100087da:	46c0      	nop			; (mov r8, r8)

100087dc <__i2b>:
100087dc:	6cc3      	ldr	r3, [r0, #76]	; 0x4c
100087de:	b570      	push	{r4, r5, r6, lr}
100087e0:	0004      	movs	r4, r0
100087e2:	000d      	movs	r5, r1
100087e4:	2b00      	cmp	r3, #0
100087e6:	d00a      	beq.n	100087fe <__i2b+0x22>
100087e8:	6858      	ldr	r0, [r3, #4]
100087ea:	2800      	cmp	r0, #0
100087ec:	d015      	beq.n	1000881a <__i2b+0x3e>
100087ee:	6802      	ldr	r2, [r0, #0]
100087f0:	605a      	str	r2, [r3, #4]
100087f2:	2300      	movs	r3, #0
100087f4:	60c3      	str	r3, [r0, #12]
100087f6:	3301      	adds	r3, #1
100087f8:	6145      	str	r5, [r0, #20]
100087fa:	6103      	str	r3, [r0, #16]
100087fc:	bd70      	pop	{r4, r5, r6, pc}
100087fe:	2221      	movs	r2, #33	; 0x21
10008800:	2104      	movs	r1, #4
10008802:	f7fd fd23 	bl	1000624c <_calloc_r>
10008806:	1e03      	subs	r3, r0, #0
10008808:	64e0      	str	r0, [r4, #76]	; 0x4c
1000880a:	d1ed      	bne.n	100087e8 <__i2b+0xc>
1000880c:	21a0      	movs	r1, #160	; 0xa0
1000880e:	2200      	movs	r2, #0
10008810:	4b08      	ldr	r3, [pc, #32]	; (10008834 <__i2b+0x58>)
10008812:	4809      	ldr	r0, [pc, #36]	; (10008838 <__i2b+0x5c>)
10008814:	0049      	lsls	r1, r1, #1
10008816:	f7fa ffb7 	bl	10003788 <__assert_func>
1000881a:	221c      	movs	r2, #28
1000881c:	2101      	movs	r1, #1
1000881e:	0020      	movs	r0, r4
10008820:	f7fd fd14 	bl	1000624c <_calloc_r>
10008824:	2800      	cmp	r0, #0
10008826:	d0f1      	beq.n	1000880c <__i2b+0x30>
10008828:	2301      	movs	r3, #1
1000882a:	6043      	str	r3, [r0, #4]
1000882c:	3301      	adds	r3, #1
1000882e:	6083      	str	r3, [r0, #8]
10008830:	e7df      	b.n	100087f2 <__i2b+0x16>
10008832:	46c0      	nop			; (mov r8, r8)
10008834:	1000acc0 	.word	0x1000acc0
10008838:	1000ae78 	.word	0x1000ae78

1000883c <__multiply>:
1000883c:	b5f0      	push	{r4, r5, r6, r7, lr}
1000883e:	464e      	mov	r6, r9
10008840:	4645      	mov	r5, r8
10008842:	46de      	mov	lr, fp
10008844:	4657      	mov	r7, sl
10008846:	b5e0      	push	{r5, r6, r7, lr}
10008848:	690d      	ldr	r5, [r1, #16]
1000884a:	6916      	ldr	r6, [r2, #16]
1000884c:	4689      	mov	r9, r1
1000884e:	0014      	movs	r4, r2
10008850:	b087      	sub	sp, #28
10008852:	42b5      	cmp	r5, r6
10008854:	db04      	blt.n	10008860 <__multiply+0x24>
10008856:	0033      	movs	r3, r6
10008858:	000c      	movs	r4, r1
1000885a:	002e      	movs	r6, r5
1000885c:	4691      	mov	r9, r2
1000885e:	001d      	movs	r5, r3
10008860:	68a3      	ldr	r3, [r4, #8]
10008862:	1977      	adds	r7, r6, r5
10008864:	6861      	ldr	r1, [r4, #4]
10008866:	42bb      	cmp	r3, r7
10008868:	da00      	bge.n	1000886c <__multiply+0x30>
1000886a:	3101      	adds	r1, #1
1000886c:	f7ff fe8e 	bl	1000858c <_Balloc>
10008870:	9005      	str	r0, [sp, #20]
10008872:	2800      	cmp	r0, #0
10008874:	d100      	bne.n	10008878 <__multiply+0x3c>
10008876:	e0a7      	b.n	100089c8 <__multiply+0x18c>
10008878:	2214      	movs	r2, #20
1000887a:	4694      	mov	ip, r2
1000887c:	9b05      	ldr	r3, [sp, #20]
1000887e:	2200      	movs	r2, #0
10008880:	4463      	add	r3, ip
10008882:	469b      	mov	fp, r3
10008884:	00bb      	lsls	r3, r7, #2
10008886:	445b      	add	r3, fp
10008888:	469a      	mov	sl, r3
1000888a:	465b      	mov	r3, fp
1000888c:	4651      	mov	r1, sl
1000888e:	45d3      	cmp	fp, sl
10008890:	d203      	bcs.n	1000889a <__multiply+0x5e>
10008892:	c304      	stmia	r3!, {r2}
10008894:	4299      	cmp	r1, r3
10008896:	d8fc      	bhi.n	10008892 <__multiply+0x56>
10008898:	468a      	mov	sl, r1
1000889a:	2314      	movs	r3, #20
1000889c:	469c      	mov	ip, r3
1000889e:	44a4      	add	ip, r4
100088a0:	4663      	mov	r3, ip
100088a2:	9304      	str	r3, [sp, #16]
100088a4:	2314      	movs	r3, #20
100088a6:	00b6      	lsls	r6, r6, #2
100088a8:	4466      	add	r6, ip
100088aa:	00ad      	lsls	r5, r5, #2
100088ac:	469c      	mov	ip, r3
100088ae:	002b      	movs	r3, r5
100088b0:	44e1      	add	r9, ip
100088b2:	444b      	add	r3, r9
100088b4:	9302      	str	r3, [sp, #8]
100088b6:	4599      	cmp	r9, r3
100088b8:	d26e      	bcs.n	10008998 <__multiply+0x15c>
100088ba:	2304      	movs	r3, #4
100088bc:	9303      	str	r3, [sp, #12]
100088be:	0023      	movs	r3, r4
100088c0:	3315      	adds	r3, #21
100088c2:	429e      	cmp	r6, r3
100088c4:	d200      	bcs.n	100088c8 <__multiply+0x8c>
100088c6:	e07c      	b.n	100089c2 <__multiply+0x186>
100088c8:	1b33      	subs	r3, r6, r4
100088ca:	3b15      	subs	r3, #21
100088cc:	089b      	lsrs	r3, r3, #2
100088ce:	3301      	adds	r3, #1
100088d0:	009b      	lsls	r3, r3, #2
100088d2:	46b8      	mov	r8, r7
100088d4:	9303      	str	r3, [sp, #12]
100088d6:	9601      	str	r6, [sp, #4]
100088d8:	e008      	b.n	100088ec <__multiply+0xb0>
100088da:	0c00      	lsrs	r0, r0, #16
100088dc:	d131      	bne.n	10008942 <__multiply+0x106>
100088de:	2304      	movs	r3, #4
100088e0:	469c      	mov	ip, r3
100088e2:	9b02      	ldr	r3, [sp, #8]
100088e4:	44e1      	add	r9, ip
100088e6:	44e3      	add	fp, ip
100088e8:	454b      	cmp	r3, r9
100088ea:	d954      	bls.n	10008996 <__multiply+0x15a>
100088ec:	464b      	mov	r3, r9
100088ee:	6818      	ldr	r0, [r3, #0]
100088f0:	0403      	lsls	r3, r0, #16
100088f2:	0c1e      	lsrs	r6, r3, #16
100088f4:	2b00      	cmp	r3, #0
100088f6:	d0f0      	beq.n	100088da <__multiply+0x9e>
100088f8:	9b01      	ldr	r3, [sp, #4]
100088fa:	465d      	mov	r5, fp
100088fc:	2700      	movs	r7, #0
100088fe:	469c      	mov	ip, r3
10008900:	9c04      	ldr	r4, [sp, #16]
10008902:	cc04      	ldmia	r4!, {r2}
10008904:	6829      	ldr	r1, [r5, #0]
10008906:	0413      	lsls	r3, r2, #16
10008908:	0c1b      	lsrs	r3, r3, #16
1000890a:	4373      	muls	r3, r6
1000890c:	0408      	lsls	r0, r1, #16
1000890e:	0c00      	lsrs	r0, r0, #16
10008910:	181b      	adds	r3, r3, r0
10008912:	19d8      	adds	r0, r3, r7
10008914:	0c13      	lsrs	r3, r2, #16
10008916:	4373      	muls	r3, r6
10008918:	0c09      	lsrs	r1, r1, #16
1000891a:	0c02      	lsrs	r2, r0, #16
1000891c:	185b      	adds	r3, r3, r1
1000891e:	189b      	adds	r3, r3, r2
10008920:	0402      	lsls	r2, r0, #16
10008922:	0c1f      	lsrs	r7, r3, #16
10008924:	0c12      	lsrs	r2, r2, #16
10008926:	041b      	lsls	r3, r3, #16
10008928:	4313      	orrs	r3, r2
1000892a:	c508      	stmia	r5!, {r3}
1000892c:	45a4      	cmp	ip, r4
1000892e:	d8e8      	bhi.n	10008902 <__multiply+0xc6>
10008930:	4663      	mov	r3, ip
10008932:	9301      	str	r3, [sp, #4]
10008934:	465b      	mov	r3, fp
10008936:	9a03      	ldr	r2, [sp, #12]
10008938:	509f      	str	r7, [r3, r2]
1000893a:	464b      	mov	r3, r9
1000893c:	6818      	ldr	r0, [r3, #0]
1000893e:	0c00      	lsrs	r0, r0, #16
10008940:	d0cd      	beq.n	100088de <__multiply+0xa2>
10008942:	465b      	mov	r3, fp
10008944:	2700      	movs	r7, #0
10008946:	681b      	ldr	r3, [r3, #0]
10008948:	465c      	mov	r4, fp
1000894a:	0019      	movs	r1, r3
1000894c:	003e      	movs	r6, r7
1000894e:	9d04      	ldr	r5, [sp, #16]
10008950:	9a01      	ldr	r2, [sp, #4]
10008952:	882f      	ldrh	r7, [r5, #0]
10008954:	0c09      	lsrs	r1, r1, #16
10008956:	4347      	muls	r7, r0
10008958:	187f      	adds	r7, r7, r1
1000895a:	19bf      	adds	r7, r7, r6
1000895c:	041b      	lsls	r3, r3, #16
1000895e:	0439      	lsls	r1, r7, #16
10008960:	0c1b      	lsrs	r3, r3, #16
10008962:	430b      	orrs	r3, r1
10008964:	6023      	str	r3, [r4, #0]
10008966:	cd08      	ldmia	r5!, {r3}
10008968:	6861      	ldr	r1, [r4, #4]
1000896a:	0c1b      	lsrs	r3, r3, #16
1000896c:	4343      	muls	r3, r0
1000896e:	040e      	lsls	r6, r1, #16
10008970:	0c36      	lsrs	r6, r6, #16
10008972:	199b      	adds	r3, r3, r6
10008974:	0c3f      	lsrs	r7, r7, #16
10008976:	19db      	adds	r3, r3, r7
10008978:	0c1e      	lsrs	r6, r3, #16
1000897a:	3404      	adds	r4, #4
1000897c:	42aa      	cmp	r2, r5
1000897e:	d8e8      	bhi.n	10008952 <__multiply+0x116>
10008980:	9201      	str	r2, [sp, #4]
10008982:	465a      	mov	r2, fp
10008984:	9903      	ldr	r1, [sp, #12]
10008986:	5053      	str	r3, [r2, r1]
10008988:	2304      	movs	r3, #4
1000898a:	469c      	mov	ip, r3
1000898c:	9b02      	ldr	r3, [sp, #8]
1000898e:	44e1      	add	r9, ip
10008990:	44e3      	add	fp, ip
10008992:	454b      	cmp	r3, r9
10008994:	d8aa      	bhi.n	100088ec <__multiply+0xb0>
10008996:	4647      	mov	r7, r8
10008998:	4653      	mov	r3, sl
1000899a:	2f00      	cmp	r7, #0
1000899c:	dc03      	bgt.n	100089a6 <__multiply+0x16a>
1000899e:	e006      	b.n	100089ae <__multiply+0x172>
100089a0:	3f01      	subs	r7, #1
100089a2:	2f00      	cmp	r7, #0
100089a4:	d003      	beq.n	100089ae <__multiply+0x172>
100089a6:	3b04      	subs	r3, #4
100089a8:	681a      	ldr	r2, [r3, #0]
100089aa:	2a00      	cmp	r2, #0
100089ac:	d0f8      	beq.n	100089a0 <__multiply+0x164>
100089ae:	9b05      	ldr	r3, [sp, #20]
100089b0:	0018      	movs	r0, r3
100089b2:	611f      	str	r7, [r3, #16]
100089b4:	b007      	add	sp, #28
100089b6:	bcf0      	pop	{r4, r5, r6, r7}
100089b8:	46bb      	mov	fp, r7
100089ba:	46b2      	mov	sl, r6
100089bc:	46a9      	mov	r9, r5
100089be:	46a0      	mov	r8, r4
100089c0:	bdf0      	pop	{r4, r5, r6, r7, pc}
100089c2:	46b8      	mov	r8, r7
100089c4:	9601      	str	r6, [sp, #4]
100089c6:	e791      	b.n	100088ec <__multiply+0xb0>
100089c8:	215e      	movs	r1, #94	; 0x5e
100089ca:	2200      	movs	r2, #0
100089cc:	4b02      	ldr	r3, [pc, #8]	; (100089d8 <__multiply+0x19c>)
100089ce:	4803      	ldr	r0, [pc, #12]	; (100089dc <__multiply+0x1a0>)
100089d0:	31ff      	adds	r1, #255	; 0xff
100089d2:	f7fa fed9 	bl	10003788 <__assert_func>
100089d6:	46c0      	nop			; (mov r8, r8)
100089d8:	1000acc0 	.word	0x1000acc0
100089dc:	1000ae78 	.word	0x1000ae78

100089e0 <__pow5mult>:
100089e0:	b5f8      	push	{r3, r4, r5, r6, r7, lr}
100089e2:	2303      	movs	r3, #3
100089e4:	4647      	mov	r7, r8
100089e6:	0014      	movs	r4, r2
100089e8:	46ce      	mov	lr, r9
100089ea:	001a      	movs	r2, r3
100089ec:	b580      	push	{r7, lr}
100089ee:	000e      	movs	r6, r1
100089f0:	0007      	movs	r7, r0
100089f2:	4022      	ands	r2, r4
100089f4:	4223      	tst	r3, r4
100089f6:	d138      	bne.n	10008a6a <__pow5mult+0x8a>
100089f8:	10a4      	asrs	r4, r4, #2
100089fa:	d025      	beq.n	10008a48 <__pow5mult+0x68>
100089fc:	6cbd      	ldr	r5, [r7, #72]	; 0x48
100089fe:	2d00      	cmp	r5, #0
10008a00:	d03c      	beq.n	10008a7c <__pow5mult+0x9c>
10008a02:	2301      	movs	r3, #1
10008a04:	4698      	mov	r8, r3
10008a06:	2300      	movs	r3, #0
10008a08:	4699      	mov	r9, r3
10008a0a:	4643      	mov	r3, r8
10008a0c:	4223      	tst	r3, r4
10008a0e:	d108      	bne.n	10008a22 <__pow5mult+0x42>
10008a10:	1064      	asrs	r4, r4, #1
10008a12:	d019      	beq.n	10008a48 <__pow5mult+0x68>
10008a14:	6828      	ldr	r0, [r5, #0]
10008a16:	2800      	cmp	r0, #0
10008a18:	d01b      	beq.n	10008a52 <__pow5mult+0x72>
10008a1a:	0005      	movs	r5, r0
10008a1c:	4643      	mov	r3, r8
10008a1e:	4223      	tst	r3, r4
10008a20:	d0f6      	beq.n	10008a10 <__pow5mult+0x30>
10008a22:	002a      	movs	r2, r5
10008a24:	0031      	movs	r1, r6
10008a26:	0038      	movs	r0, r7
10008a28:	f7ff ff08 	bl	1000883c <__multiply>
10008a2c:	2e00      	cmp	r6, #0
10008a2e:	d01a      	beq.n	10008a66 <__pow5mult+0x86>
10008a30:	6cfa      	ldr	r2, [r7, #76]	; 0x4c
10008a32:	6873      	ldr	r3, [r6, #4]
10008a34:	4694      	mov	ip, r2
10008a36:	009b      	lsls	r3, r3, #2
10008a38:	4463      	add	r3, ip
10008a3a:	681a      	ldr	r2, [r3, #0]
10008a3c:	1064      	asrs	r4, r4, #1
10008a3e:	6032      	str	r2, [r6, #0]
10008a40:	601e      	str	r6, [r3, #0]
10008a42:	0006      	movs	r6, r0
10008a44:	2c00      	cmp	r4, #0
10008a46:	d1e5      	bne.n	10008a14 <__pow5mult+0x34>
10008a48:	0030      	movs	r0, r6
10008a4a:	bcc0      	pop	{r6, r7}
10008a4c:	46b9      	mov	r9, r7
10008a4e:	46b0      	mov	r8, r6
10008a50:	bdf8      	pop	{r3, r4, r5, r6, r7, pc}
10008a52:	002a      	movs	r2, r5
10008a54:	0029      	movs	r1, r5
10008a56:	0038      	movs	r0, r7
10008a58:	f7ff fef0 	bl	1000883c <__multiply>
10008a5c:	464b      	mov	r3, r9
10008a5e:	6028      	str	r0, [r5, #0]
10008a60:	0005      	movs	r5, r0
10008a62:	6003      	str	r3, [r0, #0]
10008a64:	e7da      	b.n	10008a1c <__pow5mult+0x3c>
10008a66:	0006      	movs	r6, r0
10008a68:	e7d2      	b.n	10008a10 <__pow5mult+0x30>
10008a6a:	4b0f      	ldr	r3, [pc, #60]	; (10008aa8 <__pow5mult+0xc8>)
10008a6c:	3a01      	subs	r2, #1
10008a6e:	0092      	lsls	r2, r2, #2
10008a70:	58d2      	ldr	r2, [r2, r3]
10008a72:	2300      	movs	r3, #0
10008a74:	f7ff fdbc 	bl	100085f0 <__multadd>
10008a78:	0006      	movs	r6, r0
10008a7a:	e7bd      	b.n	100089f8 <__pow5mult+0x18>
10008a7c:	2101      	movs	r1, #1
10008a7e:	0038      	movs	r0, r7
10008a80:	f7ff fd84 	bl	1000858c <_Balloc>
10008a84:	1e05      	subs	r5, r0, #0
10008a86:	d007      	beq.n	10008a98 <__pow5mult+0xb8>
10008a88:	4b08      	ldr	r3, [pc, #32]	; (10008aac <__pow5mult+0xcc>)
10008a8a:	6143      	str	r3, [r0, #20]
10008a8c:	2301      	movs	r3, #1
10008a8e:	6103      	str	r3, [r0, #16]
10008a90:	2300      	movs	r3, #0
10008a92:	64b8      	str	r0, [r7, #72]	; 0x48
10008a94:	6003      	str	r3, [r0, #0]
10008a96:	e7b4      	b.n	10008a02 <__pow5mult+0x22>
10008a98:	21a0      	movs	r1, #160	; 0xa0
10008a9a:	2200      	movs	r2, #0
10008a9c:	4b04      	ldr	r3, [pc, #16]	; (10008ab0 <__pow5mult+0xd0>)
10008a9e:	4805      	ldr	r0, [pc, #20]	; (10008ab4 <__pow5mult+0xd4>)
10008aa0:	0049      	lsls	r1, r1, #1
10008aa2:	f7fa fe71 	bl	10003788 <__assert_func>
10008aa6:	46c0      	nop			; (mov r8, r8)
10008aa8:	1000afe8 	.word	0x1000afe8
10008aac:	00000271 	.word	0x00000271
10008ab0:	1000acc0 	.word	0x1000acc0
10008ab4:	1000ae78 	.word	0x1000ae78

10008ab8 <__lshift>:
10008ab8:	b5f0      	push	{r4, r5, r6, r7, lr}
10008aba:	000c      	movs	r4, r1
10008abc:	6923      	ldr	r3, [r4, #16]
10008abe:	4645      	mov	r5, r8
10008ac0:	46de      	mov	lr, fp
10008ac2:	4657      	mov	r7, sl
10008ac4:	464e      	mov	r6, r9
10008ac6:	4698      	mov	r8, r3
10008ac8:	b5e0      	push	{r5, r6, r7, lr}
10008aca:	1157      	asrs	r7, r2, #5
10008acc:	44b8      	add	r8, r7
10008ace:	4643      	mov	r3, r8
10008ad0:	1c5d      	adds	r5, r3, #1
10008ad2:	68a3      	ldr	r3, [r4, #8]
10008ad4:	4683      	mov	fp, r0
10008ad6:	0016      	movs	r6, r2
10008ad8:	6849      	ldr	r1, [r1, #4]
10008ada:	b083      	sub	sp, #12
10008adc:	429d      	cmp	r5, r3
10008ade:	dd03      	ble.n	10008ae8 <__lshift+0x30>
10008ae0:	3101      	adds	r1, #1
10008ae2:	005b      	lsls	r3, r3, #1
10008ae4:	429d      	cmp	r5, r3
10008ae6:	dcfb      	bgt.n	10008ae0 <__lshift+0x28>
10008ae8:	4658      	mov	r0, fp
10008aea:	f7ff fd4f 	bl	1000858c <_Balloc>
10008aee:	4684      	mov	ip, r0
10008af0:	2800      	cmp	r0, #0
10008af2:	d053      	beq.n	10008b9c <__lshift+0xe4>
10008af4:	3014      	adds	r0, #20
10008af6:	0003      	movs	r3, r0
10008af8:	9001      	str	r0, [sp, #4]
10008afa:	2f00      	cmp	r7, #0
10008afc:	dd0c      	ble.n	10008b18 <__lshift+0x60>
10008afe:	00bf      	lsls	r7, r7, #2
10008b00:	003a      	movs	r2, r7
10008b02:	2100      	movs	r1, #0
10008b04:	3214      	adds	r2, #20
10008b06:	4462      	add	r2, ip
10008b08:	c302      	stmia	r3!, {r1}
10008b0a:	4293      	cmp	r3, r2
10008b0c:	d1fc      	bne.n	10008b08 <__lshift+0x50>
10008b0e:	9b01      	ldr	r3, [sp, #4]
10008b10:	4699      	mov	r9, r3
10008b12:	44b9      	add	r9, r7
10008b14:	464b      	mov	r3, r9
10008b16:	9301      	str	r3, [sp, #4]
10008b18:	6922      	ldr	r2, [r4, #16]
10008b1a:	0023      	movs	r3, r4
10008b1c:	0091      	lsls	r1, r2, #2
10008b1e:	221f      	movs	r2, #31
10008b20:	0010      	movs	r0, r2
10008b22:	3314      	adds	r3, #20
10008b24:	4030      	ands	r0, r6
10008b26:	4681      	mov	r9, r0
10008b28:	1859      	adds	r1, r3, r1
10008b2a:	4232      	tst	r2, r6
10008b2c:	d030      	beq.n	10008b90 <__lshift+0xd8>
10008b2e:	3201      	adds	r2, #1
10008b30:	1a12      	subs	r2, r2, r0
10008b32:	4692      	mov	sl, r2
10008b34:	2600      	movs	r6, #0
10008b36:	9f01      	ldr	r7, [sp, #4]
10008b38:	4648      	mov	r0, r9
10008b3a:	681a      	ldr	r2, [r3, #0]
10008b3c:	4082      	lsls	r2, r0
10008b3e:	4332      	orrs	r2, r6
10008b40:	c704      	stmia	r7!, {r2}
10008b42:	4652      	mov	r2, sl
10008b44:	cb40      	ldmia	r3!, {r6}
10008b46:	40d6      	lsrs	r6, r2
10008b48:	4299      	cmp	r1, r3
10008b4a:	d8f5      	bhi.n	10008b38 <__lshift+0x80>
10008b4c:	0022      	movs	r2, r4
10008b4e:	3215      	adds	r2, #21
10008b50:	2304      	movs	r3, #4
10008b52:	4291      	cmp	r1, r2
10008b54:	d304      	bcc.n	10008b60 <__lshift+0xa8>
10008b56:	1b0b      	subs	r3, r1, r4
10008b58:	3b15      	subs	r3, #21
10008b5a:	089b      	lsrs	r3, r3, #2
10008b5c:	3301      	adds	r3, #1
10008b5e:	009b      	lsls	r3, r3, #2
10008b60:	9a01      	ldr	r2, [sp, #4]
10008b62:	50d6      	str	r6, [r2, r3]
10008b64:	2e00      	cmp	r6, #0
10008b66:	d000      	beq.n	10008b6a <__lshift+0xb2>
10008b68:	46a8      	mov	r8, r5
10008b6a:	4663      	mov	r3, ip
10008b6c:	4642      	mov	r2, r8
10008b6e:	611a      	str	r2, [r3, #16]
10008b70:	6863      	ldr	r3, [r4, #4]
10008b72:	4660      	mov	r0, ip
10008b74:	009a      	lsls	r2, r3, #2
10008b76:	465b      	mov	r3, fp
10008b78:	6cdb      	ldr	r3, [r3, #76]	; 0x4c
10008b7a:	189b      	adds	r3, r3, r2
10008b7c:	681a      	ldr	r2, [r3, #0]
10008b7e:	6022      	str	r2, [r4, #0]
10008b80:	601c      	str	r4, [r3, #0]
10008b82:	b003      	add	sp, #12
10008b84:	bcf0      	pop	{r4, r5, r6, r7}
10008b86:	46bb      	mov	fp, r7
10008b88:	46b2      	mov	sl, r6
10008b8a:	46a9      	mov	r9, r5
10008b8c:	46a0      	mov	r8, r4
10008b8e:	bdf0      	pop	{r4, r5, r6, r7, pc}
10008b90:	9801      	ldr	r0, [sp, #4]
10008b92:	cb04      	ldmia	r3!, {r2}
10008b94:	c004      	stmia	r0!, {r2}
10008b96:	4299      	cmp	r1, r3
10008b98:	d8fb      	bhi.n	10008b92 <__lshift+0xda>
10008b9a:	e7e6      	b.n	10008b6a <__lshift+0xb2>
10008b9c:	21da      	movs	r1, #218	; 0xda
10008b9e:	2200      	movs	r2, #0
10008ba0:	4b02      	ldr	r3, [pc, #8]	; (10008bac <__lshift+0xf4>)
10008ba2:	4803      	ldr	r0, [pc, #12]	; (10008bb0 <__lshift+0xf8>)
10008ba4:	31ff      	adds	r1, #255	; 0xff
10008ba6:	f7fa fdef 	bl	10003788 <__assert_func>
10008baa:	46c0      	nop			; (mov r8, r8)
10008bac:	1000acc0 	.word	0x1000acc0
10008bb0:	1000ae78 	.word	0x1000ae78

10008bb4 <__mcmp>:
10008bb4:	6903      	ldr	r3, [r0, #16]
10008bb6:	690a      	ldr	r2, [r1, #16]
10008bb8:	b530      	push	{r4, r5, lr}
10008bba:	0005      	movs	r5, r0
10008bbc:	1a98      	subs	r0, r3, r2
10008bbe:	4293      	cmp	r3, r2
10008bc0:	d111      	bne.n	10008be6 <__mcmp+0x32>
10008bc2:	0092      	lsls	r2, r2, #2
10008bc4:	3514      	adds	r5, #20
10008bc6:	3114      	adds	r1, #20
10008bc8:	18ab      	adds	r3, r5, r2
10008bca:	1889      	adds	r1, r1, r2
10008bcc:	e001      	b.n	10008bd2 <__mcmp+0x1e>
10008bce:	429d      	cmp	r5, r3
10008bd0:	d209      	bcs.n	10008be6 <__mcmp+0x32>
10008bd2:	3b04      	subs	r3, #4
10008bd4:	3904      	subs	r1, #4
10008bd6:	681a      	ldr	r2, [r3, #0]
10008bd8:	680c      	ldr	r4, [r1, #0]
10008bda:	42a2      	cmp	r2, r4
10008bdc:	d0f7      	beq.n	10008bce <__mcmp+0x1a>
10008bde:	42a2      	cmp	r2, r4
10008be0:	4192      	sbcs	r2, r2
10008be2:	2001      	movs	r0, #1
10008be4:	4310      	orrs	r0, r2
10008be6:	bd30      	pop	{r4, r5, pc}

10008be8 <__mdiff>:
10008be8:	b5f0      	push	{r4, r5, r6, r7, lr}
10008bea:	464e      	mov	r6, r9
10008bec:	4645      	mov	r5, r8
10008bee:	46de      	mov	lr, fp
10008bf0:	4657      	mov	r7, sl
10008bf2:	b5e0      	push	{r5, r6, r7, lr}
10008bf4:	690b      	ldr	r3, [r1, #16]
10008bf6:	4688      	mov	r8, r1
10008bf8:	6911      	ldr	r1, [r2, #16]
10008bfa:	4691      	mov	r9, r2
10008bfc:	b083      	sub	sp, #12
10008bfe:	1a5c      	subs	r4, r3, r1
10008c00:	428b      	cmp	r3, r1
10008c02:	d000      	beq.n	10008c06 <__mdiff+0x1e>
10008c04:	e095      	b.n	10008d32 <__mdiff+0x14a>
10008c06:	4646      	mov	r6, r8
10008c08:	0089      	lsls	r1, r1, #2
10008c0a:	3614      	adds	r6, #20
10008c0c:	3214      	adds	r2, #20
10008c0e:	1873      	adds	r3, r6, r1
10008c10:	1852      	adds	r2, r2, r1
10008c12:	e002      	b.n	10008c1a <__mdiff+0x32>
10008c14:	429e      	cmp	r6, r3
10008c16:	d300      	bcc.n	10008c1a <__mdiff+0x32>
10008c18:	e08f      	b.n	10008d3a <__mdiff+0x152>
10008c1a:	3b04      	subs	r3, #4
10008c1c:	3a04      	subs	r2, #4
10008c1e:	681d      	ldr	r5, [r3, #0]
10008c20:	6811      	ldr	r1, [r2, #0]
10008c22:	428d      	cmp	r5, r1
10008c24:	d0f6      	beq.n	10008c14 <__mdiff+0x2c>
10008c26:	d200      	bcs.n	10008c2a <__mdiff+0x42>
10008c28:	e07e      	b.n	10008d28 <__mdiff+0x140>
10008c2a:	4643      	mov	r3, r8
10008c2c:	6859      	ldr	r1, [r3, #4]
10008c2e:	f7ff fcad 	bl	1000858c <_Balloc>
10008c32:	2800      	cmp	r0, #0
10008c34:	d100      	bne.n	10008c38 <__mdiff+0x50>
10008c36:	e08a      	b.n	10008d4e <__mdiff+0x166>
10008c38:	4643      	mov	r3, r8
10008c3a:	691a      	ldr	r2, [r3, #16]
10008c3c:	2314      	movs	r3, #20
10008c3e:	4443      	add	r3, r8
10008c40:	469c      	mov	ip, r3
10008c42:	60c4      	str	r4, [r0, #12]
10008c44:	001c      	movs	r4, r3
10008c46:	464b      	mov	r3, r9
10008c48:	691b      	ldr	r3, [r3, #16]
10008c4a:	0091      	lsls	r1, r2, #2
10008c4c:	009b      	lsls	r3, r3, #2
10008c4e:	4461      	add	r1, ip
10008c50:	469c      	mov	ip, r3
10008c52:	2314      	movs	r3, #20
10008c54:	464f      	mov	r7, r9
10008c56:	469a      	mov	sl, r3
10008c58:	3714      	adds	r7, #20
10008c5a:	4482      	add	sl, r0
10008c5c:	4653      	mov	r3, sl
10008c5e:	44bc      	add	ip, r7
10008c60:	468b      	mov	fp, r1
10008c62:	46a2      	mov	sl, r4
10008c64:	2614      	movs	r6, #20
10008c66:	4664      	mov	r4, ip
10008c68:	2100      	movs	r1, #0
10008c6a:	4694      	mov	ip, r2
10008c6c:	4642      	mov	r2, r8
10008c6e:	4680      	mov	r8, r0
10008c70:	9301      	str	r3, [sp, #4]
10008c72:	5993      	ldr	r3, [r2, r6]
10008c74:	cf01      	ldmia	r7!, {r0}
10008c76:	041d      	lsls	r5, r3, #16
10008c78:	0c2d      	lsrs	r5, r5, #16
10008c7a:	1869      	adds	r1, r5, r1
10008c7c:	0405      	lsls	r5, r0, #16
10008c7e:	0c2d      	lsrs	r5, r5, #16
10008c80:	1b4d      	subs	r5, r1, r5
10008c82:	0c01      	lsrs	r1, r0, #16
10008c84:	4640      	mov	r0, r8
10008c86:	0c1b      	lsrs	r3, r3, #16
10008c88:	1a5b      	subs	r3, r3, r1
10008c8a:	1429      	asrs	r1, r5, #16
10008c8c:	185b      	adds	r3, r3, r1
10008c8e:	042d      	lsls	r5, r5, #16
10008c90:	1419      	asrs	r1, r3, #16
10008c92:	0c2d      	lsrs	r5, r5, #16
10008c94:	041b      	lsls	r3, r3, #16
10008c96:	432b      	orrs	r3, r5
10008c98:	5183      	str	r3, [r0, r6]
10008c9a:	3604      	adds	r6, #4
10008c9c:	42bc      	cmp	r4, r7
10008c9e:	d8e8      	bhi.n	10008c72 <__mdiff+0x8a>
10008ca0:	4662      	mov	r2, ip
10008ca2:	46a4      	mov	ip, r4
10008ca4:	464d      	mov	r5, r9
10008ca6:	001c      	movs	r4, r3
10008ca8:	4663      	mov	r3, ip
10008caa:	464e      	mov	r6, r9
10008cac:	1b5d      	subs	r5, r3, r5
10008cae:	3d15      	subs	r5, #21
10008cb0:	3615      	adds	r6, #21
10008cb2:	2300      	movs	r3, #0
10008cb4:	08ad      	lsrs	r5, r5, #2
10008cb6:	45b4      	cmp	ip, r6
10008cb8:	d300      	bcc.n	10008cbc <__mdiff+0xd4>
10008cba:	00ab      	lsls	r3, r5, #2
10008cbc:	9f01      	ldr	r7, [sp, #4]
10008cbe:	46b8      	mov	r8, r7
10008cc0:	2704      	movs	r7, #4
10008cc2:	4443      	add	r3, r8
10008cc4:	45b4      	cmp	ip, r6
10008cc6:	d301      	bcc.n	10008ccc <__mdiff+0xe4>
10008cc8:	3501      	adds	r5, #1
10008cca:	00af      	lsls	r7, r5, #2
10008ccc:	9d01      	ldr	r5, [sp, #4]
10008cce:	44ba      	add	sl, r7
10008cd0:	46ac      	mov	ip, r5
10008cd2:	44bc      	add	ip, r7
10008cd4:	45d3      	cmp	fp, sl
10008cd6:	d918      	bls.n	10008d0a <__mdiff+0x122>
10008cd8:	4665      	mov	r5, ip
10008cda:	4657      	mov	r7, sl
10008cdc:	465e      	mov	r6, fp
10008cde:	cf10      	ldmia	r7!, {r4}
10008ce0:	0423      	lsls	r3, r4, #16
10008ce2:	0c1b      	lsrs	r3, r3, #16
10008ce4:	185b      	adds	r3, r3, r1
10008ce6:	1419      	asrs	r1, r3, #16
10008ce8:	0c24      	lsrs	r4, r4, #16
10008cea:	1864      	adds	r4, r4, r1
10008cec:	041b      	lsls	r3, r3, #16
10008cee:	1421      	asrs	r1, r4, #16
10008cf0:	0c1b      	lsrs	r3, r3, #16
10008cf2:	0424      	lsls	r4, r4, #16
10008cf4:	431c      	orrs	r4, r3
10008cf6:	c510      	stmia	r5!, {r4}
10008cf8:	42be      	cmp	r6, r7
10008cfa:	d8f0      	bhi.n	10008cde <__mdiff+0xf6>
10008cfc:	0031      	movs	r1, r6
10008cfe:	4653      	mov	r3, sl
10008d00:	3901      	subs	r1, #1
10008d02:	1acb      	subs	r3, r1, r3
10008d04:	089b      	lsrs	r3, r3, #2
10008d06:	009b      	lsls	r3, r3, #2
10008d08:	4463      	add	r3, ip
10008d0a:	2c00      	cmp	r4, #0
10008d0c:	d104      	bne.n	10008d18 <__mdiff+0x130>
10008d0e:	3b04      	subs	r3, #4
10008d10:	6819      	ldr	r1, [r3, #0]
10008d12:	3a01      	subs	r2, #1
10008d14:	2900      	cmp	r1, #0
10008d16:	d0fa      	beq.n	10008d0e <__mdiff+0x126>
10008d18:	6102      	str	r2, [r0, #16]
10008d1a:	b003      	add	sp, #12
10008d1c:	bcf0      	pop	{r4, r5, r6, r7}
10008d1e:	46bb      	mov	fp, r7
10008d20:	46b2      	mov	sl, r6
10008d22:	46a9      	mov	r9, r5
10008d24:	46a0      	mov	r8, r4
10008d26:	bdf0      	pop	{r4, r5, r6, r7, pc}
10008d28:	4643      	mov	r3, r8
10008d2a:	2401      	movs	r4, #1
10008d2c:	46c8      	mov	r8, r9
10008d2e:	4699      	mov	r9, r3
10008d30:	e77b      	b.n	10008c2a <__mdiff+0x42>
10008d32:	2c00      	cmp	r4, #0
10008d34:	dbf8      	blt.n	10008d28 <__mdiff+0x140>
10008d36:	2400      	movs	r4, #0
10008d38:	e777      	b.n	10008c2a <__mdiff+0x42>
10008d3a:	2100      	movs	r1, #0
10008d3c:	f7ff fc26 	bl	1000858c <_Balloc>
10008d40:	2800      	cmp	r0, #0
10008d42:	d00b      	beq.n	10008d5c <__mdiff+0x174>
10008d44:	2301      	movs	r3, #1
10008d46:	6103      	str	r3, [r0, #16]
10008d48:	2300      	movs	r3, #0
10008d4a:	6143      	str	r3, [r0, #20]
10008d4c:	e7e5      	b.n	10008d1a <__mdiff+0x132>
10008d4e:	2190      	movs	r1, #144	; 0x90
10008d50:	2200      	movs	r2, #0
10008d52:	4b05      	ldr	r3, [pc, #20]	; (10008d68 <__mdiff+0x180>)
10008d54:	4805      	ldr	r0, [pc, #20]	; (10008d6c <__mdiff+0x184>)
10008d56:	0089      	lsls	r1, r1, #2
10008d58:	f7fa fd16 	bl	10003788 <__assert_func>
10008d5c:	2200      	movs	r2, #0
10008d5e:	4b02      	ldr	r3, [pc, #8]	; (10008d68 <__mdiff+0x180>)
10008d60:	4903      	ldr	r1, [pc, #12]	; (10008d70 <__mdiff+0x188>)
10008d62:	4802      	ldr	r0, [pc, #8]	; (10008d6c <__mdiff+0x184>)
10008d64:	f7fa fd10 	bl	10003788 <__assert_func>
10008d68:	1000acc0 	.word	0x1000acc0
10008d6c:	1000ae78 	.word	0x1000ae78
10008d70:	00000232 	.word	0x00000232

10008d74 <__ulp>:
10008d74:	4b0f      	ldr	r3, [pc, #60]	; (10008db4 <__ulp+0x40>)
10008d76:	4019      	ands	r1, r3
10008d78:	4b0f      	ldr	r3, [pc, #60]	; (10008db8 <__ulp+0x44>)
10008d7a:	469c      	mov	ip, r3
10008d7c:	4461      	add	r1, ip
10008d7e:	2900      	cmp	r1, #0
10008d80:	dd04      	ble.n	10008d8c <__ulp+0x18>
10008d82:	2200      	movs	r2, #0
10008d84:	000b      	movs	r3, r1
10008d86:	0010      	movs	r0, r2
10008d88:	0019      	movs	r1, r3
10008d8a:	4770      	bx	lr
10008d8c:	4249      	negs	r1, r1
10008d8e:	2200      	movs	r2, #0
10008d90:	2300      	movs	r3, #0
10008d92:	1509      	asrs	r1, r1, #20
10008d94:	2913      	cmp	r1, #19
10008d96:	dc04      	bgt.n	10008da2 <__ulp+0x2e>
10008d98:	2080      	movs	r0, #128	; 0x80
10008d9a:	0300      	lsls	r0, r0, #12
10008d9c:	4108      	asrs	r0, r1
10008d9e:	0003      	movs	r3, r0
10008da0:	e7f1      	b.n	10008d86 <__ulp+0x12>
10008da2:	3914      	subs	r1, #20
10008da4:	2001      	movs	r0, #1
10008da6:	291e      	cmp	r1, #30
10008da8:	dc02      	bgt.n	10008db0 <__ulp+0x3c>
10008daa:	2080      	movs	r0, #128	; 0x80
10008dac:	0600      	lsls	r0, r0, #24
10008dae:	40c8      	lsrs	r0, r1
10008db0:	0002      	movs	r2, r0
10008db2:	e7e8      	b.n	10008d86 <__ulp+0x12>
10008db4:	7ff00000 	.word	0x7ff00000
10008db8:	fcc00000 	.word	0xfcc00000

10008dbc <__b2d>:
10008dbc:	b5f8      	push	{r3, r4, r5, r6, r7, lr}
10008dbe:	0006      	movs	r6, r0
10008dc0:	4647      	mov	r7, r8
10008dc2:	46ce      	mov	lr, r9
10008dc4:	6904      	ldr	r4, [r0, #16]
10008dc6:	3614      	adds	r6, #20
10008dc8:	00a4      	lsls	r4, r4, #2
10008dca:	1934      	adds	r4, r6, r4
10008dcc:	1f23      	subs	r3, r4, #4
10008dce:	681d      	ldr	r5, [r3, #0]
10008dd0:	b580      	push	{r7, lr}
10008dd2:	0028      	movs	r0, r5
10008dd4:	000f      	movs	r7, r1
10008dd6:	4698      	mov	r8, r3
10008dd8:	f7ff fcb6 	bl	10008748 <__hi0bits>
10008ddc:	2120      	movs	r1, #32
10008dde:	1a0a      	subs	r2, r1, r0
10008de0:	603a      	str	r2, [r7, #0]
10008de2:	280a      	cmp	r0, #10
10008de4:	dd2e      	ble.n	10008e44 <__b2d+0x88>
10008de6:	4546      	cmp	r6, r8
10008de8:	d223      	bcs.n	10008e32 <__b2d+0x76>
10008dea:	2308      	movs	r3, #8
10008dec:	425b      	negs	r3, r3
10008dee:	4698      	mov	r8, r3
10008df0:	44a0      	add	r8, r4
10008df2:	4643      	mov	r3, r8
10008df4:	681f      	ldr	r7, [r3, #0]
10008df6:	230b      	movs	r3, #11
10008df8:	425b      	negs	r3, r3
10008dfa:	469c      	mov	ip, r3
10008dfc:	4484      	add	ip, r0
10008dfe:	280b      	cmp	r0, #11
10008e00:	d01c      	beq.n	10008e3c <__b2d+0x80>
10008e02:	4663      	mov	r3, ip
10008e04:	409d      	lsls	r5, r3
10008e06:	1ac9      	subs	r1, r1, r3
10008e08:	003b      	movs	r3, r7
10008e0a:	40cb      	lsrs	r3, r1
10008e0c:	481c      	ldr	r0, [pc, #112]	; (10008e80 <__b2d+0xc4>)
10008e0e:	431d      	orrs	r5, r3
10008e10:	4328      	orrs	r0, r5
10008e12:	0003      	movs	r3, r0
10008e14:	4546      	cmp	r6, r8
10008e16:	d22f      	bcs.n	10008e78 <__b2d+0xbc>
10008e18:	3c0c      	subs	r4, #12
10008e1a:	6820      	ldr	r0, [r4, #0]
10008e1c:	40c8      	lsrs	r0, r1
10008e1e:	4661      	mov	r1, ip
10008e20:	408f      	lsls	r7, r1
10008e22:	4307      	orrs	r7, r0
10008e24:	003a      	movs	r2, r7
10008e26:	0010      	movs	r0, r2
10008e28:	0019      	movs	r1, r3
10008e2a:	bcc0      	pop	{r6, r7}
10008e2c:	46b9      	mov	r9, r7
10008e2e:	46b0      	mov	r8, r6
10008e30:	bdf8      	pop	{r3, r4, r5, r6, r7, pc}
10008e32:	0003      	movs	r3, r0
10008e34:	2700      	movs	r7, #0
10008e36:	3b0b      	subs	r3, #11
10008e38:	280b      	cmp	r0, #11
10008e3a:	d117      	bne.n	10008e6c <__b2d+0xb0>
10008e3c:	4910      	ldr	r1, [pc, #64]	; (10008e80 <__b2d+0xc4>)
10008e3e:	4329      	orrs	r1, r5
10008e40:	000b      	movs	r3, r1
10008e42:	e7ef      	b.n	10008e24 <__b2d+0x68>
10008e44:	002f      	movs	r7, r5
10008e46:	3915      	subs	r1, #21
10008e48:	1a0b      	subs	r3, r1, r0
10008e4a:	40df      	lsrs	r7, r3
10008e4c:	490c      	ldr	r1, [pc, #48]	; (10008e80 <__b2d+0xc4>)
10008e4e:	4699      	mov	r9, r3
10008e50:	4339      	orrs	r1, r7
10008e52:	000b      	movs	r3, r1
10008e54:	2700      	movs	r7, #0
10008e56:	4546      	cmp	r6, r8
10008e58:	d203      	bcs.n	10008e62 <__b2d+0xa6>
10008e5a:	4649      	mov	r1, r9
10008e5c:	3c08      	subs	r4, #8
10008e5e:	6827      	ldr	r7, [r4, #0]
10008e60:	40cf      	lsrs	r7, r1
10008e62:	3015      	adds	r0, #21
10008e64:	4085      	lsls	r5, r0
10008e66:	433d      	orrs	r5, r7
10008e68:	002a      	movs	r2, r5
10008e6a:	e7dc      	b.n	10008e26 <__b2d+0x6a>
10008e6c:	409d      	lsls	r5, r3
10008e6e:	4904      	ldr	r1, [pc, #16]	; (10008e80 <__b2d+0xc4>)
10008e70:	2700      	movs	r7, #0
10008e72:	4329      	orrs	r1, r5
10008e74:	000b      	movs	r3, r1
10008e76:	e7d5      	b.n	10008e24 <__b2d+0x68>
10008e78:	4661      	mov	r1, ip
10008e7a:	408f      	lsls	r7, r1
10008e7c:	e7d2      	b.n	10008e24 <__b2d+0x68>
10008e7e:	46c0      	nop			; (mov r8, r8)
10008e80:	3ff00000 	.word	0x3ff00000

10008e84 <__d2b>:
10008e84:	b570      	push	{r4, r5, r6, lr}
10008e86:	2101      	movs	r1, #1
10008e88:	b082      	sub	sp, #8
10008e8a:	0015      	movs	r5, r2
10008e8c:	001c      	movs	r4, r3
10008e8e:	f7ff fb7d 	bl	1000858c <_Balloc>
10008e92:	1e06      	subs	r6, r0, #0
10008e94:	d04f      	beq.n	10008f36 <__d2b+0xb2>
10008e96:	0323      	lsls	r3, r4, #12
10008e98:	0064      	lsls	r4, r4, #1
10008e9a:	0b1b      	lsrs	r3, r3, #12
10008e9c:	0d64      	lsrs	r4, r4, #21
10008e9e:	d002      	beq.n	10008ea6 <__d2b+0x22>
10008ea0:	2280      	movs	r2, #128	; 0x80
10008ea2:	0352      	lsls	r2, r2, #13
10008ea4:	4313      	orrs	r3, r2
10008ea6:	9301      	str	r3, [sp, #4]
10008ea8:	2d00      	cmp	r5, #0
10008eaa:	d117      	bne.n	10008edc <__d2b+0x58>
10008eac:	a801      	add	r0, sp, #4
10008eae:	f7ff fc67 	bl	10008780 <__lo0bits>
10008eb2:	9b01      	ldr	r3, [sp, #4]
10008eb4:	2501      	movs	r5, #1
10008eb6:	6173      	str	r3, [r6, #20]
10008eb8:	2301      	movs	r3, #1
10008eba:	3020      	adds	r0, #32
10008ebc:	6133      	str	r3, [r6, #16]
10008ebe:	2c00      	cmp	r4, #0
10008ec0:	d024      	beq.n	10008f0c <__d2b+0x88>
10008ec2:	4b20      	ldr	r3, [pc, #128]	; (10008f44 <__d2b+0xc0>)
10008ec4:	469c      	mov	ip, r3
10008ec6:	9b06      	ldr	r3, [sp, #24]
10008ec8:	4464      	add	r4, ip
10008eca:	1824      	adds	r4, r4, r0
10008ecc:	601c      	str	r4, [r3, #0]
10008ece:	2335      	movs	r3, #53	; 0x35
10008ed0:	1a18      	subs	r0, r3, r0
10008ed2:	9b07      	ldr	r3, [sp, #28]
10008ed4:	6018      	str	r0, [r3, #0]
10008ed6:	0030      	movs	r0, r6
10008ed8:	b002      	add	sp, #8
10008eda:	bd70      	pop	{r4, r5, r6, pc}
10008edc:	4668      	mov	r0, sp
10008ede:	9500      	str	r5, [sp, #0]
10008ee0:	f7ff fc4e 	bl	10008780 <__lo0bits>
10008ee4:	2800      	cmp	r0, #0
10008ee6:	d022      	beq.n	10008f2e <__d2b+0xaa>
10008ee8:	9d01      	ldr	r5, [sp, #4]
10008eea:	2320      	movs	r3, #32
10008eec:	002a      	movs	r2, r5
10008eee:	1a1b      	subs	r3, r3, r0
10008ef0:	409a      	lsls	r2, r3
10008ef2:	0013      	movs	r3, r2
10008ef4:	40c5      	lsrs	r5, r0
10008ef6:	9a00      	ldr	r2, [sp, #0]
10008ef8:	9501      	str	r5, [sp, #4]
10008efa:	4313      	orrs	r3, r2
10008efc:	6173      	str	r3, [r6, #20]
10008efe:	61b5      	str	r5, [r6, #24]
10008f00:	1e6b      	subs	r3, r5, #1
10008f02:	419d      	sbcs	r5, r3
10008f04:	3501      	adds	r5, #1
10008f06:	6135      	str	r5, [r6, #16]
10008f08:	2c00      	cmp	r4, #0
10008f0a:	d1da      	bne.n	10008ec2 <__d2b+0x3e>
10008f0c:	4b0e      	ldr	r3, [pc, #56]	; (10008f48 <__d2b+0xc4>)
10008f0e:	469c      	mov	ip, r3
10008f10:	9b06      	ldr	r3, [sp, #24]
10008f12:	4460      	add	r0, ip
10008f14:	6018      	str	r0, [r3, #0]
10008f16:	4b0d      	ldr	r3, [pc, #52]	; (10008f4c <__d2b+0xc8>)
10008f18:	18eb      	adds	r3, r5, r3
10008f1a:	009b      	lsls	r3, r3, #2
10008f1c:	18f3      	adds	r3, r6, r3
10008f1e:	6958      	ldr	r0, [r3, #20]
10008f20:	f7ff fc12 	bl	10008748 <__hi0bits>
10008f24:	016d      	lsls	r5, r5, #5
10008f26:	9b07      	ldr	r3, [sp, #28]
10008f28:	1a2d      	subs	r5, r5, r0
10008f2a:	601d      	str	r5, [r3, #0]
10008f2c:	e7d3      	b.n	10008ed6 <__d2b+0x52>
10008f2e:	9b00      	ldr	r3, [sp, #0]
10008f30:	9d01      	ldr	r5, [sp, #4]
10008f32:	6173      	str	r3, [r6, #20]
10008f34:	e7e3      	b.n	10008efe <__d2b+0x7a>
10008f36:	2200      	movs	r2, #0
10008f38:	4b05      	ldr	r3, [pc, #20]	; (10008f50 <__d2b+0xcc>)
10008f3a:	4906      	ldr	r1, [pc, #24]	; (10008f54 <__d2b+0xd0>)
10008f3c:	4806      	ldr	r0, [pc, #24]	; (10008f58 <__d2b+0xd4>)
10008f3e:	f7fa fc23 	bl	10003788 <__assert_func>
10008f42:	46c0      	nop			; (mov r8, r8)
10008f44:	fffffbcd 	.word	0xfffffbcd
10008f48:	fffffbce 	.word	0xfffffbce
10008f4c:	3fffffff 	.word	0x3fffffff
10008f50:	1000acc0 	.word	0x1000acc0
10008f54:	0000030a 	.word	0x0000030a
10008f58:	1000ae78 	.word	0x1000ae78

10008f5c <__ratio>:
10008f5c:	b5f0      	push	{r4, r5, r6, r7, lr}
10008f5e:	46ce      	mov	lr, r9
10008f60:	4647      	mov	r7, r8
10008f62:	b580      	push	{r7, lr}
10008f64:	b085      	sub	sp, #20
10008f66:	4688      	mov	r8, r1
10008f68:	a902      	add	r1, sp, #8
10008f6a:	4681      	mov	r9, r0
10008f6c:	f7ff ff26 	bl	10008dbc <__b2d>
10008f70:	0004      	movs	r4, r0
10008f72:	000d      	movs	r5, r1
10008f74:	4640      	mov	r0, r8
10008f76:	a903      	add	r1, sp, #12
10008f78:	f7ff ff20 	bl	10008dbc <__b2d>
10008f7c:	0002      	movs	r2, r0
10008f7e:	000b      	movs	r3, r1
10008f80:	4640      	mov	r0, r8
10008f82:	4649      	mov	r1, r9
10008f84:	6900      	ldr	r0, [r0, #16]
10008f86:	6909      	ldr	r1, [r1, #16]
10008f88:	9200      	str	r2, [sp, #0]
10008f8a:	9301      	str	r3, [sp, #4]
10008f8c:	1a09      	subs	r1, r1, r0
10008f8e:	0149      	lsls	r1, r1, #5
10008f90:	468c      	mov	ip, r1
10008f92:	9802      	ldr	r0, [sp, #8]
10008f94:	9903      	ldr	r1, [sp, #12]
10008f96:	1a40      	subs	r0, r0, r1
10008f98:	0001      	movs	r1, r0
10008f9a:	4461      	add	r1, ip
10008f9c:	2900      	cmp	r1, #0
10008f9e:	dd0b      	ble.n	10008fb8 <__ratio+0x5c>
10008fa0:	0509      	lsls	r1, r1, #20
10008fa2:	194f      	adds	r7, r1, r5
10008fa4:	003d      	movs	r5, r7
10008fa6:	0020      	movs	r0, r4
10008fa8:	0029      	movs	r1, r5
10008faa:	f7fc f800 	bl	10004fae <__wrap___aeabi_ddiv>
10008fae:	b005      	add	sp, #20
10008fb0:	bcc0      	pop	{r6, r7}
10008fb2:	46b9      	mov	r9, r7
10008fb4:	46b0      	mov	r8, r6
10008fb6:	bdf0      	pop	{r4, r5, r6, r7, pc}
10008fb8:	0509      	lsls	r1, r1, #20
10008fba:	1a5b      	subs	r3, r3, r1
10008fbc:	9301      	str	r3, [sp, #4]
10008fbe:	9a00      	ldr	r2, [sp, #0]
10008fc0:	9b01      	ldr	r3, [sp, #4]
10008fc2:	e7f0      	b.n	10008fa6 <__ratio+0x4a>

10008fc4 <__copybits>:
10008fc4:	0013      	movs	r3, r2
10008fc6:	3901      	subs	r1, #1
10008fc8:	b570      	push	{r4, r5, r6, lr}
10008fca:	114c      	asrs	r4, r1, #5
10008fcc:	6911      	ldr	r1, [r2, #16]
10008fce:	3401      	adds	r4, #1
10008fd0:	3314      	adds	r3, #20
10008fd2:	0089      	lsls	r1, r1, #2
10008fd4:	00a4      	lsls	r4, r4, #2
10008fd6:	1859      	adds	r1, r3, r1
10008fd8:	1904      	adds	r4, r0, r4
10008fda:	428b      	cmp	r3, r1
10008fdc:	d20a      	bcs.n	10008ff4 <__copybits+0x30>
10008fde:	0005      	movs	r5, r0
10008fe0:	cb40      	ldmia	r3!, {r6}
10008fe2:	c540      	stmia	r5!, {r6}
10008fe4:	4299      	cmp	r1, r3
10008fe6:	d8fb      	bhi.n	10008fe0 <__copybits+0x1c>
10008fe8:	1a8b      	subs	r3, r1, r2
10008fea:	3b15      	subs	r3, #21
10008fec:	089b      	lsrs	r3, r3, #2
10008fee:	3301      	adds	r3, #1
10008ff0:	009b      	lsls	r3, r3, #2
10008ff2:	18c0      	adds	r0, r0, r3
10008ff4:	4284      	cmp	r4, r0
10008ff6:	d903      	bls.n	10009000 <__copybits+0x3c>
10008ff8:	2300      	movs	r3, #0
10008ffa:	c008      	stmia	r0!, {r3}
10008ffc:	4284      	cmp	r4, r0
10008ffe:	d8fc      	bhi.n	10008ffa <__copybits+0x36>
10009000:	bd70      	pop	{r4, r5, r6, pc}
10009002:	46c0      	nop			; (mov r8, r8)

10009004 <__any_on>:
10009004:	0002      	movs	r2, r0
10009006:	6903      	ldr	r3, [r0, #16]
10009008:	b510      	push	{r4, lr}
1000900a:	3214      	adds	r2, #20
1000900c:	1148      	asrs	r0, r1, #5
1000900e:	4283      	cmp	r3, r0
10009010:	da0a      	bge.n	10009028 <__any_on+0x24>
10009012:	009b      	lsls	r3, r3, #2
10009014:	18d3      	adds	r3, r2, r3
10009016:	e003      	b.n	10009020 <__any_on+0x1c>
10009018:	3b04      	subs	r3, #4
1000901a:	6819      	ldr	r1, [r3, #0]
1000901c:	2900      	cmp	r1, #0
1000901e:	d117      	bne.n	10009050 <__any_on+0x4c>
10009020:	4293      	cmp	r3, r2
10009022:	d8f9      	bhi.n	10009018 <__any_on+0x14>
10009024:	2000      	movs	r0, #0
10009026:	bd10      	pop	{r4, pc}
10009028:	4283      	cmp	r3, r0
1000902a:	dd0e      	ble.n	1000904a <__any_on+0x46>
1000902c:	231f      	movs	r3, #31
1000902e:	001c      	movs	r4, r3
10009030:	400c      	ands	r4, r1
10009032:	420b      	tst	r3, r1
10009034:	d009      	beq.n	1000904a <__any_on+0x46>
10009036:	0083      	lsls	r3, r0, #2
10009038:	18d3      	adds	r3, r2, r3
1000903a:	6819      	ldr	r1, [r3, #0]
1000903c:	2001      	movs	r0, #1
1000903e:	40e1      	lsrs	r1, r4
10009040:	40a1      	lsls	r1, r4
10009042:	681c      	ldr	r4, [r3, #0]
10009044:	428c      	cmp	r4, r1
10009046:	d1ee      	bne.n	10009026 <__any_on+0x22>
10009048:	e7ea      	b.n	10009020 <__any_on+0x1c>
1000904a:	0083      	lsls	r3, r0, #2
1000904c:	18d3      	adds	r3, r2, r3
1000904e:	e7e7      	b.n	10009020 <__any_on+0x1c>
10009050:	2001      	movs	r0, #1
10009052:	e7e8      	b.n	10009026 <__any_on+0x22>

10009054 <nan>:
10009054:	2000      	movs	r0, #0
10009056:	4901      	ldr	r1, [pc, #4]	; (1000905c <nan+0x8>)
10009058:	4770      	bx	lr
1000905a:	46c0      	nop			; (mov r8, r8)
1000905c:	7ff80000 	.word	0x7ff80000

10009060 <nanf>:
10009060:	4800      	ldr	r0, [pc, #0]	; (10009064 <nanf+0x4>)
10009062:	4770      	bx	lr
10009064:	7fc00000 	.word	0x7fc00000

10009068 <strncmp>:
10009068:	b530      	push	{r4, r5, lr}
1000906a:	2a00      	cmp	r2, #0
1000906c:	d026      	beq.n	100090bc <strncmp+0x54>
1000906e:	0003      	movs	r3, r0
10009070:	430b      	orrs	r3, r1
10009072:	079b      	lsls	r3, r3, #30
10009074:	d124      	bne.n	100090c0 <strncmp+0x58>
10009076:	2a03      	cmp	r2, #3
10009078:	d922      	bls.n	100090c0 <strncmp+0x58>
1000907a:	4d16      	ldr	r5, [pc, #88]	; (100090d4 <strncmp+0x6c>)
1000907c:	e00b      	b.n	10009096 <strncmp+0x2e>
1000907e:	3a04      	subs	r2, #4
10009080:	2a00      	cmp	r2, #0
10009082:	d01b      	beq.n	100090bc <strncmp+0x54>
10009084:	4c14      	ldr	r4, [pc, #80]	; (100090d8 <strncmp+0x70>)
10009086:	191c      	adds	r4, r3, r4
10009088:	439c      	bics	r4, r3
1000908a:	422c      	tst	r4, r5
1000908c:	d116      	bne.n	100090bc <strncmp+0x54>
1000908e:	3004      	adds	r0, #4
10009090:	3104      	adds	r1, #4
10009092:	2a03      	cmp	r2, #3
10009094:	d914      	bls.n	100090c0 <strncmp+0x58>
10009096:	6803      	ldr	r3, [r0, #0]
10009098:	680c      	ldr	r4, [r1, #0]
1000909a:	42a3      	cmp	r3, r4
1000909c:	d0ef      	beq.n	1000907e <strncmp+0x16>
1000909e:	7804      	ldrb	r4, [r0, #0]
100090a0:	780d      	ldrb	r5, [r1, #0]
100090a2:	42ac      	cmp	r4, r5
100090a4:	d113      	bne.n	100090ce <strncmp+0x66>
100090a6:	2301      	movs	r3, #1
100090a8:	e006      	b.n	100090b8 <strncmp+0x50>
100090aa:	5cc4      	ldrb	r4, [r0, r3]
100090ac:	5ccd      	ldrb	r5, [r1, r3]
100090ae:	42ac      	cmp	r4, r5
100090b0:	d10d      	bne.n	100090ce <strncmp+0x66>
100090b2:	3301      	adds	r3, #1
100090b4:	4293      	cmp	r3, r2
100090b6:	d001      	beq.n	100090bc <strncmp+0x54>
100090b8:	2c00      	cmp	r4, #0
100090ba:	d1f6      	bne.n	100090aa <strncmp+0x42>
100090bc:	2000      	movs	r0, #0
100090be:	bd30      	pop	{r4, r5, pc}
100090c0:	7804      	ldrb	r4, [r0, #0]
100090c2:	780d      	ldrb	r5, [r1, #0]
100090c4:	42a5      	cmp	r5, r4
100090c6:	d102      	bne.n	100090ce <strncmp+0x66>
100090c8:	2a01      	cmp	r2, #1
100090ca:	d1ec      	bne.n	100090a6 <strncmp+0x3e>
100090cc:	e7f6      	b.n	100090bc <strncmp+0x54>
100090ce:	1b60      	subs	r0, r4, r5
100090d0:	e7f5      	b.n	100090be <strncmp+0x56>
100090d2:	46c0      	nop			; (mov r8, r8)
100090d4:	80808080 	.word	0x80808080
100090d8:	fefefeff 	.word	0xfefefeff

100090dc <__ascii_wctomb>:
100090dc:	2900      	cmp	r1, #0
100090de:	d009      	beq.n	100090f4 <__ascii_wctomb+0x18>
100090e0:	2aff      	cmp	r2, #255	; 0xff
100090e2:	d802      	bhi.n	100090ea <__ascii_wctomb+0xe>
100090e4:	2001      	movs	r0, #1
100090e6:	700a      	strb	r2, [r1, #0]
100090e8:	4770      	bx	lr
100090ea:	238a      	movs	r3, #138	; 0x8a
100090ec:	6003      	str	r3, [r0, #0]
100090ee:	2001      	movs	r0, #1
100090f0:	4240      	negs	r0, r0
100090f2:	e7f9      	b.n	100090e8 <__ascii_wctomb+0xc>
100090f4:	2000      	movs	r0, #0
100090f6:	e7f7      	b.n	100090e8 <__ascii_wctomb+0xc>

100090f8 <_fini>:
100090f8:	b5f8      	push	{r3, r4, r5, r6, r7, lr}
100090fa:	46c0      	nop			; (mov r8, r8)
100090fc:	0000      	movs	r0, r0
	...

10009100 <__mutex_exit_veneer>:
10009100:	b401      	push	{r0}
10009102:	4802      	ldr	r0, [pc, #8]	; (1000910c <__mutex_exit_veneer+0xc>)
10009104:	4684      	mov	ip, r0
10009106:	bc01      	pop	{r0}
10009108:	4760      	bx	ip
1000910a:	bf00      	nop
1000910c:	200001c9 	.word	0x200001c9

10009110 <____aeabi_ldiv0_veneer>:
10009110:	b401      	push	{r0}
10009112:	4802      	ldr	r0, [pc, #8]	; (1000911c <____aeabi_ldiv0_veneer+0xc>)
10009114:	4684      	mov	ip, r0
10009116:	bc01      	pop	{r0}
10009118:	4760      	bx	ip
1000911a:	bf00      	nop
1000911c:	20000215 	.word	0x20000215

10009120 <____aeabi_idiv0_veneer>:
10009120:	b401      	push	{r0}
10009122:	4802      	ldr	r0, [pc, #8]	; (1000912c <____aeabi_idiv0_veneer+0xc>)
10009124:	4684      	mov	ip, r0
10009126:	bc01      	pop	{r0}
10009128:	4760      	bx	ip
1000912a:	bf00      	nop
1000912c:	20000215 	.word	0x20000215

10009130 <__mutex_try_enter_block_until_veneer>:
10009130:	b401      	push	{r0}
10009132:	4802      	ldr	r0, [pc, #8]	; (1000913c <__mutex_try_enter_block_until_veneer+0xc>)
10009134:	4684      	mov	ip, r0
10009136:	bc01      	pop	{r0}
10009138:	4760      	bx	ip
1000913a:	bf00      	nop
1000913c:	20000195 	.word	0x20000195

Disassembly of section .data:

200000c0 <mutex_try_enter>:
200000c0:	0003      	movs	r3, r0
200000c2:	6800      	ldr	r0, [r0, #0]
200000c4:	f3ef 8c10 	mrs	ip, PRIMASK
200000c8:	b672      	cpsid	i
200000ca:	6802      	ldr	r2, [r0, #0]
200000cc:	2a00      	cmp	r2, #0
200000ce:	d0fc      	beq.n	200000ca <mutex_try_enter+0xa>
200000d0:	f3bf 8f5f 	dmb	sy
200000d4:	2204      	movs	r2, #4
200000d6:	569a      	ldrsb	r2, [r3, r2]
200000d8:	2a00      	cmp	r2, #0
200000da:	db0b      	blt.n	200000f4 <mutex_try_enter+0x34>
200000dc:	2900      	cmp	r1, #0
200000de:	d010      	beq.n	20000102 <mutex_try_enter+0x42>
200000e0:	600a      	str	r2, [r1, #0]
200000e2:	2000      	movs	r0, #0
200000e4:	681b      	ldr	r3, [r3, #0]
200000e6:	f3bf 8f5f 	dmb	sy
200000ea:	2200      	movs	r2, #0
200000ec:	601a      	str	r2, [r3, #0]
200000ee:	f38c 8810 	msr	PRIMASK, ip
200000f2:	4770      	bx	lr
200000f4:	22d0      	movs	r2, #208	; 0xd0
200000f6:	0612      	lsls	r2, r2, #24
200000f8:	7812      	ldrb	r2, [r2, #0]
200000fa:	b252      	sxtb	r2, r2
200000fc:	711a      	strb	r2, [r3, #4]
200000fe:	2001      	movs	r0, #1
20000100:	e7f0      	b.n	200000e4 <mutex_try_enter+0x24>
20000102:	2000      	movs	r0, #0
20000104:	e7ee      	b.n	200000e4 <mutex_try_enter+0x24>
	...

20000108 <mutex_enter_block_until>:
20000108:	b5f8      	push	{r3, r4, r5, r6, r7, lr}
2000010a:	46ce      	mov	lr, r9
2000010c:	4647      	mov	r7, r8
2000010e:	b580      	push	{r7, lr}
20000110:	0004      	movs	r4, r0
20000112:	0017      	movs	r7, r2
20000114:	4698      	mov	r8, r3
20000116:	6803      	ldr	r3, [r0, #0]
20000118:	2b00      	cmp	r3, #0
2000011a:	d020      	beq.n	2000015e <mutex_enter_block_until+0x56>
2000011c:	23d0      	movs	r3, #208	; 0xd0
2000011e:	061b      	lsls	r3, r3, #24
20000120:	781b      	ldrb	r3, [r3, #0]
20000122:	b25b      	sxtb	r3, r3
20000124:	4699      	mov	r9, r3
20000126:	6826      	ldr	r6, [r4, #0]
20000128:	f3ef 8c10 	mrs	ip, PRIMASK
2000012c:	b672      	cpsid	i
2000012e:	6835      	ldr	r5, [r6, #0]
20000130:	2d00      	cmp	r5, #0
20000132:	d0fc      	beq.n	2000012e <mutex_enter_block_until+0x26>
20000134:	f3bf 8f5f 	dmb	sy
20000138:	2504      	movs	r5, #4
2000013a:	5765      	ldrsb	r5, [r4, r5]
2000013c:	2d00      	cmp	r5, #0
2000013e:	db14      	blt.n	2000016a <mutex_enter_block_until+0x62>
20000140:	6823      	ldr	r3, [r4, #0]
20000142:	f3bf 8f5f 	dmb	sy
20000146:	2200      	movs	r2, #0
20000148:	601a      	str	r2, [r3, #0]
2000014a:	f38c 8810 	msr	PRIMASK, ip
2000014e:	0038      	movs	r0, r7
20000150:	4641      	mov	r1, r8
20000152:	f000 f869 	bl	20000228 <__best_effort_wfe_or_timeout_veneer>
20000156:	2800      	cmp	r0, #0
20000158:	d0e5      	beq.n	20000126 <mutex_enter_block_until+0x1e>
2000015a:	2000      	movs	r0, #0
2000015c:	e00f      	b.n	2000017e <mutex_enter_block_until+0x76>
2000015e:	4b0a      	ldr	r3, [pc, #40]	; (20000188 <mutex_enter_block_until+0x80>)
20000160:	4a0a      	ldr	r2, [pc, #40]	; (2000018c <mutex_enter_block_until+0x84>)
20000162:	2185      	movs	r1, #133	; 0x85
20000164:	480a      	ldr	r0, [pc, #40]	; (20000190 <mutex_enter_block_until+0x88>)
20000166:	f000 f857 	bl	20000218 <____assert_func_veneer>
2000016a:	464b      	mov	r3, r9
2000016c:	7123      	strb	r3, [r4, #4]
2000016e:	6823      	ldr	r3, [r4, #0]
20000170:	f3bf 8f5f 	dmb	sy
20000174:	2200      	movs	r2, #0
20000176:	601a      	str	r2, [r3, #0]
20000178:	f38c 8810 	msr	PRIMASK, ip
2000017c:	2001      	movs	r0, #1
2000017e:	bcc0      	pop	{r6, r7}
20000180:	46b9      	mov	r9, r7
20000182:	46b0      	mov	r8, r6
20000184:	bdf8      	pop	{r3, r4, r5, r6, r7, pc}
20000186:	46c0      	nop			; (mov r8, r8)
20000188:	10009c84 	.word	0x10009c84
2000018c:	10009d5c 	.word	0x10009d5c
20000190:	10009c30 	.word	0x10009c30

20000194 <mutex_try_enter_block_until>:
20000194:	b570      	push	{r4, r5, r6, lr}
20000196:	b082      	sub	sp, #8
20000198:	0006      	movs	r6, r0
2000019a:	0015      	movs	r5, r2
2000019c:	001c      	movs	r4, r3
2000019e:	a901      	add	r1, sp, #4
200001a0:	f7ff ff8e 	bl	200000c0 <mutex_try_enter>
200001a4:	2800      	cmp	r0, #0
200001a6:	d107      	bne.n	200001b8 <mutex_try_enter_block_until+0x24>
200001a8:	9b01      	ldr	r3, [sp, #4]
200001aa:	b25b      	sxtb	r3, r3
200001ac:	22d0      	movs	r2, #208	; 0xd0
200001ae:	0612      	lsls	r2, r2, #24
200001b0:	7812      	ldrb	r2, [r2, #0]
200001b2:	b252      	sxtb	r2, r2
200001b4:	4293      	cmp	r3, r2
200001b6:	d101      	bne.n	200001bc <mutex_try_enter_block_until+0x28>
200001b8:	b002      	add	sp, #8
200001ba:	bd70      	pop	{r4, r5, r6, pc}
200001bc:	002a      	movs	r2, r5
200001be:	0023      	movs	r3, r4
200001c0:	0030      	movs	r0, r6
200001c2:	f7ff ffa1 	bl	20000108 <mutex_enter_block_until>
200001c6:	e7f7      	b.n	200001b8 <mutex_try_enter_block_until+0x24>

200001c8 <mutex_exit>:
200001c8:	b510      	push	{r4, lr}
200001ca:	6802      	ldr	r2, [r0, #0]
200001cc:	f3ef 8110 	mrs	r1, PRIMASK
200001d0:	b672      	cpsid	i
200001d2:	6813      	ldr	r3, [r2, #0]
200001d4:	2b00      	cmp	r3, #0
200001d6:	d0fc      	beq.n	200001d2 <mutex_exit+0xa>
200001d8:	f3bf 8f5f 	dmb	sy
200001dc:	2304      	movs	r3, #4
200001de:	56c3      	ldrsb	r3, [r0, r3]
200001e0:	2b00      	cmp	r3, #0
200001e2:	db0a      	blt.n	200001fa <mutex_exit+0x32>
200001e4:	23ff      	movs	r3, #255	; 0xff
200001e6:	7103      	strb	r3, [r0, #4]
200001e8:	6803      	ldr	r3, [r0, #0]
200001ea:	f3bf 8f5f 	dmb	sy
200001ee:	2200      	movs	r2, #0
200001f0:	601a      	str	r2, [r3, #0]
200001f2:	f381 8810 	msr	PRIMASK, r1
200001f6:	bf40      	sev
200001f8:	bd10      	pop	{r4, pc}
200001fa:	4b03      	ldr	r3, [pc, #12]	; (20000208 <mutex_exit+0x40>)
200001fc:	4a03      	ldr	r2, [pc, #12]	; (2000020c <mutex_exit+0x44>)
200001fe:	21b4      	movs	r1, #180	; 0xb4
20000200:	4803      	ldr	r0, [pc, #12]	; (20000210 <mutex_exit+0x48>)
20000202:	f000 f809 	bl	20000218 <____assert_func_veneer>
20000206:	46c0      	nop			; (mov r8, r8)
20000208:	10009d18 	.word	0x10009d18
2000020c:	10009d50 	.word	0x10009d50
20000210:	10009c30 	.word	0x10009c30

20000214 <__aeabi_idiv0>:
20000214:	4770      	bx	lr
20000216:	46c0      	nop			; (mov r8, r8)

20000218 <____assert_func_veneer>:
20000218:	b401      	push	{r0}
2000021a:	4802      	ldr	r0, [pc, #8]	; (20000224 <____assert_func_veneer+0xc>)
2000021c:	4684      	mov	ip, r0
2000021e:	bc01      	pop	{r0}
20000220:	4760      	bx	ip
20000222:	bf00      	nop
20000224:	10003789 	.word	0x10003789

20000228 <__best_effort_wfe_or_timeout_veneer>:
20000228:	b401      	push	{r0}
2000022a:	4802      	ldr	r0, [pc, #8]	; (20000234 <__best_effort_wfe_or_timeout_veneer+0xc>)
2000022c:	4684      	mov	ip, r0
2000022e:	bc01      	pop	{r0}
20000230:	4760      	bx	ip
20000232:	bf00      	nop
20000234:	10002a69 	.word	0x10002a69

20000238 <absolute_mode>:
20000238:	                                         .

20000239 <manual_mode>:
20000239:	                                         .

2000023a <metric_mode>:
2000023a:	                                         ..

2000023c <mmhal_high_delay_us>:
2000023c:	00000005                                ....

20000240 <mmhal_low_delay_us>:
20000240:	00000578                                x...

20000244 <striped_spin_lock_num>:
20000244:	00000010                                ....

20000248 <irq_handler_chain_slots>:
20000248:	00000000 	.word	0x00000000
2000024c:	00010000 	.word	0x00010000
	...
20000258:	00020000 	.word	0x00020000
	...
20000264:	00030000 	.word	0x00030000
	...
20000270:	00ff0000 	.word	0x00ff0000
20000274:	00000000 	.word	0x00000000

20000278 <irq_handler_chain_first_slot>:
20000278:	b501      	push	{r0, lr}
2000027a:	6848      	ldr	r0, [r1, #4]
2000027c:	3101      	adds	r1, #1
2000027e:	468e      	mov	lr, r1
20000280:	4700      	bx	r0

20000282 <irq_handler_chain_remove_tail>:
20000282:	4670      	mov	r0, lr
20000284:	3809      	subs	r0, #9
20000286:	4901      	ldr	r1, [pc, #4]	; (2000028c <irq_handler_chain_remove_tail+0xa>)
20000288:	4788      	blx	r1
2000028a:	bd01      	pop	{r0, pc}
2000028c:	10001e61 	.word	0x10001e61

20000290 <default_alarm_pool>:
20000290:	200002a8 00000000 20000cc8 20000ea0     ... ....... ... 
	...

200002a8 <default_alarm_pool_heap>:
200002a8:	20000eb0 00000000 00000000 00000010     ... ............
	...

200002c0 <aeabi_bits_funcs>:
200002c0:	00003350 	.word	0x00003350
200002c4:	0000334c 	.word	0x0000334c
200002c8:	00003354 	.word	0x00003354
200002cc:	00003352 	.word	0x00003352

200002d0 <aeabi_bits_funcs_end>:
200002d0:	0000534d 	.word	0x0000534d
200002d4:	0000434d 	.word	0x0000434d
200002d8:	00003453 	.word	0x00003453
200002dc:	00003443 	.word	0x00003443

200002e0 <stdio_uart>:
200002e0:	10006039 00000000 100060ad 10006155     9`.......`..Ua..
200002f0:	00000000 00000100                       ........

200002f8 <_impure_ptr>:
200002f8:	20000300 00000000                       ... ....

20000300 <impure_data>:
20000300:	00000000 200005ec 20000654 200006bc     ....... T.. ... 
	...
200003a8:	00000001 00000000 abcd330e e66d1234     .........3..4.m.
200003b8:	0005deec 0000000b 00000000 00000000     ................
	...

20000728 <__malloc_av_>:
	...
20000730:	20000728 20000728 20000730 20000730     (.. (.. 0.. 0.. 
20000740:	20000738 20000738 20000740 20000740     8.. 8.. @.. @.. 
20000750:	20000748 20000748 20000750 20000750     H.. H.. P.. P.. 
20000760:	20000758 20000758 20000760 20000760     X.. X.. `.. `.. 
20000770:	20000768 20000768 20000770 20000770     h.. h.. p.. p.. 
20000780:	20000778 20000778 20000780 20000780     x.. x.. ... ... 
20000790:	20000788 20000788 20000790 20000790     ... ... ... ... 
200007a0:	20000798 20000798 200007a0 200007a0     ... ... ... ... 
200007b0:	200007a8 200007a8 200007b0 200007b0     ... ... ... ... 
200007c0:	200007b8 200007b8 200007c0 200007c0     ... ... ... ... 
200007d0:	200007c8 200007c8 200007d0 200007d0     ... ... ... ... 
200007e0:	200007d8 200007d8 200007e0 200007e0     ... ... ... ... 
200007f0:	200007e8 200007e8 200007f0 200007f0     ... ... ... ... 
20000800:	200007f8 200007f8 20000800 20000800     ... ... ... ... 
20000810:	20000808 20000808 20000810 20000810     ... ... ... ... 
20000820:	20000818 20000818 20000820 20000820     ... ...  ..  .. 
20000830:	20000828 20000828 20000830 20000830     (.. (.. 0.. 0.. 
20000840:	20000838 20000838 20000840 20000840     8.. 8.. @.. @.. 
20000850:	20000848 20000848 20000850 20000850     H.. H.. P.. P.. 
20000860:	20000858 20000858 20000860 20000860     X.. X.. `.. `.. 
20000870:	20000868 20000868 20000870 20000870     h.. h.. p.. p.. 
20000880:	20000878 20000878 20000880 20000880     x.. x.. ... ... 
20000890:	20000888 20000888 20000890 20000890     ... ... ... ... 
200008a0:	20000898 20000898 200008a0 200008a0     ... ... ... ... 
200008b0:	200008a8 200008a8 200008b0 200008b0     ... ... ... ... 
200008c0:	200008b8 200008b8 200008c0 200008c0     ... ... ... ... 
200008d0:	200008c8 200008c8 200008d0 200008d0     ... ... ... ... 
200008e0:	200008d8 200008d8 200008e0 200008e0     ... ... ... ... 
200008f0:	200008e8 200008e8 200008f0 200008f0     ... ... ... ... 
20000900:	200008f8 200008f8 20000900 20000900     ... ... ... ... 
20000910:	20000908 20000908 20000910 20000910     ... ... ... ... 
20000920:	20000918 20000918 20000920 20000920     ... ...  ..  .. 
20000930:	20000928 20000928 20000930 20000930     (.. (.. 0.. 0.. 
20000940:	20000938 20000938 20000940 20000940     8.. 8.. @.. @.. 
20000950:	20000948 20000948 20000950 20000950     H.. H.. P.. P.. 
20000960:	20000958 20000958 20000960 20000960     X.. X.. `.. `.. 
20000970:	20000968 20000968 20000970 20000970     h.. h.. p.. p.. 
20000980:	20000978 20000978 20000980 20000980     x.. x.. ... ... 
20000990:	20000988 20000988 20000990 20000990     ... ... ... ... 
200009a0:	20000998 20000998 200009a0 200009a0     ... ... ... ... 
200009b0:	200009a8 200009a8 200009b0 200009b0     ... ... ... ... 
200009c0:	200009b8 200009b8 200009c0 200009c0     ... ... ... ... 
200009d0:	200009c8 200009c8 200009d0 200009d0     ... ... ... ... 
200009e0:	200009d8 200009d8 200009e0 200009e0     ... ... ... ... 
200009f0:	200009e8 200009e8 200009f0 200009f0     ... ... ... ... 
20000a00:	200009f8 200009f8 20000a00 20000a00     ... ... ... ... 
20000a10:	20000a08 20000a08 20000a10 20000a10     ... ... ... ... 
20000a20:	20000a18 20000a18 20000a20 20000a20     ... ...  ..  .. 
20000a30:	20000a28 20000a28 20000a30 20000a30     (.. (.. 0.. 0.. 
20000a40:	20000a38 20000a38 20000a40 20000a40     8.. 8.. @.. @.. 
20000a50:	20000a48 20000a48 20000a50 20000a50     H.. H.. P.. P.. 
20000a60:	20000a58 20000a58 20000a60 20000a60     X.. X.. `.. `.. 
20000a70:	20000a68 20000a68 20000a70 20000a70     h.. h.. p.. p.. 
20000a80:	20000a78 20000a78 20000a80 20000a80     x.. x.. ... ... 
20000a90:	20000a88 20000a88 20000a90 20000a90     ... ... ... ... 
20000aa0:	20000a98 20000a98 20000aa0 20000aa0     ... ... ... ... 
20000ab0:	20000aa8 20000aa8 20000ab0 20000ab0     ... ... ... ... 
20000ac0:	20000ab8 20000ab8 20000ac0 20000ac0     ... ... ... ... 
20000ad0:	20000ac8 20000ac8 20000ad0 20000ad0     ... ... ... ... 
20000ae0:	20000ad8 20000ad8 20000ae0 20000ae0     ... ... ... ... 
20000af0:	20000ae8 20000ae8 20000af0 20000af0     ... ... ... ... 
20000b00:	20000af8 20000af8 20000b00 20000b00     ... ... ... ... 
20000b10:	20000b08 20000b08 20000b10 20000b10     ... ... ... ... 
20000b20:	20000b18 20000b18 20000b20 20000b20     ... ...  ..  .. 

20000b30 <__malloc_sbrk_base>:
20000b30:	ffffffff                                ....

20000b34 <__malloc_trim_threshold>:
20000b34:	00020000                                ....

20000b38 <numempty>:
20000b38:	000000ff                                ....

20000b3c <__global_locale>:
20000b3c:	00000043 00000000 00000000 00000000     C...............
	...
20000b5c:	00000043 00000000 00000000 00000000     C...............
	...
20000b7c:	00000043 00000000 00000000 00000000     C...............
	...
20000b9c:	00000043 00000000 00000000 00000000     C...............
	...
20000bbc:	00000043 00000000 00000000 00000000     C...............
	...
20000bdc:	00000043 00000000 00000000 00000000     C...............
	...
20000bfc:	00000043 00000000 00000000 00000000     C...............
	...
20000c1c:	100090dd 10008561 00000000 1000aa8c     ....a...........
20000c2c:	1000ae5c 1000a4b4 1000a4b4 1000a4b4     \...............
20000c3c:	1000a4b4 1000a4b4 1000a4b4 1000a4b4     ................
20000c4c:	1000a4b4 1000a4b4 ffffffff ffffffff     ................
20000c5c:	ffffffff 0000ffff 53410001 00494943     ..........ASCII.
	...
20000c84:	53410000 00494943 00000000 00000000     ..ASCII.........
	...

20000ca8 <print_mutex>:
	...

20000cb0 <__mutex_array_end>:
20000cb0:	10005c2d 	.word	0x10005c2d
20000cb4:	10004a5d 	.word	0x10004a5d
20000cb8:	100051f5 	.word	0x100051f5
20000cbc:	10005ae5 	.word	0x10005ae5

20000cc0 <__frame_dummy_init_array_entry>:
20000cc0:	100002e5                                ....
