:020000041000EA
:1000000000B5324B212058609868022188439860DF
:10001000D860186158612E4B002199600221596106
:100020000121F02299502B49196001219960352056
:1000300000F044F80222904214D00621196600F024
:1000400034F8196E01211966002018661A6600F04E
:100050002CF8196E196E196E052000F02FF8012189
:100060000842F9D1002199601B49196000215960AB
:100070001A491B48016001219960EB211966A021F2
:10008000196600F012F800219960164914480160C1
:100090000121996001BC002800D000471248134993
:1000A000086003C880F30888084703B5996A0420EC
:1000B0000142FBD001200142F8D103BD02B5186610
:1000C0001866FFF7F2FF186E186E02BD00000240BE
:1000D000000000180000070000035F00212200005C
:1000E000F4000018222000A00001001008ED00E03C
:1000F00000000000000000000000000074B24E7A12
:1001000000200420F7010010C3010010C5010010F9
:10011000C1010010C1010010C1010010C101001097
:10012000C1010010C1010010C1010010C701001081
:10013000C1010010C1010010C9010010CB01001065
:10014000CD010010CD010010CD010010CD01001037
:10015000CD010010CD010010CD010010CD01001027
:10016000CD010010CD010010CD010010CD01001017
:10017000CD010010CD010010CD010010CD01001007
:10018000CD010010CD010010CD010010CD010010F7
:10019000CD010010CD010010CD010010CD010010E7
:1001A000CD010010CD010010CD010010CD010010D7
:1001B000CD010010CD010010CD010010CD010010C7
:1001C00000BE00BE00BE00BE00BE00BEEFF3058054
:1001D000103800BEF2EB88718CD70010ACD700103D
:1001E0003402001090A31AE700201F49086006C8D7
:1001F00081F3088810471D48006800282FD10DA4FE
:100200000ECC002902D000F012F8F9E71849194A7B
:10021000002000E001C19142FCD1174988471749ED
:1002200088471749884700BEFDE701C901C29A42C5
:10023000FBD37047ACD70010C00000206016002030
:100240004CED001000000420000004204CED0010D4
:10025000001004200010042000000000704709482E
:1002600004F034FA0047000008ED00E0000000D080
:10027000601600208424002055340010050300106F
:10028000113400105756000006005250ABB36053B3
:10029000B0CA001006005250861C0302C0CA0010EB
:1002A000060052505422A29DCCCA001005005250A4
:1002B000DE65F4684CED0010F8B5C04610B5064C8C
:1002C0002378002B07D1054B002B02D0044800E017
:1002D00000BF0123237010BD68170020000000003C
:1002E00088B10010044B10B5002B03D0034904481B
:1002F00000E000BF10BDC046000000006C170020E9
:1003000088B1001010B505F033FCFA20C00002F0EF
:1003100053FA0C4C200005F0EFFB01F005F820002B
:1003200005F0EAFB00F012F804E000F0B1FA0A2050
:1003300002F042FA044B1B78002BF6D100F0E6FBEA
:10034000F5E7C04688B10010B10B002010B50A20B7
:1003500005F09EFB164805F0CFFB164B1B68164AAE
:10036000126816490968164805F0F6FB154B1988FE
:10037000154805F0F1FB154805F0BEFB144805F0E3
:10038000BBFB144805F0B8FB134805F0B5FB134858
:1003900005F0B2FB124805F0AFFB124805F0ACFBCC
:1003A000114805F0A9FB0A2005F072FB10BDC046FC
:1003B00090B100103822002034220020302200208A
:1003C000A4B1001076240020C8B10010DCB10010E8
:1003D000E4B10010F8B100100CB2001020B200100F
:1003E00040B2001058B2001070B2001010B50A20D0
:1003F00005F04EFB2B4805F07FFB2B4B1B682B4A6F
:1004000012682B4909682B4805F0A6FB2A4B1B688C
:100410002A4A12682A4909682A4805F09DFB2A4B96
:100420001B78002B3CD02949294805F095FB294B26
:100430001988294805F090FB284805F05DFB2848FD
:1004400005F05AFB274805F057FB274805F054FBF9
:10045000264805F051FB264805F04EFB254805F0DF
:100460004BFB254805F048FB244805F045FB244894
:1004700005F042FB234805F03FFB234805F03CFB19
:10048000224805F039FB224805F036FB214805F0EB
:1004900033FB214805F030FB0A2005F0F9FA10BDC6
:1004A0001E49C1E7A4B200103822002034220020E7
:1004B00030220020A4B100100C1E0020081E0020D5
:1004C000041E0020BCB20010B00B002098B2001037
:1004D000E0B2001076240020C8B10010F8B200107D
:1004E00004B3001034B3001060B3001084B30010E4
:1004F000B4B30010E4B300101CB400104CB40010EE
:1005000070B4001094B40010BCB40010ECB400102F
:100510000CB5001038B500106CB500108CB200108E
:10052000884202DB904202DC70470800FCE71000C2
:10053000FAE710B5002907D001290AD0FA225201A2
:100540000021FFF7EDFF10BDFA229201FFF7E8FF4F
:10055000F9E7FA2292010021FFF7E2FFF3E700003A
:1005600010B5011E17DD312806DDFA23DB009842A5
:1005700003DDFA21C90000E03221074B05221A6091
:10058000064804F0CFF8064B18601B68312B02DCDC
:10059000034B32221A6010BDB40B0020A08601006C
:1005A000B80B0020F8B5CE46474680B580460C0013
:1005B000150011002000FFF7BCFF0700844207D19F
:1005C00043461B689946FE1A002E1DDD002409E0F3
:1005D000214805F091FAF3E700220021012000F004
:1005E00037FF0134B44211DA002DF5D0012D05D0CA
:1005F00001220021002000F02BFFF2E70022012160
:10060000002000F025FFECE7002E22DB43461F60B0
:10061000C0BCB946B046F8BD0120002200214042CE
:1006200000F016FF01344B46DB1BA342EEDD002D2C
:10063000F2D0012D06D0012252420021002000F00C
:1006400007FFEFE7012100224942002000F000FFF0
:10065000E8E70024E7E7C04694B50010F0B5C646C9
:1006600000B507000E0090461C001900104805F068
:1006700073FA104D002239002800FFF793FF0E4F48
:10068000012231003800FFF78DFF0C4E0222414657
:100690003000FFF787FF2100094805F05DFA336855
:1006A0003A682968074805F057FA80BCB846F0BD9B
:1006B000A8B500103022002034220020382200206B
:1006C000B8B50010CCB50010F0B5DE4657464E4622
:1006D0004546E0B589B0070006900E00079112A9C3
:1006E0000C780494644C2568AB469344634D2A68A7
:1006F00092469A440096030052465946604805F0D7
:100700002BFA24685A46A41A2D685246AD1A5A4646
:10071000BB1A03935346F31A059300263FE0059B4B
:100720009D4243D1544C002206992000FFF73AFF26
:10073000524D012207992800FFF734FF514805F078
:10074000DBF9514B1B682A682168504805F004FA10
:1007500009B0F0BCBB46B246A946A046F0BD671C36
:10076000A9463C1B4B465D1B5B46F8180021FFF772
:10077000E0FE02904B46534418000121FFF7D9FEDA
:10078000804600222900200000F062FE3A4B029AC7
:100790001A603A4B42461A6001364D463C00FA2335
:1007A0005B029E42BEDA039B9C42B8D0049B002BA6
:1007B0002ED0002D09DD002CD1DAE217A31853400A
:1007C000E9176A184A409342C9DD002C0DDD002D5F
:1007D00007DDEA17AB185340E11762184A4093420D
:1007E00003DC6B1E99462700BBE7002D03DB6B1C67
:1007F00099462700B5E7002C07DDE217A318534000
:10080000E9176A184A409342F1DC671EA946A8E737
:10081000002D0CDD002C07DDE217A3185340E9176B
:100820006A184A40934202DC671EA94699E7002CE9
:1008300005DB002D12DB6B1E9946270091E7002D8A
:1008400003DB6B1C994627008BE7EA17AB18534074
:10085000E11762184A409342EBDCF2E7002C02DB1E
:10086000671CA9467DE7E217A3185340E9176A18E9
:100870004A409342DFDCF3E730220020342200209C
:10088000E0B5001008B6001038220020CCB50010EA
:1008900010B5002005F070F9431C1AD003002B3B63
:1008A0004C2B00D9B3E09B005B4AD3589F465B4C6E
:1008B0002168143900222000FFF774FE584805F023
:1008C0001BF9584B1B68584A12682168574805F0B5
:1008D00043F910BD514C2168143100222000FFF76C
:1008E00061FE534805F008F94E4B1B684E4A1268EA
:1008F00021684E4805F030F9EBE74B4C2168143184
:1009000001222000FFF74EFE4A4805F0F5F8454B5E
:100910001B68226841490968444805F01DF9D8E779
:10092000414C2168143901222000FFF73BFE424868
:1009300005F0E2F83B4B1B682268384909683B48E0
:1009400005F00AF9C5E7374C21681431022220006E
:10095000FFF728FE394805F0CFF82368324A1268BD
:100960002E490968314805F0F7F8B2E72D4C2168A7
:10097000143902222000FFF715FE314805F0BCF8BB
:100980002368294A126825490968284805F0E4F8CF
:100990009FE72C4B1B88F52B0BD80A33294A138071
:1009A000284C208800F04AFC2188274805F0D4F81C
:1009B0008FE7244BFF221A80F2E7224B1B88092B7A
:1009C0000BD90A3B1F4A13801E4C208800F036FCCE
:1009D00021881D4805F0C0F87BE71A4B00221A80D9
:1009E000F2E7184B00221A80002000F027FC17487D
:1009F00005F082F86DE7164B00221A70154805F0D5
:100A00007BF8FFF7F3FC64E7FFF7A0FC61E7010068
:100A1000114805F0A1F85CE774B600103022002000
:100A200018B600103822002034220020CCB5001067
:100A3000F4B1001008B200101CB600101CB2001077
:100A400020B600107624002024B6001038B600101E
:100A5000B10B002044B6001060B6001010B50C00B9
:100A600004F0E8FD064B1B78002B01D0604310BD5D
:100A7000C301181A40000A2103F054FE6043F6E750
:100A8000B20B0020F8B504000F0016001D001B4B30
:100A90001B680B601A4B1B6813601A4B1B682B609A
:100AA0004378002B0BD05021C068FFF7D7FF164BBF
:100AB0001B78002B02D1114B1B68C0183860A3783B
:100AC000002B0BD050212069FFF7C8FF0E4B1B787D
:100AD000002B02D10A4B1B68C0183060E378002B52
:100AE0000BD060695021FFF7B9FF074B1B78002B33
:100AF00002D1044B1B68C0182860F8BD30220020CA
:100B00003422002038220020B00B002010B592B013
:100B1000002005F031F8431C25D00D281CD00A28F0
:100B20001AD0082800D13EE17F2800D13BE1A94B33
:100B30001B683E2B00DD45E1A74A115C03220A40F9
:100B4000022A00D13BE10100A44AD1540133A14A59
:100B5000136004F09DFF06E00A2004F099FF9D4B0E
:100B60001B68002B01D112B010BD9C4C0022E25436
:100B700021009B4804F0F0FF07A9200000F0A5FA2F
:100B8000002808D007AB1B780F2B00D907E19B008A
:100B9000944AD3589F469149934804F0DDFF8D4B0A
:100BA00000221A60DFE7914B01221A70904804F08E
:100BB000A3FFFFF7CBFB874B00221A60D3E707ABFD
:100BC0001B7A002B13D0119804F034FD002803DBAE
:100BD000FF2802DDFF2000E0002080B2854C20804D
:100BE00000F02CFB2188844804F0B6FFE3E783483B
:100BF00004F082FFDFE77F4B00221A80002000F024
:100C00001DFB7F4804F078FFD5E77E4B01221A7068
:100C10007D4804F071FFCEE77A4B00221A707B48C2
:100C200004F06AFFC7E77A4B19687A4B19607A4B70
:100C30001A687A4B1A607A4B1B687A4803607A48C4
:100C400004F08AFFB7E7774B1A68744B1968714B49
:100C50001868764BFFF702FDADE707ABDB79002B99
:100C600011D0109804F0E6FC041E0ADB2100704845
:100C700004F072FF200001F09FFD6E4804F03CFF7D
:100C800099E70024F2E76C4804F036FF93E76B4BDA
:100C900000221A706A4804F02FFF8CE7674B01228C
:100CA0001A70684804F028FF85E706AB05AA04A976
:100CB00007A8FFF7E7FE644B069A05990498FFF72B
:100CC000CDFC78E707AC06AB05AA04A92000FFF726
:100CD000D9FE2379002B06D15C4B069A059904981E
:100CE000FFF7BCFC67E70D9B0393181C04F0A2FC04
:100CF000FFF736FC0D9804F09DFC0100544804F009
:100D00002BFFE9E707AC06AB05AA04A92000FFF713
:100D1000B9FE6379002B02D0A379002B03D14D4893
:100D200004F0EAFE47E70E9B03935021181CFFF7DF
:100D300095FE04000F985021FFF790FE030001225A
:100D40000092220005990498FFF7BEFC33E707AC38
:100D500006AB05AA04A92000FFF794FE6379002BD7
:100D600002D0A379002B03D13B4804F0C5FE22E753
:100D70000E9B03935021181CFFF770FE04000F9880
:100D80005021FFF76BFE030000220092220005991C
:100D90000498FFF799FC0EE7FFF728FB0BE72F48B5
:100DA00004F0AAFE07E70B4B1B68002B00DCDAE619
:100DB000013B084A13602A4804F0CEFED3E6010046
:100DC0002039C1E6034B00221A60264804F094FE45
:100DD000C9E6C0465C1D002025D200101C1D002065
:100DE000A8B7001094B90010B4B70010B10B0020E0
:100DF000CCB7001076240020E4B70010FCB7001038
:100E000038B60010B00B002018B8001034B800102D
:100E100030220020041E002034220020081E002062
:100E2000382200200C1E002050B8001074B80010AA
:100E300078B800108CB800109CB80010B20B0020DD
:100E4000B8B80010C8B80010DCB80010F0B8001036
:100E5000E0B80010F4B800101CB9001044B900103C
:100E600078B900107CB900100023037043708370C0
:100E7000C370037143718371C37103720023C36034
:100E8000036143618361C3610362436283627047AC
:100E9000F0B5002401E08B550134531EA3420BDD55
:100EA0002600035D002B07D0054DEF5C03253D4078
:100EB000022DF0D1203BEEE7091900230B70F0BDA5
:100EC00025D2001010B50400624907F02BFD002860
:100ED00000D192E06049200007F024FD002800D1F5
:100EE0008DE005225D49200007F08EFD002800D12D
:100EF00087E003225A49200007F086FD002800D130
:100F000081E003225749200007F07EFD002800D130
:100F10007BE002225449200007F076FD002800D132
:100F200075E003225149200007F06EFD002800D132
:100F30006FE002224E49200007F066FD00286AD0CB
:100F400003224C49200007F05FFD002865D00222F3
:100F50004949200007F058FD002860D00322474986
:100F6000200007F051FD00285BD0022244492000F8
:100F700007F04AFD002856D003224249200007F01E
:100F800043FD002851D002223F49200007F03CFDDC
:100F900000284CD03D49200007F0C4FC002848D070
:100FA0003B49200007F0BEFC002844D0394920000E
:100FB00007F0B8FC002840D03749200007F0B2FC09
:100FC00000283CD03549200007F0ACFC002838D080
:100FD0003349200007F0A6FC002834D00222314912
:100FE000200007F011FD00282FD02F49200007F026
:100FF00099FC00282BD0002000E00F2010BD0F200E
:10100000FCE70920FAE70820F8E70120F6E70120CD
:10101000F4E70220F2E70220F0E70320EEE70320E6
:10102000ECE70420EAE70420E8E70520E6E70520EE
:10103000E4E70620E2E70720E0E70A20DEE70B20EE
:10104000DCE70C20DAE70C20D8E70D20D6E70E20ED
:10105000D4E7C046D4B90010D8B90010E0B90010E8
:1010600074B80010E8B90010DCB80010ECB900103A
:10107000F0B80010F0B90010F4B90010F8B9001081
:10108000FCB9001000BA001004BA001008BA001031
:101090000CBA001010BA001014BA001018BA0010E0
:1010A0001CBA001020BA001024BA001010B51400A9
:1010B00007F0D8FB002806D00130002108F09AFC88
:1010C0002060012010BD0020FCE730B591B0050084
:1010D0000C000800FFF7C8FE402269462800FFF711
:1010E000D7FE6846FFF7EEFE2070002802D10020F0
:1010F00011B030BD22000C3258216846FFF7D6FFF0
:1011000060702200103259216846FFF7CFFFA070AF
:10111000220014325A216846FFF7C8FFE07022000F
:10112000183246216846FFF7C1FF207122001C32A9
:1011300049216846FFF7BAFF6071220020324A2138
:101140006846FFF7B3FFA0712200243250216846A1
:10115000FFF7ACFFE0712200283253216846FFF709
:10116000A5FF20720120C3E710B582B001AB0022B9
:101170001A705A709A7000230BE00A002A495158DD
:10118000012214008C40D02109068C6101A9CA54A7
:101190000133022B13DC99000C58244A8A5862430D
:1011A000002AEADBF4DD9A001F495158012214009D
:1011B0008C40D02109064C6101A9CA54E8E70A20F5
:1011C000002101F0CDFA002300E00133022B0CDCFA
:1011D00001AAD25C002AF8D09A0015495158012280
:1011E0008A40D02109064A61EFE7124B1868C117FF
:1011F00001F0B6FA002300E00133022B0CDC01AA57
:10120000D25C002AF8D09A000949515801228A403C
:10121000D02109068A61EFE7074B1868C11701F072
:101220009FFA02B010BDC04640BA001058BA001074
:101230004CBA0010B40B0020B80B0020FF2800D9D6
:10124000FF200004034B1B685840000C0004024BB5
:10125000186070470C0005400C10054010B50028C0
:1012600005D001281CD10A220830082402E00422FB
:1012700003200224052913D889002A4B5B589F4676
:1012800001231900A1400C00D02109068C611C002B
:1012900084408C6193408B610A20002101F060FA48
:1012A00010BD01231900A1400C00D02109064C619A
:1012B0001C0084408C6193408B61EDE70123190091
:1012C000A1400C00D02109068C611C0084404C61B7
:1012D00093408B61E0E701231900A1400C00D0216D
:1012E00009064C611C0084404C6193408B61D3E73C
:1012F00001231900A1400C00D02109068C611C00BB
:1013000084408C6193404B61C6E701231900A140E2
:101310000C00D02109064C611C0084408C61934074
:101320004B61B9E728BA0010F8B5162000F0CCF8E8
:10133000D0231B068022D2035A629A61002615E050
:10134000B7003D4BFD58280000F0BEF801242300F3
:10135000AB40D0252D066B62AB61384BFF5838008F
:1013600000F0B2F8BC406C62AC610136022EE7DDE1
:10137000022000F0A9F8D024240604236362A361AC
:10138000032000F0A1F808236362A361042000F0A9
:101390009BF810236362A361082000F095F8802376
:1013A0005B006362A361092000F08EF880239B003C
:1013B0006362A3610A2000F087F88023DB00636288
:1013C000A361072000F080F88023A362002201219E
:1013D000072000F05FF80D2000F076F880239B01D5
:1013E000A362002201210D2000F054F8102000F02B
:1013F0006BF880235B02A36200220121102000F021
:1014000049F80421112000F02DF80D4AFF23136143
:101410000C4B1B681B0C1B040B490B60126801234F
:1014200093430A4A136000210020FFF717FF0021B1
:101430000120FFF713FFF8BD4CBA001040BA0010AE
:10144000000005400C0005400C1005400010054050
:1014500000B585B001900291039201A8FFF784FEC8
:1014600005B000BD10B58300084A944663441C686B
:1014700040226240C02414408022520113431C6069
:10148000C000034B9C466044416010BD04C0014055
:101490000040014080000B4B9C46604400290DD069
:1014A0000823002A0CD004221343026853400C2264
:1014B0001340802252011043036070470023F0E77D
:1014C0000022F1E704C0014010B501238340D0227F
:1014D0001206936293610521FFF7C4FF10BD00005F
:1014E000034B1B6802201840431E9841C0B270474E
:1014F00000C00640EFF3108072B6034B1B68002B50
:10150000FBD0BFF35F8F70472C0100D0BFF35F8F1C
:10151000024B00221A6080F3108870472C0100D023
:10152000F8B506000C001500FFF7E4FFE308F71814
:10153000F15C07222240012393400B4205D1DBB22C
:101540000B433B70FFF7E2FFF8BD2100280001F0DC
:10155000FDFFF0B583B00600019114001F00FFF7F6
:10156000C9FF00E00134BC420CD8E308F518F35C75
:101570000721214001228A401A42F3D1D2B21A43F4
:101580002A7001E001246442FFF7C0FF002C02DB57
:10159000200003B0F0BD019B002BF9D0089801F0AA
:1015A000D5FF0000002307E0054A9A189200BFF318
:1015B0005F8F0021116001331F2BF5D97047C046A2
:1015C00040000034054A1078431CDBB21370172B1F
:1015D00002D9130010221A707047C046BC0B0020BD
:1015E00000B583B00100044B00931F231822034869
:1015F000FFF7AFFF03B000BD64BA0010181D002054
:10160000074B9B68103080001950BFF35F8FBFF30A
:101610005F8F044B0021196082F310887047C04629
:1016200000ED00E0240100D010B5091A081F0A4B94
:101630009C466144094A914208D8C30706D4401029
:101640004005400D064B184380B210BD054B064ABD
:10165000A321064801F0E0FEFC070000FE0F000099
:1016600000E0FFFF80BA00100CBD0010B0BA0010FF
:1016700010B5091A04394C08090B08D14905490D60
:10168000064A11430180064B2343438010BD054B9E
:10169000054AAB21054801F0BFFEC04600F0FFFF40
:1016A00000F8FFFF0CBB0010E0BC0010B0BA001047
:1016B00001238340034A10681840431E9841C0B27A
:1016C0007047C04600E100E0002904D0034B1860D9
:1016D000034B18607047034B1860FBE780E200E0A3
:1016E00000E100E080E100E010B501238340180034
:1016F000FFF7EAFF10BD000001238340014A136099
:101700007047C04600E200E0024B9B68103080004A
:10171000C058704700ED00E010B5FFF7F5FF002856
:1017200005D0054BC01A2F2803D8012010BD00207A
:10173000FCE70020FAE7C046C00B002070B50400AB
:101740000D00EFF3108672B60C4B1B68002BFBD01C
:10175000BFF35F8F2000FFF7D7FF094B984201D0FE
:10176000A84205D1320029002000FFF749FF70BDD3
:10177000044B054A8621054801F04EFE240100D0A5
:10178000CD0100101CBB001040BD0010B0BA00100D
:10179000F0B5DE4657464E464546E0B589B081462F
:1017A00001911500EFF3108A72B6744B1B68002B81
:1017B000FBD0BFF35F8F724B0027DF57002F40DB5A
:1017C0007C00E419A4006F4824180622A2566C4B32
:1017D0001A706D4B9A684B4610339B00D35898464D
:1017E0001E001B1A2F2B38D9684B98452FD105AEF8
:1017F000674B33807B009B46D8198000614B98462D
:10180000404402306349FFF70FFF7080624BB380A2
:10181000FF23B371F571019B07935F44BF004744F9
:101820000ECE0EC701231C43A046524641464846F1
:10183000FFF7E6FE09B0F0BCBB46B246A946A0469B
:10184000F0BD564B564AD721564801F0E5FD564BA0
:10185000534ADE21534801F0DFFDC04340440C21D0
:1018600002F088FF002912D101239E43B3463300C2
:101870000026DA79AA4211D90621595600290CDB33
:101880004A00521892001E003E4B9B18F1E7474B4E
:10189000434AEA21434801F0BFFD1E00002E3AD022
:1018A00005AB434A1A80813A5A800623F3560293C5
:1018B000002B17DA3F4805AB9B469880029A9A7135
:1018C000DD71019A0792301D2100FFF7ADFEB08057
:1018D000B7717B00DB199B002A4FFF185B4607CBD3
:1018E00007C7A2E77800C0198000264BC018043053
:1018F000321DB388D90A1C2907D15B05591502315D
:1019000049005118FFF790FED5E72B4B2B4AB12128
:10191000244801F081FD05AE1D4B33807B0002930E
:10192000D8198000174A9046020042440392901C46
:101930001849FFF779FE7080039A101D5946FFF78A
:1019400073FEB0801E4B5A464146521A52415343D1
:101950001B0DB371F571019A0792029B9C46674477
:10196000BF0047440ECE0EC7114B5A461380813B31
:10197000538001231C43A04657E7C046240100D0F2
:101980007C240020C00B002000ED00E0CD01001001
:1019900000A1FFFFF00B002001BDFFFF54BB0010B2
:1019A00028BD0010B0BA00107CBB0010A4BB001012
:1019B0000148000001BD000018BC001018BD001057
:1019C000AAAA0000F0B5CE46474680B583B006000F
:1019D0000D00EFF3108872B6564B1B68002BFBD03E
:1019E000BFF35F8F544B9A6834001034A300D7586C
:1019F000524B9F4207D0AF4200D198E00197504B25
:101A0000FB1A2F2B09D9424639003000FFF7F8FDA9
:101A100003B0C0BCB946B046F0BD3000FFF748FE89
:101A2000814600213000FFF75FFEBFF35F8FEFF3C9
:101A30000581002901D08C4211D10123019C9C43D6
:101A40000022A368AB4212D00622A256002A0DDB68
:101A500053009B189B002200394CE418F1E7362113
:101A6000384B394AFF31394801F0D6FC2200AB42ED
:101A700056D106256557002D38DB6B005B199A009F
:101A80002F4B9B189A68A260DA79E27106229A5667
:101A9000A2719B795BB2002B0FDA2D48A0806B00FE
:101AA0005B199B00264AD3182A4A11789971157040
:101AB00049463000FFF718FEA5E7201D6B005B19B3
:101AC0009B001F4A9B181A1D9B88D90A1C2907D105
:101AD0005B055B15023359005118FFF7A5FDDDE7E3
:101AE0001D4B1E4AB121194801F096FC002912D164
:101AF000002A0ED0FF239371194B9380154A137857
:101B0000A371184B0E49641A644163431B0D137093
:101B1000CEE70A4FF2E7201D1349FFF7A9FDC7E7FB
:101B20006A21124B084AFF31084801F075FC034F47
:101B300069E7C046240100D000ED00E0CD010010AF
:101B4000C00B002030BC0010F8BC0010B0BA001070
:101B500001BD00007C24002018BC001018BD00103E
:101B600001BDFFFFAAAA0000FA0B002064BC001010
:101B700070B5012101432E4BCB1A2F2B28D8EFF340
:101B80000583002B2BD0EFF3108C72B6294A126814
:101B9000002AFBD0BFF35F8F274A0400244D641B4B
:101BA00064416243120D54B2244A92689B00D25899
:101BB0008A421BD00022032A32D853009B189B0074
:101BC0001B49CB189B795BB2A3421FD00132F2E7CD
:101BD000C7211B4B1B4A49001B4801F01DFC9221E9
:101BE0001A4B184AFF31184801F016FC134A926844
:101BF0001749D150174B1A7882711C70BFF35F8F51
:101C00000C4B00221A608CF3108870BD0D0053003D
:101C1000991889006918FF268E710F4A8A80E9E7B2
:101C2000D1210E4B074A4900074801F0F5FBC04699
:101C3000C00B0020240100D0AAAA000000ED00E0A3
:101C40006CBC0010C4BC0010B0BA001094BC0010F2
:101C5000CD0100107C24002001BDFFFFA0BC0010BE
:101C60000022044B02E0044902C30132072AFAD9D8
:101C70007047C04600E400E08080808000B583B0FB
:101C80000100064B0093052300220548FFF761FC85
:101C9000002801DB1F23181A03B000BDA8BC0010E8
:101CA00081240020024B9C466144890001607047FA
:101CB0004000003410B50400FFF784FC0100200050
:101CC000FFF7F0FFFF232371BFF35F8F10BD10B547
:101CD0000400FFF777FC01002000FFF7E3FFFF237C
:101CE000237100236371BFF35F8F10BD034B9C46CC
:101CF000614489000160BFF35F8F7047400000348A
:101D000010B504000120FFF76BFC01002000FFF775
:101D1000EDFF10BD70B505000C00080000F000FFDD
:101D20000949200000F040FEFFF74CFC074B9C46A1
:101D30006044800068602C75D0231B061B786B758F
:101D4000A400034BE55070BD592000104000003442
:101D5000202200200A4B1A68EFF3108172B6136834
:101D6000002BFCD0BFF35F8F054B1B68BFF35F8F69
:101D700000221A6081F3108840BF002000217047C4
:101D80004824002010B5002922D003681B7B99420B
:101D90001ED8174B9C466144090183689C466144E8
:101DA0000C684968002A19D003681B7B9A4215D831
:101DB00083680F488446624412019A181068536879
:101DC000020001208B4201D80ED00020C0B210BD0D
:101DD000084B094A3C21094801F01EFB054B064A05
:101DE0003C21064801F018FBA242EFD8EDE7C046BF
:101DF000FFFFFF0F28BF0010A8C10010D4BE0010C5
:101E000010B500291ED0037B99421BD84B005B18EC
:101E1000033B0468A4466344002919D0002A1DD05E
:101E2000914221D0002A25D0047BA24222D8046806
:101E300050008018033820188170197800291FD1AC
:101E40001A7010BD104B114A6821114801F0E4FAD4
:101E5000104B114A6F310E4801F0DEFA0F4B0E4A5B
:101E600070210B4801F0D8FA0D4B0B4A712108483C
:101E700001F0D2FA044B054A6821054801F0CCFA7A
:101E800041701A70DDE7C0464CBF001014C200104C
:101E900068BF0010D0BF0010F0C10010DCBF001000
:101EA000E8BF001070B506000D001400002914D022
:101EB000002A14D0806873689847002806D0220052
:101EC00029003000FFF79CFF280007E02A002100CE
:101ED0003000FFF795FF200000E0100070BD080003
:101EE000FCE70000F0B583B00500009201930AAB57
:101EF0001C780BAB1F78002C26D003685A7B9442C9
:101F000007D10123002B19D1002C3BD1200003B0B5
:101F1000F0BD002C0CD01A7B944209D81A686300DB
:101F20001B19033BD3189B78002BEBD00123E9E767
:101F30003E4B3F4A68213F4801F06EFA3E4B3F4A14
:101F400067213F4801F068FA03689C7B002CDBD0D6
:101F500012D01A7B94420FD862001219033A196802
:101F60008C46624451789973002900D1D9730023BB
:101F7000937053701370C7E72C4B2D4A68212D487E
:101F800001F04AFA002C3AD02B681B7B9C4236D8D1
:101F90002C4BE3181B01AA6894466344009A1A600C
:101FA000019A5A60089A9A60099ADA602E68002CA1
:101FB0002BD030D0337B9C422DD863001B19033BC0
:101FC00032689446634400229A705A701A70717B8A
:101FD00022003000FFF766FF7073844200D095E75F
:101FE000287D009A019B00F027FD061E01D0002FDE
:101FF00017D00C9B002B00D188E71E7086E7124B90
:10200000124A3C210E4801F007FA114B114AA52152
:10201000084801F001FA054B054A6821054801F01E
:10202000FBF92868210000F03FFFE2E74CBF0010F9
:1020300014C2001068BF001000C0001020C20010C1
:10204000D4BE0010FFFFFF0F28BF0010A8C1001072
:10205000D0BE001004C20010F0B5DE4657464E4612
:102060004546E0B58BB00990002308938200B54B3C
:10207000D658370052E0B44BB44A3F21B44801F07F
:10208000CBF9B44BB44A3C21B44801F0C5F900295E
:1020900001D1002869D10021404600F0FBFEA0429A
:1020A00019D12A686B6806920793AB689846EB686B
:1020B0009A464346002B14D0002C18D03B681B7B5B
:1020C0009C4214D8631EFA68D35C08931B02184321
:1020D0003861002015E0A24BA24A8E219F4801F0F2
:1020E0009BF9A14B9F4A92219C4801F095F9994B8D
:1020F0009E4A4121994801F08FF900239A4698465B
:1021000000207B68BFF35F8F00221A6086F310887F
:102110004346002B32D1002800D10CE100F000FC36
:1021200002000B1EA7DB00200021069007917868B3
:10213000EFF3108672B601680029FCD0BFF35F8F01
:10214000396888464C7B002CD7D09AD0097B8C42CA
:1021500097D8874965182D01B9688C466544286869
:102160006968801A9941002991DD2A686B6809988D
:1021700000F062FC00239A469846C2E7089B1B02C7
:102180002343994651461800C04705000E007A685F
:10219000EFF3108B72B6136859424B41D9B2002B42
:1021A000F9D1BFF35F8F002E1EDB002E46DD3B69A9
:1021B000002B47D04B456DD100F0B2FB02000B1E47
:1021C0006EDB52197341002B70DB002B72DB002198
:1021D00004910131039102945146019141460091CD
:1021E0003800FFF77FFE4CE03B69002BDDD04B450C
:1021F00014D1069A079B521BB341002B14DB002B12
:1022000016DB0021049101310391029451460191A2
:10221000414600913800FFF765FE32E0554B514AC8
:10222000A1214E4801F0F8F801225242524BE6E754
:10223000454B464A3F21464801F0EEF8002E01D1B9
:10224000002DB4D13B68002C50D05A7B944237D13A
:10225000012100294AD1DA7B002A4DD19A7B002A3C
:1022600003D1DA7B002A5AD19C73DC73002C5CD03A
:102270003B681B7B9C4258D8FA68013C135D0133D4
:10228000135500233B617A68BFF35F8F13608BF3B4
:10229000108843E7374B334AA421304801F0BCF89B
:1022A000294B2A4A3F212A4801F0B6F8012252421E
:1022B000314B8AE7244B254A3F21254801F0ACF8F1
:1022C000002C0DD01A7B94420AD862001219033AEE
:1022D0001868844662449278002ABAD00121B8E78F
:1022E000264B274A6821274801F096F8264B274AB3
:1022F000F621244801F090F8002A0AD0197B8A427E
:1023000007D851008A18033A19688C466244547001
:10231000A4E71A4B1A4A68211A4801F07DF81C4BB1
:102320001A4AFB21174801F077F80A4B0F4A41215E
:102330000A4801F071F80BB0F0BCBB46B246A946A2
:10234000A046F0BD20220020CCBD001074C10010BA
:10235000E8BD001028BF0010A8C10010D4BE0010B6
:1023600028C000108CC1001040C00010CCC100106B
:10237000FFFFFF0F4CC00010FFFFFF7F4CBF00109E
:1023800014C2001068BF001088C00010E0C1001027
:10239000ACC0001010B50C4B5B68002B04D00A21B8
:1023A0000A48FFF77FFC10BD074C2300084A1021A4
:1023B000206800F07FFC032000F0A6FA0321200033
:1023C000FFF7A8FCEBE7C046080C002048240020DB
:1023D000851D001010B5064B5B68002B01D004482A
:1023E00010BD044B044A5E21044801F015F8C046B4
:1023F000080C0020C0C00010B4C10010D4BE0010F2
:10240000F0B5DE4657464E464546E0B58BB08046B1
:1024100016001F00149B9A46159B994616AB1B7815
:102420009B461F2302AA9446634400221A702BE0A5
:10243000002809D042461268127B904204D8421EFE
:102440004146C9688A5C41E0404B414A41214148CC
:1024500000F0E2FF07984CE0361BAF41002F07DB8E
:10246000002F11DA3C4B3D4A3F213D4800F0D4FF9C
:10247000012676423B4FF3E7374B384A3F21384835
:1024800000F0CAFF002F4FDB43465A68EFF3108479
:1024900072B6136859424B41D9B20791002BF8D15B
:1024A000BFF35F8F1F3302AA944663440493002353
:1024B000039302934B4601935346009332003B0033
:1024C0004046FFF70FFD031EB2D1020041464968A6
:1024D000BFF35F8F00250D6084F31088002B29D097
:1024E0001F2302A98C4663441B78002BB2D1120231
:1024F0001043002B20D05B46002B1DD04946D0470F
:1025000004000D0003000B431DD00029A4DB00F0E4
:1025100007FA06000F1EAFDB36196F41002FB1DA44
:10252000012676420F4FADE70B4B0C4A3F210C487A
:1025300000F072FF012040420BB0F0BCBB46B24637
:10254000A946A046F0BD0798F6E7C04628BF001090
:10255000CCC10010D4BE0010CCBD001074C100105E
:10256000E8BD0010FFFFFF7FF8B50400002900D18F
:1025700062E04268EFF3108572B613685842434137
:10258000D8B2002BF9D1BFF35F8FCBB22268567B54
:10259000B3421BD10120002848D0206988422BD0AB
:1025A000090AC9B2002B2ED02068007B83422AD8AA
:1025B000581EE668305C88422BD000206368BFF369
:1025C0005F8F00221A6085F31088F8BD002B0DD0B4
:1025D000167BB3420AD85E00F618033E1768BC4665
:1025E0006644B678002ED6D00120D4E7134B144AA7
:1025F0006821144800F010FF2C21134B134AFF31BF
:10260000134800F009FF134B134A4121104800F012
:1026100003FF1900100000F047FC0028CED19921DB
:102620000E4B0A4A49000A4800F0F6FE23698B4225
:10263000C4D100232361C1E70020C6E74CBF0010CE
:1026400014C2001068BF0010E4C000105CC100108C
:10265000D4BE001028BF0010CCC1001008C100106B
:10266000407D7047F0B587B006000F00EFF305839B
:10267000002B1FD106246442E517A4197D418D4229
:1026800002D803D1844201D900240025002D14DB97
:102690000494059500F044F902000B1E13DBA41A04
:1026A0009D41002D17DC14D03000390000F044F9B2
:1026B00007B0F0BD234800F049FF234B234A3F21D8
:1026C000234800F0A9FE204B204A3F21204800F07B
:1026D000A3FE002CE8D0FFF77DFE002302930193B8
:1026E0001C4B0093049A059BFFF78AFE002818DA1A
:1026F000DAE7002300E00023002BD5D1164B1A683F
:10270000EFF3108172B61368002BFCD0BFF35F8F1C
:10271000114B1B68BFF35F8F00221A6081F3108892
:1027200020BF0499059A0D4B5B6A9A42E3D80B4887
:10273000806A884203D29A42DBD00123DCE701237E
:10274000DAE7C0460CC10010CCBD001074C1001007
:10275000E8BD0010551D0010482400200040054031
:1027600070B504000D0000F0DBF802000B1E0ADB60
:10277000200029008018594100290ADB00290CDBC0
:10278000FFF770FF70BD084B084A3F21084800F072
:1027900043FE012040420749F0E7034B034A3F2133
:1027A000034800F039FEC046CCBD001074C10010D3
:1027B000E8BD0010FFFFFF7F10B5FA229200002352
:1027C000002102F0E1FEFFF7CBFF10BD70B584B031
:1027D00005000C00EFF30583002B1ED1FFF7FAFD77
:1027E000002302930193224B00932A002300FFF75A
:1027F00007FE061E23DD20BFFFF7ECFD3100FFF7CB
:10280000B3FE1C4B5B6A9C422DD81A4A926AAA42BC
:102810002CD29C4225D0012026E0164B5B6A9942BF
:1028200009D8144A926A824207D2994201D0012003
:102830001AE0002018E0002016E0012014E00D4B03
:102840005B6A9C4209D80B4A926AAA4207D29C4210
:1028500001D0012008E0002006E0002004E0012073
:1028600002E0002000E0002004B070BD0120FBE782
:10287000551D00100040054070B5EFF3058010387D
:10288000EFF3108C72B61A4B1B68002BFBD0BFF312
:102890005F8F01221300834016494B6316490B607A
:1028A000164909780C00C440224214D0114A546AD7
:1028B0008200134D5259944206D38200114C125992
:1028C00099430E4B197007E00A4A031D9B00995863
:1028D0009950002200E00022BFF35F8F044B0021DB
:1028E00019608CF31088002A00D0904770BDC04654
:1028F000280100D0004005403C70054080240020A5
:1029000054240020001C002010B50100024A034896
:10291000FEF706FE10BDC04638C200107B24002022
:10292000044B5B6A034A906A1900536A9942F9D1D1
:102930007047C04600400540084B5B6A01E0074B0A
:102940005B6A8B42FBD301E0044B5B6A8B4203D191
:10295000024B9B6A8342F7D37047C0460040054054
:1029600070B504000D00FFF7DBFF02000B00200034
:102970002900801859418B4202D804D1824202D9E1
:1029800001204042C117002902DBFFF7D5FF70BDCF
:10299000024B034A3F21034800F03EFDCCBD00102E
:1029A000FCC20010E8BD001070B504000D00EFF38C
:1029B000108672B61B4B1B68002BFBD0BFF35F8FDA
:1029C000002D1CD02000FEF79FFE174B83420BD03A
:1029D00019002000FEF7B2FE01212000FEF784FE60
:1029E0000123A340114A1360A400114BE550BFF32B
:1029F0005F8F0C4B00221A6086F3108870BDA20016
:102A00000B4B0021D1500122A2400A490B7893437D
:102A10000B7005492000FEF7D5FF00212000FEF7CE
:102A200063FEE4E7280100D07928001038600540F3
:102A3000001C002080240020F0B5DE4600B584B0E4
:102A40000400150001921E000293FFF769FF039531
:102A50008E4202D84ED185424CD9EFF3108B72B61C
:102A6000274B1B68002BFBD0BFF35F8F254A1778DD
:102A70000125A540EBB23B431370234B5D63221D40
:102A800092000199D150A2002049029850501B6A2F
:102A90002B4212D11C4B1B6C2B4208D00020BFF3E1
:102AA0005F8F174B00221A608BF3108823E0184BBE
:102AB000184AC521184800F0AFFCFFF731FF8E42DD
:102AC00014D802D1039B834210D80E4B1B78BB4213
:102AD0000ED00D4B1D625D631F2004400123A340F7
:102AE0000E4A1360074B1F701E38D8E70020D6E748
:102AF0000120D4E7012004B080BCBB46F0BDC04635
:102B0000280100D0802400200040054054240020EB
:102B10005CC20010E0C2001080C2001080E200E041
:102B2000EFF3108C72B60B4B1B68002BFBD0BFF37E
:102B30005F8F01238340084A136208490A789A4349
:102B40000A70BFF35F8F034B00221A608CF310886A
:102B50007047C046280100D0004005408024002076
:102B600010B500291ED0037B99421BD84B005B187F
:102B7000033B0468A4466344002919D0002A1DD0F1
:102B8000914221D0002A25D0047BA24222D8046899
:102B900050008018033820188170197800291FD13F
:102BA0001A7010BD104B114A6821114800F034FC16
:102BB000104B114A6F310E4800F02EFC0F4B0E4A9D
:102BC00070210B4800F028FC0D4B0B4A712108487E
:102BD00000F022FC044B054A6821054800F01CFC6B
:102BE00041701A70DDE7C0464CBF00101CC40010D5
:102BF00068BF0010D0BF001008C40010DCBF001078
:102C0000E8BF001070B506000D001400002914D0B4
:102C1000002A14D0806873689847002806D02200E4
:102C200029003000FFF79CFF280007E02A00210060
:102C30003000FFF795FF200000E0100070BD080095
:102C4000FCE7000010B50023437301338373037B5B
:102C5000C3730123027B9A4214D9002B0CD0027B50
:102C6000934209D85A00D218033A01688C4662444C
:102C70000133DBB25370EDE70B4B0C4A68210C4873
:102C800000F0CAFB002A09D0924207D8016853001D
:102C90009A18033A8A180023537010BD024B034A56
:102CA0006821034800F0B8FB4CBF00101CC40010A2
:102CB00068BF001010B5017342608360FFF7C2FF68
:102CC00010BD000070B50400081E00D170BD0029C1
:102CD00034D0237B994231D84B005B18033B2268E8
:102CE000944663445A78002AF0D02DD0237B9A4230
:102CF0002AD853009B18033B21688C4663445D78B7
:102D000000215970002825D0237B984222D8430007
:102D10001B18033B21688C46634400215970010055
:102D20002000FFF76FFF060029002000FFF7CAFF11
:102D3000020031002000FFF765FFC7E7084B094A92
:102D40006821094800F068FB054B064A68210648DF
:102D500000F062FB024B034A6821034800F05CFB71
:102D60004CBF00101CC4001068BF001070B50500F7
:102D70000C00160000292FD034D0037B994231D8A3
:102D80004B005B18033B0268944663445A78002A60
:102D90002ED19A78002A31D11978FFF793FF0300DA
:102DA000002E0AD0EA7B002A2ED1AA7B002A03D16A
:102DB000EA7B002A3BD1AC73EC73002B3DD1002C95
:102DC0004FD02B7B9C424CD82B6861000C19033CE4
:102DD0001C190023637070BD254B264A38212648F4
:102DE00000F01AFB254B264A6821264800F014FB08
:102DF000254B204A3A21204800F00EFB234B1D4A68
:102E00003B211D4800F008FB002A0AD0297B8A429A
:102E100007D851008A18033A29688C4662445470D6
:102E2000C3E7164B164A6821164800F0F5FA184B0E
:102E3000104A4221104800F0EFFA002B0BD02A7BF9
:102E4000934208D843001B18033B2A689446634406
:102E500000229A70B3E7094B094A6821094800F03B
:102E6000DBFA064B064A6821064800F0D5FAC04650
:102E700014C30010F4C300101CC300104CBF00109A
:102E80001CC4001068BF001070C3001098C300106D
:102E9000ACC0001070B504000A00457B2900FFF7A4
:102EA00065FF6073280070BD70B50400002967D00D
:102EB000437B8B420ED0002911D0037B99420ED860
:102EC0004B005B18033B0268D0188378002B0CD1B1
:102ED000002056E00121FFF7DDFF012051E0294BE2
:102EE000294A6821294800F097FA002B20D0227B3C
:102EF00093421DD85A00D318033B2268D218256884
:102F0000EB5C8B421AD0002B1BD0227B934218D84B
:102F10005A00D318033B2268D21853788B4216D03C
:102F2000002BF0D11A4B1B4A6B211B4800F074FA9E
:102F3000144B154A6821154800F06EFA4378137057
:102F400007E0104B104A6821104800F065FA4378FA
:102F5000537000238370437001222000FFF706FFA7
:102F60000200617B814205D02000FFF74BFE6073B9
:102F7000012006E0094B074A7121074800F04CFA8E
:102F8000002070BD4CBF00101CC4001068BF0010B2
:102F9000A0BC0010DCC300101CC30010BCC3001098
:102FA000F8B5DE4657464E464546E0B505000F00EB
:102FB00092460A9A934250D31A0E91461E020A9ADA
:102FC00000233000494601F013FC80466C00641970
:102FD000A400304B9C4664446368834200D2606026
:102FE0002B1FDBB29B46012B3DD9C0239B01234302
:102FF000802212011A60AB00274A9958002907D095
:10300000506901F0B7FB431C5800C0180338FDD2CB
:1030100053465A0123685A40E0231A4080235B013B
:1030200023431A605A46012A28D980239B0123434F
:10303000802212011A60434663604246002330003A
:10304000494601F0D5FBAD00134B58510120F0BCAF
:10305000BB46B246A946A046F8BD104B104A3321E4
:10306000104800F0D9F9012FBFD1C0239B012343A1
:1030700003221A60A368DB07FCD5C9E72168794001
:1030800003220A401A60A2680123BB401342FAD00F
:10309000CBE7C04600800040601D002028C400101F
:1030A0009CC400103CC4001030B583B00C2000F06C
:1030B0000BF9FEF715FA00280DD0002304E0990063
:1030C0002D4A2E4888500133092BF8D92A4B2C4A17
:1030D0005A6203B030BD2B4B00229A6700F066F9AC
:1030E000294B01221A60274B5B6C012BFBD1274B2C
:1030F00003221A60234B9B6B012BFBD101330093FE
:103100000433234A0121234800F04EF8052300939D
:10311000214A0121214800F047F8214B0093002269
:1031200002210420FFF73CFF1E4D00952B000022DA
:1031300001210520FFF734FF104C009423000022EA
:1031400000210720FFF72CFF00942300002200211C
:103150000820FFF725FF0A4B0093230000220021DF
:103160000920FFF71DFF00952B00002200210620FB
:10317000FFF716FFADE7C046601D0020006CDC02C3
:103180001BB70000008000403CB0004030B0004061
:10319000002F685900800240008C864700C0024022
:1031A000001BB70040597307F0B5C64600B50400D0
:1031B0000E0017001D00374801F0DCFA8046364B40
:1031C000FA18364B9A4239D80100380001F0D2FA89
:1031D0000200103A98235B009A4235D86B1E062BEA
:1031E00038D8069B013B062B34D83F09474537D3D7
:1031F0002D04069B1A0315432368002B36DB284B4E
:103200009C4244D080225201264B1A60264B1A6001
:10321000264B9B6811009943FAD12660A060231DBC
:10322000C02292011A43212313602368002BFCDA89
:10323000E5600823136080BCB846F0BD1C4B1D4AF6
:1032400011211D4800F0E8F81C4B1A4A19211A48B0
:1032500000F0E2F81A4B174A1C21174800F0DCF87E
:10326000184B144A2321144800F0D6F822683F2353
:103270001340B342C3D1A3681B051B0D8342BED1CB
:10328000E368EE22D2021340AB42B8D1D3E78022EA
:103290009201B9E7001BB70080E84BD380F8A93250
:1032A00000C0024000E0004000F0004000C00040CC
:1032B000ACC40010ECC500100CC5001068C50010AF
:1032C00084C50010D0C5001080239B000343014A31
:1032D000D362704700800540024B1A68024B5A6067
:1032E0007047C046102200200080054010B5020043
:1032F000164B8020C0051860154B16481860002931
:103300000AD0154BE021C9041960002A09D1124BDB
:10331000802212061A6010BD0C4BE021C90419600E
:10332000F3E753019B1A9800801800010B4B1860BB
:1033300080235B04984202D3084B094A1A60FFF7C6
:10334000CBFF054B8022D2051A60E4E700B00540B0
:1033500008200140FCFF010000A0054010220020D1
:10336000FFFFFF0010B5030010000C4A8024E405A5
:103370001460002B0DD001221343094A094CD4617B
:10338000094C5C401462516293620021FFF7AEFF6A
:1033900010BD034B0022DA61F7E7C04600B00540DC
:1033A00000800540D3C007B02D3FF84F064BAA223E
:1033B00012011A602F22DA60044B054A1A60024B90
:1033C0005B68002BFBDA704700400240006002405F
:1033D00000B0FA0000BEFDE703000A4A1268002AA6
:1033E00008D0084A1068C318074A9A4206D3054A0B
:1033F00013607047034A05491160F2E7012040421B
:10340000F7E7C046001E00200000042084240020AE
:1034100010B5FFF7DFFF000010B582B00C001900F7
:10342000002A0CD0084B002A0BD0019200932300F5
:103430000200064802F090FB0120FFF7CBFF044B8F
:10344000F1E7034AF1E7C046F8C5001008C60010CE
:1034500070B6001070B52B4B2B4A1A602B4B2C4AC0
:103460001A602C4B9A682A4B9343FAD12A4C01E0FC
:1034700008CC9847294B9C42FAD3FFF715FE234B03
:10348000274A1A60234B9B68DB43DB01FAD1254BAB
:1034900040229A675A671A67DA66234C09E0234B81
:1034A000234A87212348FFF7B7FF2000FEF702FCDD
:1034B0000834214B9C4209D22368002BF5D0012B04
:1034C000EDD12000FEF703FC0834F2E71B4CA168A5
:1034D0001B4DC022280002F099F9A560EFF3058387
:1034E000002B00D000BEFEF75DF8FEF7B9FBFEF73B
:1034F00051FF144C01E008CC9847134B9C42FAD37F
:1035000070BDC04600E00040BFCDFBFE00F00040B3
:10351000FE7F3C0000C000404816002058160020E6
:10352000FFFFFF0100F001404016002038C60010E8
:10353000C8C6001058C600104816002000ED00E074
:103540000000002058160020601600200FB400B5BF
:1035500083B0084802F0D0FA049B002B07D005A9DD
:103560000191180002F0D8FA034802F0C5FA0120D0
:10357000FFF730FFB8C60010DCB20010704710B57E
:10358000002802D00B684968984710BD0100002050
:1035900007E083001B185B00501C08601078C018FF
:1035A00030380A681378303BDBB2092BF1D9704709
:1035B000F0B5DE4657464E464546E0B583B09346E5
:1035C0001F000C9B9A460D9C0E9B99460F9B9B07D8
:1035D00003D0B8460F00060022E00192A3468846B9
:1035E0004E46B9460700B44207D2551C4B464146E9
:1035F0002020B84701342A00F5E73D004F465C46DD
:10360000019B9B46B1464646B84637002E0007E070
:10361000013C551C5346185D43463900B0472A000B
:10362000002CF5D135003E0047460F9B9B0707D481
:10363000100003B0F0BCBB46B246A946A046F0BDA0
:10364000B0464E46B9462F005D46531BB342EFD2FB
:10365000541C4B4641462020B8472200F5E7F0B500
:10366000CE46474680B585B0944698460C9D0D9C45
:103670000EAB1B789946109A119B129EB7071CD46B
:10368000002B0CD0F7070AD54F46002F02D10C377C
:10369000374204D0013B02E030272F5501349442D9
:1036A00001D21F2CF8D9F70707D59C4205D21F2C51
:1036B00003D830272F550134F5E7F70615D57705E0
:1036C00005D4002C03D0944224D09C4222D00F9ADF
:1036D000102A2BD00F9A102A30D00F9A022A35D0F8
:1036E0001F2C02D830222A5501341F2C05D84A46F7
:1036F000002A31D02D222A550134039602930194D9
:10370000009543466246FFF753FF05B0C0BCB9467B
:10371000B046F0BD621E012C06D00F9F102F01D0C5
:103720001400D4E7023CD2E71400D0E7B206D1D4AB
:103730001F2CCFD878222A550134D1E7B206CCD538
:103740001F2CCAD858222A550134C9E71F2CC7D8C4
:1037500060322A550134C3E7720703D52B222A555C
:103760000134CAE73207C8D520222A550134C4E7FC
:10377000F0B5DE4657464E464546E0B593B0814625
:103780008A46089209931CAB10CB1B789B461E9D62
:10379000219B9846002C03D1102342469A43904621
:1037A0008023DB0046461E4042461A4212D0002CBF
:1037B00022D000260EE03033D9B2771C0AAB9955DF
:1037C0002900200000F0D6FFAC4216D31F2F14D8DA
:1037D0003E0004002900200000F0CCFFCBB2092BF2
:1037E000E9D94246920605D54121C918C9B20A391C
:1037F000C9B2E2E76121F8E7270043460693209B20
:1038000005931F9B049303955B46029301970AABB4
:103810000093099B089A51464846FFF720FF13B0D2
:10382000F0BCBB46B246A946A046F0BDF0B5DE46A8
:1038300057464E464546E0B595B0089009910A9224
:103840000B931E9E1F9C20AB1B789B46229B994688
:10385000239D269B9A463300234303D110335246BF
:103860009A4392468023DB0057461F4052461A4235
:1038700019D0330023432DD0002714E03033DAB2BF
:103880007B1C98460CABDA554A462B0030002100D1
:1038900000F0AEFFA5421FD819D043461F2B1BD8FE
:1038A000474606000C004A462B003000210000F07D
:1038B0009FFFD3B2092BE1D95246920605D541228A
:1038C000D218D2B20A3AD2B2DAE76122F8E7B145A9
:1038D000E3D901E00023984653460693259B0593C0
:1038E000249B04934B4603935B4602934346019308
:1038F0000CAB00930B9B0A9A09990898FFF7AFFE4F
:1039000015B0F0BCBB46B246A946A046F0BD0000CB
:10391000F0B5DE4657464E464546E0B591B0834683
:103920008A460C9298461A9C08941B9D0995220081
:103930002B002000290001F0EEF9002800D0E5E07E
:1039400001225242D74B2000290001F0DFF9002864
:1039500000D0DBE001225242D34B2000290001F0CD
:10396000BFF9002800D0D1E000220023089E3000DB
:10397000099D290001F0B4F9002800D0DDE0089885
:103980000999069007918023DB001E9A1A400D9238
:103990001E9A1A4201D106231C9306980799040027
:1039A0000D000A000600024300D1D1E0080D4005D9
:1039B000400DBE4CA44660440A03120BBC4B13439B
:1039C0001F0001F0BBF9BB4ABB4B01F03EF9BB4AFB
:1039D000BB4B01F013F904000D000022B94B30007D
:1039E000390001F002F9B84AB84B01F02EF9020093
:1039F0000B002000290001F001F901F0B7F9814620
:103A000001F09CF904000D00B14AB24B01F01DF920
:103A10000022B14B01F0F2F801F0A8F90600AF4A1C
:103A2000AF4B2000290001F010F904000D00300018
:103A300001F084F9AB4AAC4B01F007F902000B002E
:103A40002000290001F0D1F804000D0002000B0055
:103A500001F0FBF80A900B91A44BF31800261F0508
:103A600022002B002000290001F0C8F80E900F91D1
:103A700022002B0000208021C90501F0B6F80400C7
:103A80000D0000229A4B0A980B9901F0C0F8002211
:103A9000984B01F0B3F802000B000A980B9901F063
:103AA000B6F80022944B01F0A9F802000B000A9826
:103AB0000B9901F0ACF802000B002000290001F086
:103AC0009DF802000B000E980F9901F0A0F800225B
:103AD000774B01F093F832003B0001F0B6F8060096
:103AE0000F0004000D00069A079B01F00FF9002853
:103AF00030D001235B429C46E14400227D4B3000E4
:103B0000390001F084F804000D0023E01E9B0493AB
:103B10001D9B03931C9B0293089A099B009201939F
:103B200043460C9A5146584600F0FCF811B0F0BCE0
:103B3000BB46B246A946A046F0BD0023002406932A
:103B40000794069680231B069C46654407951AE752
:103B5000002399464B466333C62B1ED804261E9B72
:103B60001B0526D52B0023430FD0644A644B0698CF
:103B7000079901F0C3F8002879D00022614B06981C
:103B8000079901F0ADF8002871D01C9B4B4506DD6C
:103B90004A46981A431E1C9303E00526DFE70023DC
:103BA0001C938023DB001E9A1A431E9200260023DA
:103BB00099461D9B9E4264D29F1B02231E9A1A4067
:103BC0000A921E9A134202D0002E00D000274B46C4
:103BD000002B07D022002B000698079901F017F858
:103BE00006900791002200230898099901F078F8BF
:103BF000002848D1444B1E9A1340049303971C9B02
:103C00000293069B079C0093019443460C9A5146ED
:103C1000584600F087F8002E00D187E71E9B9B06D0
:103C20003DD54525441C4346020051462800D8474F
:103C30004B46DA179B18534005220592013E049625
:103C4000002203920A3202924A46D00F019000935A
:103C50004346220051465846FFF78AFD0A9B002B37
:103C600000D163E702005F460C9E1D9D54E01C9B43
:103C7000002B9ED00D9B002B9BD01C9B013B1C93CB
:103C800097E7002799E7069C079D220029008020DE
:103C90000006844661440B0006920793AAE7652557
:103CA000C0E7C046FFFFEF7FFFFFEFFF01FCFFFF14
:103CB0000000F03FFB799F501344D33FB3C8608BA3
:103CC000288AC63F0000F83F61436F63A787D23F51
:103CD00071A379094F930A400000E03F1655B5BB28
:103CE000B16B0240EF39FAFE422EE63FFF030000BF
:103CF00000002C4000002440000018402D431CEB25
:103D0000E2361A3F80842E41FFF7FFFF541C4346E2
:103D100051462020B8472200931BAB42F6D3100037
:103D200004E7C046F0B5DE4657464E464546E0B588
:103D300095B00690079193469946209F1E9A1F9B27
:103D40001000190000F0E7FF002831D10122524293
:103D5000BF4B1E981F9900F0C3FF002837D10122E6
:103D60005242BC4B1E981F9900F0D0FF00283DD155
:103D70000022B94B1E981F9900F0C8FF002850D1AF
:103D80000022B64B1E981F9900F0AAFF002848D1C8
:103D9000002200231E981F9900F0A2FF002850D196
:103DA00000239846229B5B0500D4B6E0002458E02F
:103DB000229B0393219B029303230193A84B00931F
:103DC0004B465A4607990698FFF7F2FB0EE1229BF5
:103DD0000393219B029304230193A24B00934B4630
:103DE0005A4607990698FFF7E3FBFFE00423229A5F
:103DF0001A4022990B4210D09B4B002A0FD004226C
:103E00002299039121990291019200934B465A46BF
:103E100007990698FFF7CCFBE8E0944BEDE7032207
:103E2000EEE7229B0493219B039302971E9B1F9C0A
:103E3000009301944B465A4607990698FFF768FD90
:103E4000D4E01E9A1F9B0020002100F0CEFE1E90A1
:103E50001F9101239846A5E70CAB30221A55013F6C
:103E600001341F2C01D8092FF6D81E981F9900F095
:103E70007DFF050000F062FF02000B001E981F99F5
:103E800000F0B3FEFA007A4B9B181A685B680A923E
:103E90000B9300F0DAFE0890099100F08BFF06000A
:103EA00000F048FF02000B000898099900F09DFE01
:103EB0000890099100226F4B00F028FF00282ED0B7
:103EC0000136300000F036FF02000B000A980B9913
:103ED00000F00CFF002801D001350026002F2CD166
:103EE000280000F02BFF02000B001E981F9900F025
:103EF0007CFE06000F0000225E4B00F0F1FE002861
:103F000046D100225B4B3000390000F0FFFE002854
:103F10003ED1EB073CD501353AE0062746E70022C3
:103F2000544B0898099900F0DBFE0028D6D1002EEA
:103F300001D0F307D2D50136D0E7AA461F2C11D8FD
:103F4000013F0A21300000F015FC651C30310CAB3C
:103F500019550A21300000F00DFC092E0ED906007B
:103F60002C00EBE755461F2C0CD87B1E002F09D0E8
:103F70000CAA302111551F000134F4E72B005546DF
:103F80001C00F0E71F2C03D80CAB2E221A5501346D
:103F90001F2C10D80A21280000F0C4FB661C303109
:103FA0000CAB19550A21280000F0BCFB051E01D0FE
:103FB0003400EDE734000323229A1340012B1CD078
:103FC0001F2C06D84346002B32D00CAB2D221A559D
:103FD0000134229B0393219B029301940CAB009329
:103FE0004B465A4607990698FFF7E2FA15B0F0BC1F
:103FF000BB46B246A946A046F0BD219B002B13D07C
:104000004346002B02D10C3313420FD0219B013BBE
:104010002193190003E00CAB30221A5501348C4275
:10402000CED21F2CF7D9CBE72199F8E72199F6E7F3
:10403000229B5B0704D50CAB2B221A550134C8E731
:10404000229B1B07C5D50CAB20221A550134C0E7B3
:10405000FFFFEFFFFFFFEF7F65CDCD4165CDCDC108
:10406000E4C60010E8C60010DCC60010D8C6001078
:10407000D0C800100000E03FF0B5DE4657464E467F
:104080004546E0B593B082468B4690461193002991
:1040900000D1EBE200275546119B1878002800D18B
:1040A000E7E2252809D07C1C43463A005946A84738
:1040B000119B013311932700EEE701331193002484
:1040C000119A11780B00203BD8B2102803D8830036
:1040D000D048C3589F460B00303BDBB2092B2CD98C
:1040E0002A292FD000230A93119B1A782E2A39D01F
:1040F00000239A46119A1378683BD9B2122976D8D0
:104100008B00C549CB589F4601231C4301321192B5
:10411000D6E702231C4301321192D1E704231C434A
:1041200001321192CCE708231C4301321192C7E7F8
:1041300010231C4301321192C2E711A8FFF726FA9F
:104140000A90D1E71C9B1A1D1C921868002804DBFA
:104150000A90119B01331193C6E702231C4343428B
:104160000A93F6E78022D20014435A1C11925A781F
:104170001300303BDBB2092B04D92A2A07D00023D5
:104180009A46B7E711A8FFF701FA8246B2E71C9BEF
:104190001A1D1C921868002804DB8246119B01330B
:1041A0001193A7E70020F8E780235B002343511C0D
:1041B000119152786C2A01D01C0018E0C0239B009A
:1041C0001C430131119112E080232343511C1191B2
:1041D0005278682A01D01C0009E0C0231C43013139
:1041E000119104E080235B001C4301321192119B6A
:1041F00018780300253BDAB2532A00D92CE2930049
:10420000864AD3589F4680239B001C43013211925B
:10421000EDE780235B001C4301321192E7E7782829
:1042200009D0582838D06F2838D0622838D01023C9
:104230009C430A2600E01026582833D0692803D072
:10424000642801D00C229443630501D501229443D4
:1042500069282AD0642828D0A30500D59FE0E3056B
:1042600000D5B8E0630600D4CAE01C9A111D1C9169
:104270001168FF220A4005940A9B04935346039356
:10428000029600230193009243463A0059462800C3
:10429000FFF76EFA070027E01026CDE70826CBE7E8
:1042A0000226C9E720221443C8E7A30520D4E3056A
:1042B00050D4630666D51C9A111D1C911168FF220B
:1042C0000A40D317D118594005940A9B04935346CA
:1042D00003930296D20F0192009143463A00594649
:1042E0002800FFF745FA0700119B01331193D3E62D
:1042F0001C9BDA1D07218A43110008311C911168AB
:1043000053689C46DB170C930D930C9A0D9B100081
:1043100048400E90624653400F930E980F990C9AA6
:104320000D9B801A99410E900F9108940A9B079358
:10433000534606930496002305936346DA0F0292D0
:104340000090019143463A0059462800FFF76EFA63
:104350000700C9E71C9A111D1C911268D317D118C8
:10436000594005940A9B0493534603930296D20F37
:104370000192009143463A0059462800FFF7F8F9A8
:104380000700B1E7230605D51C9A111D1C910023D7
:10439000D25E96E71C9A111D1C91126891E71C9B36
:1043A000DA1D07218A43110008311C9108940A9BE9
:1043B00007935346069304960023059302931368CC
:1043C00054680093019443463A0059462800FFF789
:1043D0002DFA070088E71C9A111D1C9105940A9B71
:1043E00004935346039302960023019313680093AA
:1043F00043463A0059462800FFF7BAF9070073E729
:1044000023060DD51C9A111D1C9112681204120C62
:1044100031E7C046F0C6001034C7001080C7001056
:104420001C9A111D1C91126825E746281AD01C9B66
:104430000733072293431A0008321C9204940A9A05
:104440000392524602925C681B68009301944346B3
:104450003A0059462800FFF765FC0700119B01331D
:10446000119319E620231C43E1E7672801D0472870
:1044700002D180231B011C43452801D0472801D1CC
:1044800020231C431C9B0733072293431A00083246
:104490001C9204940A9A0392524602925C681B682A
:1044A0000093019443463A0059462800FFF730FA3A
:1044B0000700119B01331193EEE502231A002240FD
:1044C000924623421FD001241C9B1A1D1C927A1C69
:1044D0009146187843463A005946A8475346002B60
:1044E00016D1119B013311934F46D5E5561C434617
:1044F00059462020B847230032005C1C9D42F5D865
:104500003D001700E0E701233A002F000A9DF4E781
:104510004A46A9460A9D06E0571C434659462020B4
:10452000C84734003A00661CA542F5D84D4691466E
:10453000D7E71C9B1A1D1C921B6899465346002BFB
:1045400000D1013B4E4601E0013613003278002ACB
:1045500002D05A1E002BF7D14B46F21A109280233C
:10456000DB0026001E401C4203D0524501D95346B1
:10457000109302231A0022400B92234205D03A00E6
:1045800037004C46A946554620E03A00109B5F464E
:10459000B3462E0006E0551C434639002020B047A4
:1045A00023002A005C1C0A999942F4D835005E4623
:1045B000BB46109437004C46A946554606E01D0000
:1045C0000134561C43465946C8473200207800281B
:1045D00004D0002FF4D06B1E002DF0D117004D46F3
:1045E0000B9B002B03D1119B0133119354E50A9FC0
:1045F000109B06E0561C434659462020A84723003E
:1046000032005C1C9F42F5D81700ECE721231C43C5
:104610001C9B1A1D1C921B6800930594082304938D
:1046200053460393102302930023019343463A0019
:1046300059462800FFF79CF80700119B013311939E
:104640002AE57C1C43463A0059462520A847119B81
:104650000133119327001FE57C1C43463A0059465D
:10466000A847119B01331193270015E50A4B9A4681
:1046700010E5AA46474502D343465A1E00E03A00D9
:10468000434659460020D047380013B0F0BCBB4623
:10469000B246A946A046F0BD7D35001000B585B0F4
:1046A000029003910121009313004A4202A902489B
:1046B000FFF7E2FC05B000BD7F3500100148042182
:1046C000014B1847300C0020ED46001010B50100DA
:1046D00018231B8814221088984710BD10B50100BC
:1046E00018231B8816221088984710BDF0B5C646BF
:1046F00000B507000E0000250123984600E00135B3
:10470000B5420AD2AC003C192068FFF7DFFF2060F9
:104710000028F4D100239846F1E7404680BCB84613
:10472000F0BD0000124A936F9B0815D29066D166C7
:10473000002905D0FFE7FFE7FFE7516F106F7047D3
:1047400004B580210906C2175140002800D0C84393
:1047500006F0CAFC002104BDF0B5146E556E576F0B
:10476000166FFFF7E3FF1466556657671667F0BDCF
:10477000000000D0114A936F9B0813D21066516657
:10478000002905D0FFE7FFE7FFE7516F106F704783
:1047900004B5002801D00020C04306F0A5FC00218C
:1047A00004BDC046F0B5146E556E576F166FFFF717
:1047B000E5FF1466556657671667F0BD000000D028
:1047C00094464A4A926F9208624601D228E0C04657
:1047D000F0B5464E346E756E776F366F00F020F888
:1047E0009446424A14665566576716676246F0BD9E
:1047F00094463E4A926F9208624601D254E0C04607
:10480000F0B53A4E346E756E776F366F00F04CF837
:104810009446364A14665566576716676246F0BD79
:10482000002B24DB11D000293EDA00B5C9434042F9
:1048300000D1013100F038F8C943404200D10131C4
:10484000DB43524200D1013300BD002AEBD10028E6
:1048500001D1002905D00020C90FC90701D1C043EB
:10486000410800B506F030FC0022002300BD00B571
:1048700000290ADBDB43524200D1013300F014F877
:10488000C943404200D1013100BDC943404200D17B
:104890000131DB43524200D1013300F005F8DB4324
:1048A000524200D1013300BD002923D1002B18D181
:1048B000002A0CD0BC460D4F38667A6600210023D2
:1048C000FFE7FFE7FFE77A6F386F6746704700281A
:1048D00001D00748010000B506F0F6FB00220023D6
:1048E00000BD02000B00002000217047000000D036
:1048F000FFFFFFFF002B00D0BFE0130C28D1002AE0
:10490000E7D080B4114F39667A66FFE7FFE730B42D
:10491000040C7B6F396F1B0423433B667A66FFE709
:10492000FFE7FFE7C04684B27B6F3D6F1B04234364
:104930003B667A66FFE7FFE7C04600232C042D0C98
:104940007A6F386F00196941B0BC7047000000D021
:10495000F0B594460025140E01D112020835140F4B
:1049600001D112010435940F01D192000235D40F08
:1049700001D152000135D40B0134254F7C66254C02
:104980003C660E0C93B2FFE7FFE7FFE73C6F664320
:10499000360C7703BE467343DF0B5B04C01AB94184
:1049A000130C7343DB18C91ACE086643360CB644A1
:1049B00093B273431F0F1B01C01AB941130C734309
:1049C0001F0B1B05C01AB941860D8F023E4366437B
:1049D000360C092D24DB520A7243801A7703460AEB
:1049E0006643360C16235B1BDE40DF40BF1964466E
:1049F0006643821B7046043506330100D940A84047
:104A0000C01900D30131A24206D20023F0BD00003C
:104A1000000000D0FFFFFFFF121B0130F3D3F1E7CE
:104A200009277F1BFE406446A2B27243801A00D25F
:104A30000139220C7243130C1204821A99410B00A3
:104A40007046043513370100F940A840801900D39F
:104A50000131002B02D1A2420AD2F0BD013000D3B5
:104A60000131121BFAD2013BF8D1A24200D2F0BDB3
:104A7000013000D30131121BF7E7F0B51C0C00D058
:104A800080E00CB400251C0A04D11B02160E33432F
:104A9000120208351C0B04D11B01160F33431201FF
:104AA00004359C0B04D19B00960F334392000235D2
:104AB000DC0B02D192185B4101351C009718644150
:104AC0000134464F7C66464C3C660E0CFFE7FFE720
:104AD000FFE7C0463C6F6643360C7703BE4697B28D
:104AE0007743C01B00D20139C01B00D201399FB2ED
:104AF0007743C91BC91B170C77437E04FF0B801B30
:104B0000B941CE086643360C0C2D33DBB644120B8C
:104B10001F053A431B0B97B27743C01B00D20139E4
:104B20009FB27743C91B170C77433E043F0C801B91
:104B3000B941860D8F023E43664329277F1BFE4005
:104B40000C3D7746AF40BF1930BCA2B2ABB2724346
:104B50007343801A9941220C7243130C1204801A79
:104B6000994102000B000137001BA941F9D2781EC0
:104B70000021F0BD0C277F1BFE4077467F0BAF4026
:104B8000FF19E0E700245D1C07D0144F7D663966ED
:104B9000FFE7FFE7FFE7FFE73C6F95B29EB2654393
:104BA0006643401BB141150C1E0C65436643360439
:104BB0002F0C3E432D04401BB141994204D2020008
:104BC0000B0020000021F0BD01D19042F7D3801AE4
:104BD000994101349942F2D3F6E70000000000D079
:104BE000FFFFFFFF48404140484018B41B4B5B6843
:104BF000FC46019308BD04DF574F001018B4174B53
:104C00001B68FC46019308BD00DF614F001094460D
:104C1000134A926F920809D2624618B40F4BDB68B0
:104C2000FC46019308BD0CDF195200100C4AF0B588
:104C3000146E556E576F166F6246FFF7EEFF084A07
:104C40001466556657671667F0BD18B4034B9B682A
:104C5000FC46019308BD08DFBD500010442200202F
:104C6000000000D0FFB550404240504059404B40FA
:104C7000594000E0FFB5154F4C00640D03D0BC4215
:104C800004D10C0314D80020090D09055C00640D43
:104C900003D0BC4204D11C030AD800221B0D1B0503
:104CA00001264B4009D44B4003D58B4200D18242B0
:104CB000FFBD9942FCD19042FFBD0B43DB1803437B
:104CC0001343F5D0C9434918FFBD0000FF0700009A
:104CD00000B5FFF7CFFF01D0002000BD012000BDCF
:104CE00000B5FFF7C7FF804100BDC04600B5FFF724
:104CF000C1FF01D9002000BD012000BD00B5FFF7B4
:104D0000B1FF01D9002000BD012000BD00B5FFF7B3
:104D1000A9FF804100BD012040054A00121804D8B7
:104D20005A00121801D80020704701207047002057
:104D3000704700000021002805D17047C117484086
:104D4000401AFAD0C90713B5064B1B6898470CBC2C
:104D5000441CA2401005120B0349091B0905194305
:104D6000114310BD442300201F04000010B54C0067
:104D7000620D8023D218DB00D21A5B057E2A10DD7B
:104D80009E3A13DACC170903490819435242D1401D
:104D9000640001341532202A05DAD040084360430C
:104DA00010BD002010BD0846604310BDC80FC018DC
:104DB000013810BD18B4044B5B6AFC46019308BD72
:104DC00024DFC953001000004422002018B4044B13
:104DD000DB6DFC46019308BD5CDFD554001000007C
:104DE00044220020C94211D300B5490049080022DD
:104DF00000F018F8002904D4002240428A411146EC
:104E000000BD80210906002000BD000018B4044B3D
:104E1000DB6EFC46019308BD6CDFD7530010000029
:104E20004422002018B4044B9B6FFC46019308BD3C
:104E300078DFF353001000004422002018B4044B24
:104E4000DB6FFC46019308BD7CDF6154001000005D
:104E50004422002070B513231C78012C14D0012C9F
:104E600014DC022C02DC1F4A1F4B9A641F48FFF718
:104E70002DFC1F4B186070BD99001A481A4A8850C3
:104E800001331F2BF8D9EAE70023FAE71948FFF7A7
:104E900025FC05001848FFF721FC023803789B0029
:104EA0007F2B19DD802229000F4800F0AFFC022C77
:104EB000D7D1124B1A88B5231B029A4209D1104B45
:104EC0001A88104B9A4204D10F4B1A880F4B9A4202
:104ED000C7D00020FEF73AFB0D4B0E4A32210E4898
:104EE000FEF79AFA1D4F0010442200204C330000B8
:104EF000442300205344000053460000543800006F
:104F0000D8380000494600009C380000594600008F
:104F100020C90010D8C9001074C9001007B5604638
:104F2000002800D100BE01880A0A0230DF2AFAD127
:104F3000C9B2820804D3028840880004104300E00C
:104F40000068024A5050039007BD00004422002030
:104F50000FB403BC0CBCF0B50124E407634000E0CF
:104F6000F0B50C0DCF0F661E3605891B640503D303
:104F7000C943404200D30131640D03D0661CF60AD8
:104F800007D0E41B00207F00791C89078912803C30
:104F900024031D0DDF0F6E1E36059B1B6D0503D30D
:104FA000DB43524200D301336D0D03D06E1CF60A71
:104FB00007D0ED1B00227F007B1C9B079B12803DCE
:104FC0002D032F1B661B58D4A446202E46DA20370B
:104FD0001400BC401D00BD40F24033412A438018FC
:104FE0005941CB0F05D0C943C04300226442504110
:104FF000514162464D0D28D10D0D07D100281FD01B
:10500000241940414941013A0D0DF9D0640006D3FD
:10501000013000D30131002C01D140084000013A99
:105020000BD4941CE40A04D112051144DB07194483
:10503000F0BDD907204B194300E0D9070020F0BD8F
:105040000029DDD1002CDBD1F0BD0132C6074008BC
:10505000CD0728434908002EE1D0D9E73C2E29DAB4
:10506000203E40371400BC4000D00124F2401443DD
:105070001A00BB401C43D317ACE7AC46202F08DA1C
:1050800020360400B4400D00B540F84039412843B3
:10509000A5E73C2F0CDA203F40360400B44000D096
:1050A0000124F84004430800B1400C43C117EAE76B
:1050B00010001900002494E70000F07FF0B50C0DFB
:1050C000661E3605891BE60A6405640D02D0651C60
:1050D000ED0A04D0002001210905803C2403A446E8
:1050E0001C0D671E3F05DB1BE70A6405640D02D03B
:1050F000651CED0A04D0002201231B05803C24031B
:105100007740644497B484B296B27443070C7E43EC
:10511000150C6F4380B26843361802D30120000497
:105120003F183004350C00197D41844688B29AB28C
:1051300050430C0C62431F0C7C438EB27E43921989
:1051400002D301263604A4191604170C3618674139
:1051500001BC81B29AB25143040C62431B0C5C4304
:1051600080B25843121802D30120000424181004FE
:10517000130C401863412D185E410020474106BCC6
:1051800088B293B258430C0C6343120C544389B257
:1051900051435B1802D301210904641819041A0C45
:1051A000091862416D1856410020474118BCF902A8
:1051B000720D1143F0026A0D1043ED020A0D03D186
:1051C0006D1940414941013B124E9B1B7600B34291
:1051D0000ED26D0007D3013000267141664635437B
:1051E00001D1400840001B05C918E4072144F0BD67
:1051F0000BDA013306D1013004D101314F0D01D05A
:105200004908F2E7E1070020F0BD01363105002032
:10521000EBE70000FF030000F0B51C0D671E3F0523
:10522000DB1BE70A6405640D02D0661CF60A04D095
:10523000002201231B05803C2403D0252D060026D7
:10524000F6432E661E096E66CE0FF619B446490067
:105250004F0D02D07E1CF60A03D000200021403FF3
:105260003F033E1BB600B444013F7F05C91B4908FC
:105270002E6F013676089C02950D25437543ED137C
:105280007543AD1301356D10F603761B0CB4CC02DB
:10529000450D2C43A2B2B3B25A43270C7B43350CC5
:1052A0006F43A4B26C431B1902D3012424043F1999
:1052B0001C041D0CA4187D4124196D41009A91B263
:1052C000ACB26143170C7C432B0C5F4392B25A4340
:1052D000A41802D301221204BF182204230C52186E
:1052E0007B41019C6C431B19520ED9010A434401B6
:1052F000A01A81B2B2B2514303145A43360C73431D
:1053000087B27743D617D21900277E4136049B19FE
:105310001704160C7F185E417316ED18F301002672
:1053200080337541A90F06D16400690AE8055B0A5C
:10533000184309D22FE00422944480337541A90A0E
:10534000A8059B0A184326D3404149412404009AEA
:10535000019B0D005543641B4343E41A95B286B28A
:105360007543170C7E43030C5F4392B25A43B61841
:1053700002D301221204BF183204330C52197B41AC
:1053800052429C41002C02D400220130514140087D
:10539000CA071043490802B06246D7079210084B6B
:1053A000D218084B9A4203D212058918C919F0BDC8
:1053B0000020002A01DC3900F0BD01331905F5E7B2
:1053C000FD030000FE070000002200B5203200F0BF
:1053D00010F8080000BD002200B500F00CF8CA1754
:1053E0009A4200D100BDD8430121C907414000BD08
:1053F00000220B150AD410B5944600F0A7F8141437
:10540000013400DA0021CB17144C20470020002182
:1054100070476244343A0CD40C2A07DA04009140F5
:10542000904052422032D440214310BDD843D9434A
:1054300010BD203207D40C46944052422032114114
:10544000D040204310BD0800C917203203D4524277
:105450002032104110BD1800190010BD1354001067
:105460004A00520D144BD21A13DDFF2A1EDAD20560
:10547000CB0FDB071A43C300400F0903490A084357
:1054800010435B0001D301D0013070474308FBD2C9
:10549000704702D0C80FC00770470A0312130132C9
:1054A000F8D1420F072AF5D1012200E0FF22C80FF0
:1054B00000028018C00570478003000000210A0028
:1054C000002104E000210A00C11704E000220023AB
:1054D00006E0C0460022CB1758405940C01A9941F7
:1054E00030B5184CA21A002903D1010010D00020B9
:1054F000203A4C1512D104D2013A001849414C0D02
:10550000FAD3114CA24204D212058918DB07C9183C
:1055100030BDD243520D00200021F5E703D4013AFB
:1055200000184941FBD50B324405C00A4D052843FC
:10553000C90A640003D0002460416141E1E7E0D37F
:105540004408F8E732040000FE0700000A0DCC0F03
:10555000531E1B05C91A520503D3C943404200D349
:105560000131520D03D0531CDB0A07D0121B00205F
:105570006400611C89078912803A1203014BD21A18
:1055800070470000FF03000051434343C9188C4695
:10559000110C83B24B4310B4040C614392B280B23D
:1055A000504362431C041B0C001910BC59411304E6
:1055B000120CC018514161447047000007B54840C3
:1055C0004140484001E0C04607B54200120E03D0FA
:1055D000FF2A03D1420218D8C00DC0054A00120E9E
:1055E00003D0FF2A03D14A020FD8C90DC9050122F1
:1055F000414005D4414001D5814207BD884207BDE5
:105600000143491801D0C043001807BD00B5FFF79A
:10561000DBFF01D9002000BD012000BD01231B06D6
:105620004200D21804D84A00D21801D8002070478E
:105630000120704741000A0E80231B067E2A0BDDE5
:105640009E3A0BDAC1174002400818435242D0403C
:10565000490001314843704700207047C00FC0180F
:1056600001387047C0420DD300B54000400800210A
:1056700000F012F8002801D4404200BD802000064E
:1056800000BD0000034BDB69FC4618471CDFD957FF
:10569000001000004823002000239C46014B5B6A59
:1056A000184700004823002070B513231D782A48AE
:1056B000FFF714F80400012D11D0012D09DDA31E00
:1056C0001B789B007F2B40DD80222100234800F0C7
:1056D0009DF82348FEF7FAFF224B186070BD542254
:1056E00001001E4800F092F81F4B1A881F4B9A4287
:1056F0001CD1A7239B011A881D4B9A4216D11D4B22
:105700001A881D4B9A4211D11C4B1A8894239B0175
:105710009A420BD11A4B1A881A4B9A4206D11A4B4D
:105720001A681A4B9A4201D1152307E01848FDF771
:105730000DFF99001748094A885001331F2BF8D9EB
:10574000144A064B1A62DA61B7E7134B134A422137
:105750001348FDF761FEC046534600004823002071
:105760004C33000044230020EE290000C40F000049
:10577000C20D0000962B0000C0B50000182B0000E1
:10578000CC2A000010B50000FC2C000051ED87640D
:1057900070B60010A5570010ECC9001084CA0010A4
:1057A00020CA001007B56046002800D100BE01885D
:1057B0000A0A0230DF2AFAD1C9B2820804D3028869
:1057C00040880004104300E00068024A50500390F3
:1057D00007BD0000482300200021C215803280321E
:1057E00001D0024A1047002070470000CD2A000077
:1057F00001480421014B1847400C0020ED460010E1
:10580000014B1B6818470000400C0020014B5B68EF
:1058100018470000400C002010B5030008001100DC
:105820001B68984710BD0000F8B507000D00160072
:10583000437D002B02D0002400200CE003681100FF
:10584000280098472DE03B7D10E0022115483B6879
:105850009847601C0134B44214DA002CF3DD2B1994
:10586000013B1B780D3B5A425341DBB22A5D0A2AA9
:10587000F0D1002BEED1A042E7DA211A28183B68BC
:105880009847E2E7B04203DA311A28183B68984794
:10589000002E06DDAD19013D2B780D3B5A425341D8
:1058A0003B75F8BD90CB001070B505000368002B68
:1058B00016D00C4B1C6805E0290004C92000FFF736
:1058C000B3FF2469002C09D02368002BF9D0064BC4
:1058D0001B68002BF0D0A342F3D1EDE700232B602F
:1058E00070BDC046F01D0020FC1D002070B50500F5
:1058F0000C000B68802B05D021684B1C23606418BA
:10590000257170BD0800FFF7CFFFF5E7F0B583B054
:1059100007000E000092019328E0A368002B04D03A
:10592000310038009847002827DC2469002C06D075
:10593000134B1D68002DF0D0A542F6D1EDE700997C
:10594000019A104B5B6A9A4209D80E48806A8842D5
:105950000FD29A4201D0012302E0002300E000238D
:10596000002B08D101200021FCF7FAFF064B1C6830
:10597000DCE70123F4E70120404203B0F0BDC0465C
:10598000FC1D002000400540F01D002010B5FCF774
:10599000C7FF02000B1E0BDB0D48002112184B4104
:1059A000002B0BDB002B0DDB0A4805F0CDFB10BDF7
:1059B000094B0A4A3F210A48FDF72EFD01225242B7
:1059C000084BEFE7044B054A3F210548FDF724FD4E
:1059D00040420F0040160020CCBD001078CB0010D4
:1059E000E8BD0010FFFFFF7F10B5024805F064FB23
:1059F00010BDC04640160020F0B5CE46474680B5E3
:105A000083B006000D0090461C00FFF7BFFF8146E3
:105A10006B1C05D0002C08D0194F1A4B1C6807E0EE
:105A2000300002F0C3FF0500F4E7174FF5E72469E3
:105A3000002C17D02368002BF9D0144B1B68002BC7
:105A400001D0A342F3D12A0031002000B8474346D9
:105A5000002BECD06B46D91D0A230B7001222000CD
:105A6000B847E4E74B46002B07D16B1E9D41E8B2D7
:105A700003B0C0BCB946B046F0BDFFF7B5FFF4E7D0
:105A800019580010F01D002029580010FC1D00209E
:105A900010B582B004006B46D81D047000230022AC
:105AA0000121FFF7A9FF200002B010BD094A01E063
:105AB00010331A001368002B08D08342F8D1002954
:105AC00007D1036913600023036102E0002900D0BD
:105AD00010607047F01D002010B5064B1C6801E0F7
:105AE00098472469002C03D06368002BF8D1F8E7AD
:105AF00010BDC046F01D002070B5050002F056FF35
:105B000004000023012201002800FFF775FFFFF7C2
:105B1000E3FF200070BD000070B5A2B004000E00CD
:105B2000FFF734FF0500002301933300220001A991
:105B30000848FEF7B3FD040001A8FFF7B5FEFFF724
:105B4000CBFF002D02D1200022B070BDFFF74CFF2B
:105B5000F9E7C046ED5800100FB400B583B004A9B2
:105B600001C90191FFF7D8FF03B008BC04B0184782
:105B700010B500F077F910BD30B583B004000025F2
:105B8000FCF7CEFE02000B1E10DB12196B41002B3E
:105B900012DB002B14DB012101A8FFF7B7FE002860
:105BA00002DB13D001AB187803B030BD0B4B0C4AAD
:105BB0003F210C48FDF730FC012252420A4BE8E736
:105BC000064B074A3F210748FDF726FC9E21074B5D
:105BD000074A49000748FDF71FFCC046CCBD00102E
:105BE00078CB0010E8BD0010FFFFFF7F08C1001058
:105BF00064CB001008CB001070470000014B00225E
:105C00001A7070477D2400204B79FF2B0CD18B79C3
:105C1000002B0BD1CB79012B0AD1082A0AD98A781B
:105C2000054B1A70092000E0002070470020FCE7B7
:105C30000020FAE70020F8E77D24002001207047CB
:105C400070B504000D000348FEF740FD0300290075
:105C5000200098475542000010B5012926D111793E
:105C600053791B020B43124909788B4201D0002063
:105C70001DE05378012B03D0022B10D0002016E03A
:105C80009178D3781B021943DB0506D54B0A012016
:105C900098407F231940FFF7D3FF0020F9E76422E3
:105CA00000210020FDF75EFB012000E0012010BD77
:105CB0007D240020012303700048704794CB00101E
:105CC00010B50B784878000218438A781204104304
:105CD000CB781B0603439622D200934200D010BD1E
:105CE00000210800FFF7ACFF024B1860024B19605F
:105CF0007047C046101D0020141D002010B5024B37
:105D00001878FBF7F9FC10BD7E24002070B5134B0A
:105D10001B68002B1DD0114B1968EFF3108372B66E
:105D20000A68002AFCD0BFF35F8F0C494B60002249
:105D30000B4802700968BFF35F8F0A6083F3108815
:105D400000240025074B1878FBF7D6FC200029001B
:105D500070BDFA24A4000025F4E7C04618220020F4
:105D60007F2400207E24002010B584B000212D481F
:105D700005F0C2F900283AD12B4B1B68002B3ED00E
:105D8000294B1968EFF3108272B60B68002BFCD018
:105D9000BFF35F8F24494A6024480378012463409D
:105DA000DBB2012404700968BFF35F8F0020086034
:105DB00082F31088002B22D0FCF70CFB0400FCF7C8
:105DC000AFFD02000B1E1CDBFA2080000021121820
:105DD0004B41002B1BDB002B1DDB0121029100211D
:105DE0000191134900912000FCF70AFB07E0012014
:105DF0000021404201F0F0F80A4805F05DF904B0D6
:105E000010BD0C4B0C4A3F210C48FDF705FB01224D
:105E100052420B4BDFE7074B074A3F210748FDF78C
:105E2000FBFAC0464C240020182200207F240020CA
:105E30000D5D0010CCBD001040CC0010E8BD00107E
:105E4000FFFFFF7F10B5054B1868002804D0044BF6
:105E50001968002200F0E6FD10BDC046101D0020AC
:105E6000141D002010B584B0D0231B061C68FCF75D
:105E7000B1FAFCF7F5FBA0422AD1324B1B7801F0B6
:105E800093FD3148FBF716FF0120FBF7F7FEC0B288
:105E90002E4C20702E49FBF751FC20780121FBF796
:105EA00023FC0520FBF738FC041E17D000222949EB
:105EB0000520FBF76DFCFBF785FB01002648FBF78F
:105EC00015FF01212548FFF7F1FD200004B010BDAA
:105ED000234B244AB2212448FDF79EFAFCF77AFAB4
:105EE0000400FCF71DFD02000B1E1BDBFA208000E6
:105EF000002112184B41002B1ADB002B1CDB012167
:105F0000029100210191194900912000FCF778FAD3
:105F1000C443E40F082200210F48FFF771FC002C56
:105F2000D3D0CEE7124B134A3F211348FDF774FA42
:105F300001225242114BE0E70D4B0E4A3F210E4821
:105F4000FDF76AFAA8D700104C2400207E24002018
:105F5000695D0010FD5C001018220020500C00202C
:105F600064BC001030CC0010ACCB00100D5D0010F4
:105F7000CCBD001040CC0010E8BD0010FFFFFF7F3B
:105F800010B5002001F030FA10BD000070B505001A
:105F90000C00FFF7F5FF002845D0002001F046FA7D
:105FA000002843D0FCF7BCFC02000B1E21DB22487A
:105FB000002112184B41002B21DB002B23DB1F4853
:105FC00005F0C2F8002834D0FFF7DAFF002804D02B
:105FD000002001F02BFA00281BD1012000214042B3
:105FE00000F0FAFF03246442144805F065F820002D
:105FF00070BD134B134A3F211348FDF70DFA0122E0
:106000005242124BD9E70E4B0E4A3F210E48FDF784
:1060100003FA22002900002001F014FA041EE3D143
:1060200003246442E0E703246442E0E7032464427B
:10603000DDE703246442DAE740420F004C240020ED
:10604000CCBD001040CC0010E8BD0010FFFFFF7F6A
:10605000F0B5C64600B580460C00FCF761FC0200B6
:106060000B1E0FDB3748002112184B41002B0FDBB2
:10607000002B11DB344805F067F8002812D180BCF2
:10608000B846F0BD314B324A3F213248FDF7C4F9E2
:1060900001225242304BEBE72C4B2D4A3F212D4839
:1060A000FDF7BAF9FFF76CFF002849D12B4B002010
:1060B000002118605960244804F0FEFFDFE701204A
:1060C0000021404200F088FF002001F0CFF9FFF7E7
:1060D00057FF0028EFD0002001F040FA002820D020
:1060E000A542E8DA661B002001F038FA0200864279
:1060F00000DC3200002AE2D043465919002001F0AA
:1061000011FA060001200021404200F065FF002046
:1061100001F0ACF9AD19FCF703FC104B18605960A5
:10612000DEE7FCF7FDFB0D4B1E685F680C4A0023A1
:1061300092197B419942BED8D2D19042D0D9BAE7C8
:106140000025CDE740420F004C240020CCBD0010BC
:1061500040CC0010E8BD0010FFFFFF7F601700205B
:1061600020A1070000487047D8CC001000487047B5
:1061700084CC001010B50400154B1B78002B0ED0FA
:10618000002C11D1134B144A5A80012301335B00B8
:106190001BB2C022920013430E48038010BD112190
:1061A0000B4800F025F8EBE7052C0ED8A4000B4BAC
:1061B000E4580023122BE9D8E25C002AE6D0013330
:1061C000590004484252DBB2F4E70020E6E7C0463B
:1061D00064240020C81D002009040000ECCC00103D
:1061E00010B5024800F034F810BDC0463C22002033
:1061F00010B5002901D000230AE0114B114A1F31CC
:106200001148FDF709F900240DE03732C25401337B
:106210004A1E9A420FD90F2B0DD85A080B4CA25C7C
:10622000DC07F0D40424224114000F222240092A62
:10623000EBDC3032EAE7C0180023037010BDC04623
:1062400004CD001070CD00100CCD00103C220020B9
:1062500070B588B0040004AD002604960922002120
:1062600005A8FFF7CDFA00960922002101A8FFF743
:10627000C7FA4B232B700D226946280004F014FF47
:10628000002304E05A1D69468A5CE2540133072B5F
:10629000F8DD08B070BD000002007F201040D20978
:1062A000400080184001014BC0187047101E0020AC
:1062B00010B5038B3F333F229343022915D0124C74
:1062C0002268C260D31823609C0610D10F4C624034
:1062D000634080246401A3420FD8890611438023C0
:1062E0001B0619434368196010BD5B00E7E7084BC4
:1062F000084A54210848FDF78FF8084B054A5621F3
:106300000548FDF789F8C04614220020000010500F
:1063100018CF00104CD0001048CF0010B8CF00109C
:10632000F8B505000E001400FFF7B6FF7F232B40E1
:10633000EF0985707A427A4142700022C27006836A
:10634000C476012F0DD0DA0012498C466244826077
:10635000826800211160002B09D143600E4BC3609D
:10636000F8BDDA000D498C4662448260F0E7012FE7
:1063700009D0013BDB000A4A944663444360210094
:10638000FFF796FFECE7013BDB00064A94466344C7
:106390004360F4E78400105000011050800010505A
:1063A0000C0010500800105070B50C001500FFF7DD
:1063B00073FF2A00210000F00DF970BD10B5002810
:1063C00004D101210520FBF78FF910BDD521034B26
:1063D000034A49000348FDF71FF8C04600D00010EB
:1063E0003CD0001048CF001010B5002805D1002285
:1063F00000218020FFF7D8FF10BDDB21024B034AAC
:1064000049000348FDF708F800D000102CD0001018
:1064100048CF0010024B80225202DA647047C04617
:106420000020115070B5041E26D100F0ADF8164DB5
:106430000C23AB67FF2215490520FBF7A9F9402281
:1064400000211348FFF7DCF9002240210020FFF76C
:1064500067FF002240218020FFF762FF04F06CFEFE
:1064600001232B6480239B05EB649023094AEA50A7
:106470002000FFF7CFFF70BD8621074B074AFF3191
:106480000748FCF7C9FFC04600001150A1040020D6
:10649000101E002010D0010000D0001060D00010AD
:1064A00048CF00100B785B0602D14B78052B00D04B
:1064B00070478A78014B1A60FAE7C0460000115015
:1064C00010B50C0000280DD1097963791B020B432C
:1064D0005B05590DE2789207920FA078FFF720FF35
:1064E000012010BDFC21034B034AFF310348FCF798
:1064F00093FFC04600D000101CD0001048CF001001
:1065000010B504F019FE10BD10B50400080011000C
:106510001A00002C03D1FFF747FF012010BD034BE9
:10652000034A04490448FCF777FFC04600D0001036
:106530000CD000100A02000048CF001010B508006F
:106540004B0605D1CB09012B0AD00222054B9A66D6
:10655000FFF7A2FE80221201002104F00DFE10BD03
:106560000122F3E70020115010B508004B0600D1BE
:1065700010BDFFF791FE0023C3700022014904F013
:10658000FBFDF5E7FFF7FFFF10B580235B040C4A26
:1065900013600C4A13600C4B9A6880235B0493438E
:1065A000F9D10A4C9C2200212000FFF729F9802212
:1065B000520100210648FFF723F90923636710BD44
:1065C00000E0004000F0004000C00040000011501A
:1065D0000000105070B504000D001600837E002BE3
:1065E00017D1A6820023E3820133A3762561200020
:1065F00004F092FD002804D0094A902380218902EA
:10660000D150200004F068FD002805D00123237735
:1066100070BD04F0A9FDE4E7200004F09DFDF7E75C
:106620000020115070B5050000240CE063001B1918
:10663000DA00184B1B689B18002B2AD05B682800D7
:1066400098470134E4B2144B1B78A34210D3134A89
:10665000002A0BD0A342E9D8E31ADBB2002B18D1F1
:106660005A00D218D2000E4B9B18E5E72300F5E73D
:106670000C4C532200212000FFF7C2F8E01C10222E
:10668000FF21FFF7BDF8200013302022FF21FFF784
:10669000B7F870BDBC17002078240020B55C00104E
:1066A0000CD20010E41A002010B5FFF7BBFF00F079
:1066B000F1FD10BD70B505000C001600C86800F0B3
:1066C000F3FDE368320001212800984770BD000007
:1066D000F0B5DE4657464E46C0B582B0009001394F
:1066E000C8B2FFF743FD002800D18CE043789A46FA
:1066F000022B00D089E0C5796A11013B4B491A4051
:1067000014010A781027BA4322430A70AD112B40B6
:106710005B01D2B22024A24313430B70060009365A
:106720008278C478240214430419A64264D2737890
:106730000B2B09D001239B467378042B6CD1A31B30
:106740009BB29946002525E0F3789B463378F618EE
:10675000F2E76F007F19FB00354A1768FF182BE03E
:106760002B0022E0BA68334B9A4234D1D34632E050
:106770002E482B00019F3A003100133001F0A2F99E
:10678000BC4666442C4B1B78AB42CED200203DE089
:106790000135EDB2284B1B78AB42F3D3274A002AD0
:1067A000DED0AB42D5D8EB1ADBB2002B36D15F007E
:1067B000FB18DB00224FFF18002F31D04A46310072
:1067C0000098BB68984701900828E1D98145DFD33C
:1067D0005B46012BC6D000229345C9D9B3789B18DC
:1067E000DBB21249C918C978FF291BD10F49CB1850
:1067F000DD700132D2B2EFE7124B002B14D000E073
:1068000000BF012002E0002000E0002002B0E0BC58
:10681000BB46B246A946F0BD0020F7E70020F5E7E9
:106820000020F3E70020F1E70120EFE7E41A002061
:10683000BC1700207976001078240020B55C001089
:106840000CD200100000000070B505000C00CB78E1
:1068500088780F2B50D89A002E498A589746FFF710
:1068600081FC020012232100280000F0D9FC44E042
:10687000294B002B42D000E000BF021E40D081789F
:10688000C3781B020B432100280000F0C9FC34E050
:10689000022B09D0214B002B34D000E000BF0200B6
:1068A000002A05D1002028E0FFF760FC0200F7E78E
:1068B0009178D3781B020B432100280000F0B0FC34
:1068C0001BE02379617909021943FFF753FC021E8B
:1068D0001AD003782100280000F0A2FC0DE0104B34
:1068E000002B13D000E000BF021E11D0037821005E
:1068F000280000F095FC00E0002070BD0020FCE7BF
:106900000020FAE70020F8E70020F6E70020F4E78F
:106910000020F2E780D1001000000000000000001D
:1069200000000000024B5878431E9841C0B27047E7
:10693000E41A0020024B18784007C00F7047C04689
:10694000E41A0020034B1878FF38431E9841C0B268
:106950007047C0468C0C002070B50400FFF7F2FFB2
:10696000061E01D0300070BD532200212348FEF7DF
:1069700047FF234D2800FBF79DF9224B1D60224D58
:1069800028001430FBF7BCF9280001F0F0FB1F4B86
:106990001D601F4B002B04D01E48FFF78BF91E4BC8
:1069A000186000250BE06B005B19DA001A4B1B68BE
:1069B0009B18002BD6D01B6898470135EDB2154BBC
:1069C0001B78AB4210D3124A002A0BD0AB42EAD854
:1069D000EB1ADBB2002BC5D15A00D218D2000F4BF4
:1069E0009B18E6E72B00F5E70D4B1C702000FFF726
:1069F00019FD2000FFF7E2FC0126B3E7E41A0020AE
:106A00009C1A0020381B0020700C00203C1B00202A
:106A1000B55C001078240020BC1700200CD20010B8
:106A20008C0C0020F0B585B007000E00150001ACFD
:106A30000C2200212000FEF7E3FE0823637002977A
:106A400003962900200004F06FFB05B0F0BD0000A4
:106A500070B50C00094B1D788B7870221A4201D05A
:106A6000002070BD064B9978200000F0EFFF002851
:106A7000F7D021002800FFF723FDF2E78C0C00205F
:106A8000E41A0020F8B5CE46474680B581460C0092
:106A900017001E00089B9846002504E0099A137011
:106AA0002378E4180135AF4214DD6378052B16D145
:106AB000E1788907890FB14213D121004846FFF7D9
:106AC000C7FF002807D0A378DA09012AE6D042469A
:106AD0001370E5E70120C0BCB946B046F8BD002000
:106AE000F9E70020F7E7000010B57F200840C9094A
:106AF000400040183030044908180330034B19682F
:106B000000F05EFF10BDC046E41A0020381B0020D4
:106B100010B57F200840C9094000401830300449B2
:106B200008180330034B196800F072FF10BDC0460F
:106B3000E41A0020381B0020F8B5CE46474680B541
:106B4000194800787F250D40CE096F00174CE419D5
:106B5000A4193034E478E40704D50020C0BCB94659
:106B6000B046F8BD114CE419A4193027B946A14428
:106B70004C46E4780127BC4667463C4327004C4618
:106B8000E770FFF7C1FC0028E8D16D00074B5D19E5
:106B9000AE193036F37801229343F370F378033261
:106BA0009343F370DAE7C0468C0C0020E41A00200F
:106BB00070B50F4B18787F240C40CD0962000D4B47
:106BC0009B185B193033DB789B0700D570BDFFF74E
:106BD000B5FC6300074CE41864193034E3780222F2
:106BE0001343E370E37801221343E370EEE7C046FA
:106BF0008C0C0020E41A002070B50F4B18787F240D
:106C00000C40CD0962000D4B9B185B193033DB78CB
:106C10009B0700D470BDFFF7A7FC6300074CE41886
:106C200064193034E37802229343E370E378013A45
:106C30009343E370EEE7C0468C0C0020E41A00207A
:106C40007F220A40CB09520003498918C918303104
:106C5000C8788007C00F7047E41A0020F0B5C64618
:106C600000B582B005000C00002000F01DFB237869
:106C700060221340602B00D185E1402B0FD0227899
:106C8000D206D20E012A00D1C9E0022A00D10FE1BA
:106C9000002A11D0002002B080BCB846F0BDC74B1E
:106CA000002B00D171E1180000F0FEFA2200012152
:106CB000280000E000BFEEE7202B0AD0002B00D018
:106CC0006BE16378092B00D969E19B00BC4AD3587A
:106CD0009F4623790F2B00D959E1BA4AD318DB78A4
:106CE000B94A002A05D0B94A1278934211D39B1AA7
:106CF000DBB2002B00D04CE15900CB18DB00B449CB
:106D0000C918002900D146E122002800FFF7D2FC73
:106D1000C1E75900CB18DB00AE4A1168C918F0E78B
:106D2000200000F0C7FAA1782800FFF75DFBA54A14
:106D3000137802210B4313700120ACE7A14B5B7861
:106D40006A460632137001232100280000F068FA19
:106D50000120A0E7A6789B4B5B78DBB2B34205D05D
:106D6000984B5B78002B09D1002E13D1954B5E70A8
:106D70002100280000F038FA01208CE72800FFF7F6
:106D8000BFFB904FBB7898462800FFF74BFC43466B
:106D9000BB70E9E731002800FFF79AFC0028E5D135
:106DA00079E721002800FFF74FFD74E7A278E37828
:106DB0001B021343012B01D000206CE7814A13789A
:106DC00008210B4313702100280000F00DFA012068
:106DD00061E7A278E3781B021343012B01D0002066
:106DE00059E7784A137808218B4313702100280053
:106DF00000F0FAF901204EE7724B1A785109920817
:106E000001230B4002210A4013436A4606321380D5
:106E100002232100280000F003FA01203BE7237938
:106E20000F2B00D9BDE0674AD318D978664B002BE9
:106E300005D0664B1B78994228D3C91AC9B20029DC
:106E400000D0B0E04B005B18DB006149C918002995
:106E500000D1AAE022002800FFF72CFC002800D077
:106E600019E7237860221A4200D014E763780A3BBE
:106E7000012B00D90FE700F017FA63780A2B0CD02A
:106E80002100280000F0B0F9012004E74B005B1856
:106E9000DB00504A1168C918D9E76B469A1D0023D8
:106EA000137001332100280000F0BAF90120F2E646
:106EB00021797F220A40CE097020084277D1520002
:106EC000404882189219D27C3F48002805D03F489C
:106ED0000078824212D3121AD2B2002A15D156007B
:106EE000B218D2003A4EB618002B10D0002E60D047
:106EF000220031002800FFF7DDFBCCE65600B21877
:106F0000D20034480668B618EEE70026ECE763784E
:106F1000012B12D0032B10D0002B01D00020BAE699
:106F20002800FFF78DFE6B469A1D1080022321007A
:106F3000280000F075F90120ADE6A778E27812028A
:106F40003A4304D1012B1AD02800FFF731FE002E5E
:106F500031D0220031002800FFF7ACFB002000F008
:106F6000A3F9184A3423D35CDB07D80F002B00D0D9
:106F700091E62100280000F037F901208BE6280077
:106F8000FFF73AFEE3E7002085E6002083E60020D5
:106F900081E600207FE600207DE600207BE60020E1
:106FA00079E6002077E6002075E6002073E60020F1
:106FB00071E600206FE601206DE6C046000000008B
:106FC000C0D10010E41A0020B55C00107824002025
:106FD0000CD20010BC17002030B585B000F0E9FCE1
:106FE000002808D105B030BD01AC2078FFF75CFB6C
:106FF00022795D4B9A705D4B1C68210014316269E7
:10700000EFF3108072B61368002BFCD0BFF35F8FD4
:10701000486001A9200001F04DF86269A369BFF33F
:107020005F8F0021116083F310880028DAD001AB54
:107030005B78082BDFD89B004D4AD3589F4601ABA5
:107040001878FFF731FB4B4B002BD4D000E000BF8A
:10705000D1E7454B1A78012401210A431A703322E3
:10706000995CA1439954995C04208143995401325D
:10707000995CA1439954995C8143995401AB187868
:1070800002A9FFF7EBFD0028B5D101AC2078002163
:10709000FFF754FA20788021FFF750FAABE701ABF5
:1070A00019797F220A40CC0950002F4B1B181B195D
:1070B0003033D8780125A843D870D8780335A84351
:1070C000D870002A1FD05200274B9A181219D37C6F
:1070D000294A002A05D0294A127893421AD39B1ACA
:1070E000DBB2002B00D07DE75A00D218D200244B2F
:1070F0009B18002B00D175E71C6901A84279039BFE
:107100000078A04777E701A84279039B007800F058
:10711000DFF870E75A00D218D2001A4B1B689B1890
:10712000E7E7114B1B78DB0700D464E7164B002B15
:1071300000D160E70C4B18780007C00F00E000BFDB
:1071400059E7094B1B78DB0700D454E70F4B002BA2
:1071500000D150E700E000BF4DE7029B002B00D1BB
:1071600049E70398984746E7E41A00203C1B0020B3
:10717000E8D1001000000000B55C00107824002069
:107180000CD20010BC17002000000000000000001E
:10719000F8B50500124B9F89DE89B91B89B20B1C1B
:1071A000402900D940239CB20D4B1B785BB2002BC9
:1071B00008DB0021B74211D00A4A23002800FFF75C
:1071C000BBFCF8BDB74201D18021F3E7044B9968BD
:1071D00022000448FEF71AFB8021EBE70022ECE7CF
:1071E000881A0020A41A002070B506000C000B4D70
:1071F00008222800FEF70AFB0023AB60EB81AB817D
:107200000023E356002B06DB802100230022300000
:10721000FFF792FC70BD0021F7E7C046881A0020F6
:10722000F0B5C64600B580460C0016001D00184F8C
:1072300008223800FEF7EAFABE600023FB81A3793A
:10724000E179090219430B1CA94200D92B1C99B200
:107250000F4A9381A279E3791B02134309D00029D5
:1072600001D0002E12D04046FFF792FF80BCB846F6
:10727000F0BD0023E356002B06DB80210023002213
:107280004046FFF759FCF1E70021F7E70020EDE762
:10729000881A002010B5142200210248FEF7B0FA27
:1072A00010BDC046881A0020014B18617047C046C7
:1072B000881A002010B50100044C08222000FEF7B7
:1072C000A5FA0023A360E381A38110BD881A0020E2
:1072D00070B505001C00C9092D4B1B78DB098B42DA
:1072E00011D0002C50D12B4B002B02D02849FFF796
:1072F000D9F8274B1B69002B03D0254A032128000E
:107300009847012070BD224B1B785BB2002B07DB36
:107310001F4B9868002839D022001F49FEF776FAE3
:10732000A2B21B49CB89D3189BB2CB818A681219B0
:107330008A60CA88934201D03F2C21D8144B1B6924
:10734000002B05D0124A02212800984700280DD0B2
:107350000F4B1B785BB2002B06DB80210023002241
:107360002800FFF7E9FBCDE70021F7E7002128001F
:10737000FFF7E4F880212800FFF7E0F80120C1E7DB
:107380002800FFF705FFBDE70020BBE70020B9E7B5
:10739000881A0020A5640010A41A002070B504000B
:1073A00005001035280000F06FFE3F2801D80020AE
:1073B00070BDE1780020FFF797FB0028F8D0280087
:1073C00000F062FE3F2808D992239B00E218E17882
:1073D00040230020FFF7B0FBEAE7E1780020FFF749
:1073E00097FB0020E4E7000010B50400FFF79AFACD
:1073F00000280CD10022002A11D0B2239B00634345
:107400000948C0180379DB070BD5012008E0FFF716
:1074100091FA002801D10122EDE70022EBE70020DC
:1074200010BD0020FCE7C046C017002010B5B223F5
:107430009B0058431030024BC01800F0F4FD10BD03
:10744000C017002070B5B2239B005843064BC518E7
:1074500092B21030C01800F04EFE04002800FFF772
:107460009DFF200070BDC046C017002070B505000C
:10747000FFF758FA002804D10023002B09D100207F
:1074800070BDFFF757FA002801D10123F5E700236B
:10749000F3E7B224A4006C432034214BE4180434F5
:1074A000200000F0C0FD002801D10020E8E7B22252
:1074B00092006A431A4B9B1899780020FFF714FB3F
:1074C000002801D10020DBE7B226B6006E43A223DC
:1074D0009B009C466644124BF61840223100200067
:1074E00000F009FE041E0ED0B220800068430C4D4F
:1074F0002D18A978230032000020FFF71DFB00287B
:107500000CD02000BCE7B22080006843044D2D1849
:10751000A9780020FFF7FCFA0020B1E70020AFE7D0
:10752000C017002070B50500B224A40044432034E5
:10753000094BE418043492B2200000F013FE060058
:10754000200000F070FD3F2801D8300070BD2800F9
:10755000FFF78CFFF9E7C046C017002010B5B22333
:107560009B0058432030034BC018043000F08CFDC2
:1075700010BDC046C0170020F0B5CE46474680B5C6
:1075800083B0B222920000212848FEF739F9002684
:10759000002E04D003B0C0BCB946B046F0BD234FA6
:1075A000B224A40074433D19FF236B710023984655
:1075B0001F4AEA8001222A81AB72EB7208232B73E7
:1075C00021003831C919F833994620001030C0190C
:1075D0004346009301334A4600F0E7FC210039316D
:1075E000FF31C91920002030C01904300123009355
:1075F0004A4600F0DAFC8E239B00E3189946B94412
:107600004846FAF757FB4346EB614B462B62902303
:107610009B009C466444E4192000FAF74BFB2C6362
:1076200043466B630136F6B2B2E7C046C01700208E
:1076300000C2FFFF70B50025002D00D070BDB22440
:10764000A4006C430B4EA01905220021FEF7D8F8C8
:1076500020001030801900F08AFD2034A419043471
:10766000200000F084FD0121200000F09FFD013585
:10767000EDB2E1E7C0170020F0B583B006004B790A
:10768000022B50D18B79022B51D10023002B08D033
:107690000027002F4DD08B783B700C780C190925F2
:1076A00011E0B224A4005C4325480019807800282A
:1076B00002D00133DBB2E9E7214FE719E9E721788E
:1076C0004D19ADB264186378242B01D19542F6D9D7
:1076D000052B09D06378042B02D163790A2B10D0D3
:1076E0003800FFF75BFE1FE021003000FFF7B0F924
:1076F000002820D0A3787B7022785519ADB2A41849
:10770000E8E721784D19ADB26118BB1C0193FB1C51
:107710000093022302223000FFF7B4F900280CD0B6
:107720000E35ADB2DCE70025280003B0F0BD002522
:10773000FAE70025F8E70025F6E70025F4E7C0465C
:10774000C0170020F8B51400127860231340202BD6
:1077500000D07FE0444A0025002D00D07CE0167860
:10776000277963791B023B439E4206D00135EDB277
:10777000B2239B009C466244EEE76378222B31D013
:1077800009D8202B11D0212B03D1012923D001208E
:1077900061E000205FE0232B05D1012949D00329B6
:1077A0004CD0012057E0002055E0012903D00329E7
:1077B00008D001204FE0063207232100FFF730FDFB
:1077C000012048E0294B002B48D0911D2800FEF7EE
:1077D00077FA01203FE0063207232100FFF720FD62
:1077E000012038E0012903D0032906D0012032E02E
:1077F0002100FFF7F9FC01202DE0A178E3781B02BE
:107800000B430120190001400E005C080440137175
:107810004B425941C9B22432100000F0C7FC144B4E
:10782000002B1DD022003100280000E000BF012005
:1078300011E02100FFF7D8FC01200CE00D4B002BDC
:1078400010D0A378E17809021943280000E000BFB6
:10785000012000E00020F8BD0020FCE70120FAE74D
:107860000120F8E70120F6E7C0170020C15C0010F6
:107870000000000000000000F0B5D64600B582B060
:1078800001900F0000930024002C0ED0002C00D09B
:107890007CE0EB78BB4216D0AB78BB424DD00124E4
:1078A000200002B080BCBA46F0BDB225AD006543F1
:1078B000394BED18EB78BB42E8D0AB78BB42E5D052
:1078C0000134E4B2E0E710239A46AA4492239B00D5
:1078D000E9186B461A88504600F044FC2F4B002BE9
:1078E0001BD06B79FF2B18D0002600E00136009BDF
:1078F0009E4212D26A79AB19922189008C46634468
:107900001B789A42F2D1504600F0A2FB0028EDD13C
:107910006979200000E000BFE8E7214B002B04D08C
:10792000504600F095FB002803D02800FFF736FDF5
:10793000B2E72000FEF786FAF7E71A4B002B02D0D9
:10794000200000E000BF2000FFF790FD002801D0DC
:107950000124A5E72800243000F065FB002817D19A
:10796000009B002B16D09B0601D0012498E7A97834
:107970000198FFF7B9F8041E01D1012490E7A97816
:10798000002300220198FFF7D7F889E7002487E752
:10799000012485E7012483E7C017002000000000D0
:1079A000455E00100000000010B50020FEF7D4FF77
:1079B00010BD10B5FEF7C6FF002800D0012010BD95
:1079C00070B504000D000378DB07DE0F002B1CD11F
:1079D00003785B071AD401214942280003F094FB85
:1079E0002378DB0704D423785B070CD5002600E05E
:1079F0000026002E03D0237804221343237028008E
:107A000003F05AFB02E00126F3E70026300070BDC8
:107A100070B504000E0001214942300003F074FBF0
:107A200023785B070BD40025002D03D02378042294
:107A300093432370300003F03FFB280070BD237890
:107A4000DB0701D50025EFE70125EDE710B5047947
:107A500043791B0223435B055B0DC2789207920FAB
:107A6000022A0FD0032A19D0012A01D0002010BD0C
:107A7000022904D0124A9A421AD30120F7E7802241
:107A8000D200F8E7022903D0402B15D80120EEE7F9
:107A90008022920093420DD10120E8E7022904D010
:107AA00040229A420AD30120E1E78022D200F8E77F
:107AB0000020DCE70020DAE70020D8E70020D6E746
:107AC000FF03000030B58A1801E00C7809199142D3
:107AD0000AD24C78052CF8D18D787A342C40640089
:107AE0000419ED096355F0E730BD03008A1890B220
:107AF000814202D85A00904203DB5B009BB2C01A5D
:107B000080B2704770B505000800AC889A420BD36C
:107B1000D11A89B200291ED08C4210D2944209D8C1
:107B2000131B9BB26B810AE0D11A89B266008919D6
:107B300089B2EFE7A21893B2F4E71B1B9BB29C42F9
:107B4000FBD92968EA885204520C5343C918FDF73F
:107B50005DFE012070BD0020FCE7F0B583B006009B
:107B600093080CE00B784D782D021D438C7824048B
:107B70002543CB781B062B43336004313B005F1E4B
:107B8000BFB2002BEED10333100018401A4201D1CE
:107B900003B0F0BD00230193020001A8FDF736FEFB
:107BA000019B3360F4E7F0B5DE4657464E46454646
:107BB000E0B583B005008A460CA909788488E01AEC
:107BC00080B21C1B1419A4B2EF887F047E0C07003E
:107BD0007743BFB27443A4B2A34673432C68A04654
:107BE0009844002908D001291AD003B0F0BCBB4644
:107BF000B246A946A046F0BD904205D37243414625
:107C00005046FDF703FEF0E73A0041465046FDF7C7
:107C1000FDFD2968380050445A46FDF7F7FDE4E7BA
:107C2000904206D3724392B241465046FFF795FF09
:107C3000DBE703233A009A43914641465046FFF75B
:107C40008CFF43464B4403213A000A400F4230D098
:107C50000421891A89B2081C594500D95846C7B26F
:107C6000FF2101405846441AA1B28B4600210191E0
:107C700001A804E01A78027001300A000133511E95
:107C8000C9B2002AF6D1296804E00A7802700130EE
:107C90001F0001317B1EDBB2002FF6D15346019A43
:107CA0001A605B46002BA0D05A465046FFF755FF9E
:107CB0009BE72968F5E7F0B5C64600B582B01E001F
:107CC00008AB1B8809AC277884889E420FD3F51A2D
:107CD000ADB2002D1FD0AC4205D2B44210D8331B38
:107CE0009BB24381250095420FD315000DE0F51A94
:107CF000ADB2A8466500AC4645466544ADB2E8E77E
:107D0000A619B3B2EDE71B1B9BB29C42FBD90097AF
:107D10002A00FFF748FF280002B080BCB846F0BD3B
:107D2000F0B583B004000D0016001F0000690028A4
:107D300003D00121494203F0E7F923899BB262890C
:107D400001970092320029002000FFF7B4FF0500E0
:107D5000618989B2A0882A00FFF7C7FE6081206987
:107D6000002801D003F0A8F9280003B0F0BD70B5D9
:107D700082B01600950809E00B6803701D0A457073
:107D80001D0C85701B0EC370043025006C1EA4B240
:107D9000002DF1D1032332001A401E4201D102B05E
:107DA00070BD0B68019301A9FDF730FDF7E7F0B551
:107DB000DE4657464E464546E0B583B005008A4646
:107DC0000CA90878AC88E11A89B21C1B1419A4B25A
:107DD000EF887F047E0C0F007743BFB27443A4B2D8
:107DE000A34673432C68A0469844002808D0012875
:107DF0001AD003B0F0BCBB46B246A946A046F0BDBF
:107E0000914205D3724351464046FDF7FFFCF0E72F
:107E10003A0051464046FDF7F9FC286839005144C4
:107E20005A46FDF7F3FCE4E7914206D3724392B25F
:107E300051464046FFF79BFFDBE703233A009A4396
:107E4000914651464046FFF792FF43464B4403217B
:107E50003A000A400F422ED00421891A89B2081C28
:107E6000594500D95846C7B2FF2101405846441A27
:107E7000A1B28B4651460968019101A904E00A7834
:107E80001A70013102000133501EC0B2002AF6D12F
:107E9000286804E00A78027001311F0001307B1E5F
:107EA000DBB2002FF6D15B46002BA2D05A465146DA
:107EB000FFF75DFF9DE72868F5E7F0B585B00600A0
:107EC0000391151E029300D16DE0C068002803D015
:107ED0000121494203F018F93489A4B2718989B2A9
:107EE000F379DB091AD1B3888C420FD3611A89B2B6
:107EF0008B4211D95B1A9BB22F1C9D4200D91F1CCB
:107F0000BFB2002F47D0B288230035E0611A89B292
:107F10005A00891889B2EBE70023EDE7B788AF4232
:107F20000ED8029B002B21D1ED1BF3885B045A0C69
:107F30006A43039B9C469444634603930C00E0E72A
:107F40008C420DD3631A9BB25B197A0093420FDB0C
:107F50007A1B92B23800FFF7C8FD04002F00D0E76B
:107F6000631A9BB27A009B189BB2EDE70C00C8E73E
:107F70002F00C6E79B1A9BB29A42FBD9029A009245
:107F80003A0003993000FFF712FFB0883A00210051
:107F9000FFF7ABFD3081F068002801D003F08CF8CA
:107FA000380005B0F0BD1700FAE7F0B583B0040063
:107FB000019116001D0008AB1F7880231B029A4216
:107FC0002DD8C068002803D00121494203F09CF855
:107FD0002069002803D00121494203F095F8019B54
:107FE0002360A6806D046B0CE288D20BD5031D4381
:107FF000E580FB01E2797F2717401F43E7710023EB
:1080000063812381E068002801D003F055F82069DE
:10801000002806D003F050F8012003B0F0BD002086
:10802000FBE70120F9E7818803899BB2428992B27C
:10803000934207D39B1A9BB2081C994200D9181C83
:1080400080B270479B1A9BB24A009B189BB2F3E721
:10805000030000895B89C01A43425841C0B270478F
:10806000818803899BB2428992B2934206D39B1ABC
:108070009BB200208B424041C0B270479B1A9BB21A
:108080004A009B189BB2F4E7828803899BB240891F
:1080900080B2834206D31B1A9BB29A4208D9D31AE4
:1080A00098B270471B1A9BB250001B189BB2F4E7A2
:1080B0000020F6E770B504000D000069002803D029
:1080C0000121494203F020F8228992B263899BB2D0
:1080D00029002000FFF716FD0500618989B282B2F0
:1080E000A088FFF702FD60812069002801D002F01E
:1080F000E3FF280070BD10B50023FFF711FE10BD8F
:10810000F8B504000E00C068002803D001214942E0
:1081100002F0FAFF2589ADB22000FFF7A1FF002889
:1081200002D0E779FF0916D0A2882B0001E09B1A44
:108130009BB29A42FBD9E2885204520C5343216805
:10814000C8183100FDF762FBA08801222900FFF763
:10815000CCFC20810127E068002801D002F0ACFFB0
:108160003800F8BD10B50023FFF7A7FE10BD10B50D
:108170000400C068002803D00121494202F0C4FF76
:108180002069002803D00121494202F0BDFF0023ED
:1081900063812381E068002801D002F08DFF20690F
:1081A000002801D002F088FF012010BD70B5040046
:1081B0000D00C068002803D00121494202F0A4FF4D
:1081C0002069002803D00121494202F09DFFED0102
:1081D000E3797F2119402943E171E068002801D04B
:1081E00002F06AFF2069002801D002F065FF01203B
:1081F00070BD000070B50B0C0024150C002B28D1AD
:10820000002D37D18BB291B2594300F047F8051ECB
:1082100019D00300083B5A6803239A43043A242ADE
:1082200013D80300132A0AD90460446008331B2AB8
:1082300005D98460C460242A25D0030010330022AD
:108240001A605A609A60280070BD0021FDF7D8FAC4
:10825000F9E7002D11D1151C89B292B24A43ADB293
:108260009BB26B43110C5B18190C06D1190492B226
:108270001143CAE72B1C0D1CEEE700F009F80C2394
:1082800000250360DFE70300046118334461D6E78B
:10829000014B18687047C046900C0020F0B54E4660
:1082A0004546DE465746E0B50D000B35060083B067
:1082B000162D22D8102900D9B2E000F0B1FA10250D
:1082C00018230220CC4FFB181A005C68083A94422D
:1082D00000D1B5E0032362689A431300E268A16805
:1082E000CA6091600122E318596830000A435A605D
:1082F00000F09EFA2000083095E007239D4300D54A
:108300008EE0A94200D98BE000F08AFAFC235B00E2
:108310009D4200D2A7E1680A00D18BE0042800D971
:108320007AE138239846A80980443930C100B24F19
:1083300079184C680839A1420ED003239C4604E00A
:10834000002ACBDAE468A14206D062466368934310
:108350005A1B0F2AF4DD40463A003C690832944229
:1083600000D178E003236168994389460B00491BDB
:108370000F2900DD7BE17A613A610029B2DA8022BF
:108380009200914500D30FE15909DA0801238B408F
:10839000D2007968D2190B4391687B60E260A160DA
:1083A0009460CC60012182109140994259D80B42CF
:1083B00005D103229043490004300B42FBD0032334
:1083C0009846C3009946B944CC4682466346DC6869
:1083D000A44507D12CE1002A00DB35E1E468A4457F
:1083E00000D125E14246636893435A1B0F2AF2DD10
:1083F00001208046611905436560A068E56808377B
:10840000C560A86040461043F960B9604860CF601D
:1084100030008F60E25000F00BFA2000083002E0DC
:108420000C230020336003B0F0BCBB46B246A94623
:10843000A046F0BD80213F2340209846890076E782
:10844000DC680230A34200D044E73A003C690832BD
:10845000944200D086E701217B68821091409942C6
:10846000A5D90323BC6862689A439146954203D814
:10847000531B0F2B00DD89E023004B445F4A01931F
:108480005F4B93461B681268EB18013200D13DE147
:108490005C4A944663441B0B1B0300933000009915
:1084A00000F0CEF903008046013300D1FAE0019BD1
:1084B000834200D9F4E0544B00981A009A4612689F
:1084C00003009446514663440B6001991A004145EC
:1084D00000D151E15B461B68013300D156E14346B0
:1084E00001995B1A9A1853461A600723424641467F
:1084F0001A400192194200D112E108239846881AC5
:10850000424B0099804441449B1A5B1A1B051B0D8A
:108510000091300019009B4600F092F9431C00D1F5
:1085200050E14346C01A03005B4400935346524651
:108530001B6801215B44136042464046BA60009AC2
:108540000A434260BC4200D124E14A460F2A00D8C7
:1085500022E107200C3A8243606801400520114364
:108560006160A118486088600F2A00D935E1424651
:108570004446526826490868984200D20B60254953
:108580000868984200D38FE00B608DE0012229003B
:1085900013431143651961603000BD606B6000F0EA
:1085A00047F9200008303EE75A0A042A72D9142AF3
:1085B00000D9C5E011005C325B31D20008235B4278
:1085C0009C46BA18944463469A6803239846944597
:1085D00000D19EE0434651689943494502D99268CB
:1085E0009445F7D1D3689C467B686146A260E16000
:1085F0008C60D460D6E6C046C0100020C8140020AD
:10860000B81700200F100000881700200810000085
:10861000B0170020B4170020142852D9542800D9CC
:1086200096E06E239846280B80446F30C1007EE6AA
:1086300008239B46073BDC449B46DA4443465246AC
:10864000134200D0C2E64CE00122E3185968300022
:108650000A435A60E368A268D3609A6000F0E8F8C1
:1086600020000830DFE62B00E80808332AE6012363
:1086700060191D43656078613861C26082601A00CC
:108680004B460A4342603000E15000F0D1F8200030
:108690000830C8E69A09110039323831D2008DE726
:1086A000BC4260D0BC68626803239A43531B954266
:1086B00002D80F2B00DD69E7300000F0B9F8002088
:1086C000B1E65B23984680445C30C1002FE6082366
:1086D0005B429C46E1444B469B6801384B4500D0C9
:1086E00098E043460342F2D17B688B437B604900AC
:1086F000994200D9B5E6002904D1B2E60422944695
:108700004900E2440B42F9D050465AE61033009338
:10871000C4E68910023B8B4079680B437B6064E7B9
:10872000009B300043445B421B051B0D19009B4618
:1087300000F086F8431C00D0F3E600239B46F5E6E4
:10874000542A2BD81A0B11006F326E31D20035E744
:10875000AA235B0098422BD8DD3B9846E80B804467
:108760007830C100E3E52C4B009A9A461B689C4682
:10877000534662441A60ADE6090500D0AAE602003D
:10878000BC684A4401310A436260F3E65B464246F4
:108790001A60AAE64446EDE641608DE7AA21490049
:1087A0008A4224D8DA0B110078327731D20005E7FB
:1087B0001A4B984224D87C239846A80C80447D30DC
:1087C000C100B4E5009A019B94464246083B6344CD
:1087D0009B1A009300239B46A8E621003000083135
:1087E00001F0B0F95346BC681B686268C2E60B49E9
:1087F0008A420BD89A0C11007D327C31D200DDE622
:10880000FE217E237F209846890090E5FE227E216E
:108810009200D3E67B686AE78817002054050000C1
:1088200010B5024801F0A6FE10BDC0468417002016
:1088300010B5024801F0A0FE10BDC046841700200C
:10884000002370B5064D040008002B60FAF7C4FD44
:10885000431C00D070BD2B68002BFBD02360F9E7D0
:10886000F81D0020CAB2F0B5002A35D003248307D2
:108870002DD1FF2529400D0229430D040D43290068
:108880000468264E61408B198B43A119A143244EE5
:108890000B43334211D14168204F0C00CB196C407F
:1088A0008B43E119A1430B4304303342F3D00378E7
:1088B000002B05D09A4204D001300378002BF9D167
:1088C0000020F0BD9342FCD001302042D1D003788B
:1088D000002BF7D10020F4E7830708D0032202E041
:1088E0000130104203D00378002BF9D1E9E7026888
:1088F0000A4B0B49D31893430B4206D14268074BEE
:108900000430D31893430B42F8D00378002BD8D00F
:1089100043780130002BFBD1D3E7C046FFFEFEFEBB
:1089200080808080024670B50A4392072AD11E4D8E
:10893000EE0104C808C9541B9443344017D0D0B288
:10894000D9B2401A2106014310D190B299B2401A0F
:10895000210401430AD110021902000A090A401A2F
:108960002102014302D1100E190E401A70BD9A4225
:10897000DFD010BA19BA884201D9012070BD002099
:10898000C04370BD02780B7801300131002A09D054
:108990009A4207D102780B7801300131002A01D0C8
:1089A0009A42EFD0D01A70BD0101010110B58307C2
:1089B0000AD00300032102E001330B4205D01A78EC
:1089C000002AF9D1181A10BD030019680C4A0D4C81
:1089D0008A188A4322420FD15968094A04338A18F7
:1089E0008A43224208D15968054A04338A188A43C7
:1089F0002242F1D000E001331A78002AFBD1E1E7EE
:108A0000FFFEFEFE8080808030B5002A26D0030065
:108A10000B439B0724D1032A22D9164D0BE0043ABD
:108A2000002A1BD0144C1C199C432C4216D1043034
:108A30000431032A14D903680C68A342EFD00478E8
:108A40000D78AC4213D1012306E0C45CCD5CAC428E
:108A50000DD10133934201D0002CF6D1002030BD5E
:108A600004780D78A54202D1012AECD1F6E7601B0B
:108A7000F5E7C04680808080FFFEFEFEF0B5DE4652
:108A8000574645464E461C000023E0B5A1B01C9356
:108A9000BB4B82461B680D00180008920793FFF736
:108AA00085FF0022002383462F0004920593B54AD8
:108AB0001B953B782D2B02D8990051588F460022E8
:108AC000099200220A92302B00D1E5E01C002F2BE6
:108AD00001D800F07AFD0022AC46380000261900CB
:108AE00015000BE0013093009A181B900478520097
:108AF0005218303A210001362F2C10DD392C5BDC66
:108B0000082EEFDDAB005B1901305B001B905B189A
:108B10000478303B1D00210001362F2CEEDC9046FE
:108B200007995A46A9466546FFF76EFF002800D10F
:108B3000BAE20D96002300209C4610930B93002E62
:108B400000D027E10A9B034300D09CE26346002B40
:108B50001ED1692C01D100F0B2FC17DC492C01D1E7
:108B600000F0ADFC4E2C13D187491BA801F004FC8A
:108B700000280DD01B9B1B78282B01D100F052FE42
:108B8000824802F075FA83460F007FE26E2CEBD02C
:108B9000089B002B02D0089B1D6000239B460027EA
:108BA0005846390021B0F0BCBB46B246A946A046A3
:108BB000F0BD01371B977CE7904607995A46A946B6
:108BC0006546FFF721FF00287AD11B9B5B441B936E
:108BD0001C78002E01D000F07DFD302C01D000F07B
:108BE0006AFD0122D21A981801331B931C78302C8D
:108BF000F9D02300313B082B00D9B9E31B9B012698
:108C00009C4630235B429B46A3445B460793431C30
:108C10001093002367460D934346079A9B004344F5
:108C200090465B00434498460020634601331B9303
:108C300063465C7821003039092900D937E31B9B52
:108C400001309C4607910029EFD0109C731CA3466D
:108C500083445C461A001094012801D100F0B0FC56
:108C60000A002C0080198B4645464946A04691468D
:108C7000013807E0AC0065196D00984201D100F0A1
:108C800096FC013332001E00082AF3D9102BF4DCC5
:108C90008C0061184900F0E77B78203293437E1CFA
:108CA000582B01D100F05EFC37001B963B78013653
:108CB000302BF9D0002B00D1E5E101220A9205E723
:108CC000002300209C460D961093202322009A43F7
:108CD000130000220B92452B00D030E733000A9A94
:108CE0000343134300D153E71B9D6B1C1B936C780C
:108CF0002B2C01D100F024FC2D2C00D106E3002305
:108D00009B462300303B092B00D9FAE2302C06D1D8
:108D10001B9B01331B931C780133302CFAD00023AA
:108D20000B932300313B082B00D908E71B9A013332
:108D3000511C1B915478079222002F2C0DDC00F05F
:108D400077FC9C00E4186400A4180A002300013199
:108D50001B915278303B2F2A01DD392AF1DD1400B6
:108D6000079A891A082901DC00F062FC084B0B9372
:108D70005B46002B00D1E2E60B9B5B420B93DEE6E9
:108D8000F8D5001038D3001034D3001070B600109E
:108D90001F4E00000B9B109A9B1A0C930D9B002BEF
:108DA00000D10D96B346102E01DD10239B464046A0
:108DB000FBF7C0FF04900591092E15DD5A46BE4B06
:108DC000093AD2009B181A685B68FBF73EFF040063
:108DD00048460D00FBF7AEFF02000B002000290003
:108DE000FBF70CFF049005910F2E00DD72E10C9B48
:108DF000002B00D15EE30C9B002B01DC00F0F3FBA9
:108E0000162B01DC00F05AFC25230C9A9B1B934285
:108E100001DB00F071FC5B46F41A0C9B9C46644439
:108E20000F231A00224023420AD0A349D2008918F6
:108E300008684968049A059BFBF707FF04900591B1
:108E40000F239C43231E00D0AAE20023079343462E
:108E500039000093504633000D9A01F02BFC8046F8
:108E6000002800D19DE30C99109B0B98CA171B1A80
:108E70001A40CB43DB17194000260023C34699460E
:108E8000B04657460D9213915B463800596801F081
:108E90008BFB8246002800D187E35B4659461B695D
:108EA0000C319A1C92000C30FCF7B0FC049B059C22
:108EB00019000B931EAB01931DAB00930A00230016
:108EC00038000A9401F0ECFF1C90002800D1A9E1C1
:108ED0000121380001F090FC8146002800D164E3B4
:108EE0001D9B002B00DABDE10D9A139C9D1807997C
:108EF0001E9A5B1A36219B188A1A7049013B8B42D5
:108F000000DB4EE1C91A521A1F2900DDC7E1012317
:108F10008B400E9300231193079BA4189C46AE1818
:108F20002B006444B54200DD3300A34200DD230082
:108F3000002B02DDF61AE41AED1A0D9B002B00DD62
:108F40004CE1002E00DD64E10C9B002B00DD8DE187
:108F5000002C00DD99E1002D08DD49462A0038008B
:108F600001F0B8FD8146002800D11EE352463800CA
:108F70001C9901F047FE8046002800D115E3C36824
:108F8000494610930023C36001F022FE002801DA55
:108F900000F05DFC00D1C5E34946404601F0ECFF1E
:108FA00080230022DB0504000D00FBF79FFE002854
:108FB00000D1FBE0109B002B00D180E1059B002439
:108FC0000E93002311933E4B3D4D12933D4B0E9E4D
:108FD0001E403D4B9E4200D19EE1079B002B28D0B6
:108FE000D423DB049E4224D8384A394B1198129975
:108FF000FBF77CFE002818D011981299FBF7DAFED7
:10900000002800D10130FBF795FE0B00129110995A
:1090100002001190002900D013E31692802212065C
:10902000944663441793169C179DD623DB04EB18D4
:109030009D1B0B980A9901F0ABFE02000B0020006B
:109040002900FBF702FE0B9A0A9BFBF7D7FD0C00E9
:1090500004900591079B002B04D11A4B23409E429C
:1090600000D144E238001C9901F0C6FA514638009C
:1090700001F0C2FA4946380001F0BEFA4146380014
:1090800001F0BAFA00E7002300279B46089B002B5B
:1090900001D01B9A1A60099B002B00D180E580212A
:1090A00009067B181F007BE51B9B0D965B441B93F9
:1090B0001C7800231093BDE5B8D6001002FCFFFF1A
:1090C0000000F03F0000F07F0000E07F0000C0FFE4
:1090D000FFFFDF415B46F41A0C9B9C466444002C66
:1090E00000DD9DE600D1B0E60F231A006442224065
:1090F00023420AD004980599D04BD2009A1853689D
:109100001268FBF784FD04900591241100D19CE6C0
:109110001F2C3FDC10231A0022400792234201D06B
:109120005A33079301220498059900239146C44DB0
:109130004A46224204D02A686B68FBF786FD012369
:1091400064100835002CF3D1002B01D00490059158
:10915000079B002B15D0049B059C6B236200520DCE
:1091600021009B1A002B0CDD1F2B01DC00F0DCFB27
:1091700000200490342B01DC00F022FCDC239B0453
:1091800005930022049805990023FBF7A1FD002810
:1091900000D15CE6222352461360002300279B4641
:1091A00074E70023119301330E93B5E60022A54B1B
:1091B00020002900FBF749FD0B00129110990200D5
:1091C0001190002976D114928022120694466344AD
:1091D0001593059B149C159D0E93F7E649461A00BE
:1091E000380001F00BFC8146002800D1DDE10100D0
:1091F0001C9A380001F030FB1090002800D1D4E117
:1092000038001C9901F0F8F9109B1C93002E00DC2B
:109210009AE6320038001C9901F05CFC1C90002892
:1092200000D091E653464646BA46D8460C932223D0
:109230005246136000239B46834F0100504601F0C5
:10924000DBF950460C9901F0D7F94946504601F038
:10925000D3F94146504601F0CFF93100504601F0B4
:10926000CBF913E7139A0D9DD41A40E65146380006
:10927000139A01F0C3FB8246031E00D068E64646FF
:10928000BA46D8461C980C93D1E7514622003800C4
:1092900001F020FC8246031E00D05CE6EFE76B493C
:1092A000CB1A01219940012311910E9334E6012339
:1092B0009C460AE5119A129B1492159389E704992A
:1092C000059A00295BD10E9213035DD10022200084
:1092D00029005F4BFBF704FD002800D0FFE10022CE
:1092E000584B20002900FBF7B0FC802212060B002F
:1092F000944663441190129118901993189C199DEB
:1093000064E600231B950B93FFF719FC01239B4692
:10931000AB1C1B93AC78F4E44E4A0E9B944663441A
:1093200005930E940F95049C059D2000290001F0E3
:109330002FFD02000B000E980F99FBF786FC220010
:109340002B00FBF75BFC404B434A049005910B401C
:10935000934220D90A9A414B9A4203D10B9B013385
:1093600000D122E13D4B059301235B42049379E652
:1093700000230D931093013300269C46A5E4012998
:1093800000D143E1059B0E9300231193304B002441
:10939000334D12931AE6D4239B04CC18059459E656
:1093A0009A225200944200DDFBE024111F2B00DCC6
:1093B00094E20498059900229146013293464A4668
:1093C000284BB1461D000793160000235A4622423F
:1093D00004D02A686B68FBF738FC0123013664105F
:1093E0000835012CF2D132004E469146002B01D0B7
:1093F00004900591174A059B9446634405934B4698
:10940000D900079B9C46049A059B614408684968FB
:10941000FBF71BFC0C4B144A049005910B40934244
:1094200000D9BEE0114A934200D8CBE10B4B059323
:1094300001235B4204930023079308E5B8D600108C
:1094400030D400100000E03F0000F07FE2FBFFFF9F
:109450000000F03F0000B0FCFFFF9F7CFFFFEF7FAC
:109460000000F0BF90D600100000A07C0000907CAF
:10947000012309937A1C1B927B78002B01D1FFF703
:1094800087FB1700FFF71DFB00230993F2E7D24982
:109490001E9B8C46D14A04931F9B1A401D9B63441C
:1094A0001B051A430592230704D58023059A1B0642
:1094B0001A430592049B059C9B462700E6E5C84994
:1094C0001BA800F059FF002801D1FFF761FB1B9B8F
:1094D000C449013B1BA81B9300F04EFF002802D19A
:1094E0001B9B01331B930023BF4F9B46CEE5119E70
:1094F000129D30002900FBF775FCFBF767FC0200AA
:109500000B0030002900FBF770FB049A109B24032A
:109510001343240B05000E00B44A1C4313D1B44B73
:10952000FBF7DEFB002800D19CE553464646BA46D1
:10953000D8460C931C98049B059C9B4627007CE610
:1095400000239B46E4E6AB4BFBF7CAFB0028ECD1BB
:1095500028003100A84AA94BFBF7D8FB002800D10E
:1095600080E5E2E7099B029401931CAB009350460F
:109570001DABA34A1BA900F019FC07231D00040022
:109580000540034200D17EE5062D74D1089B002BD7
:1095900001D1FFF702FB1E60002300279B46FFF767
:1095A000FFFA2223524613609DE7534667E65B4667
:1095B0004846079343468946A84601001D000232EB
:1095C000082E43DC1600FFF727FB5A4638000799A0
:1095D000FFF71AFA002845D000230026994698463E
:1095E0000D93FFF7A7FA0C9B163300DA72E5049887
:1095F0000599109B0B9A9A1A824BD2009B181A68F5
:109600005B68FBF704FB83460F003FE5059B0E9369
:10961000002B00D0B8E653464646BA46D8460C93CF
:1096200022235246136000231C989B461F0004E629
:109630001A000B93744B9A4201DCFFF799FBFFF77A
:1096400096FB119A129B16921793ECE4102A4FDCAA
:109650004B469B004B4489465B0016000020994412
:10966000FFF7E3FA00221B9B90465B441B93914655
:109670001C78FFF7B2FA1C9A002A07D035211EA8E1
:1096800001F0AEFC50461C9900F0B6FF052D00D944
:1096900009E75E4BAD005B599F465D4B0593012387
:1096A0005B420493FFE6504B0593FCE61E9B04933C
:1096B0001F9B0593F7E60020FFF79BFA5149DB005B
:1096C000C91808684968049A059BFBF7BEFA8346E7
:1096D0000F00DBE400230D961093FFF7ABFA002395
:1096E0004C4C1893199400231193444B129305E6A4
:1096F00016000020FFF799FA0F23424C9E1BF10041
:109700006118049A059B08684968FBF79EFA0C9B50
:109710009E1BF600A61932687368FBF796FA83461B
:109720000F00B3E453460C930B9B4646D8469B462A
:10973000109BBA460A9F002B00D1BFE0049B059CFA
:109740003549230322001B0B8B4200D1F4E0119911
:10975000002900D1BBE0049A059B1C0019421ED0D1
:10976000109B58463900002B00D1BCE001F010FBE3
:10977000079B002B0BD06B236400640D1C1B002C7B
:1097800005DD264D240500226319FBF75EFA020071
:109790000B0058463900FBF731FA83460F00079B50
:1097A000002B0DD0584639001D4B0022FBF74DFA17
:1097B000030083460F000B4302D12223524613605D
:1097C0001C983AE5D42292040B0094466344059316
:1097D00000230793FFF73BFB33040000FFFFEFFF7D
:1097E00028D300102CD300100000F07F9535A094F2
:1097F000FFFFCF3FFFFFDF3F35E5AF350000E03F24
:1098000008D40010B8D600101F4E0000F0D300108E
:10981000FFFFFF7F0000E0BFFFFF0F000000F03FF1
:10982000000050396C491EAA1BA800F0BBFD05289A
:1098300001D0FFF7A5F91F9B684A1A431E9B0592AA
:109840000493049B059C9B462700FFF71FFC53468F
:109850000499059A0C930B9B4646D8469B46109B51
:10986000BA460B430A9F9AD11400130397D15B4B5E
:109870001340D622D204934291D97369002B02D1AE
:109880003369012B8BDD31000122504601F022F9B2
:109890004946060001F09CF9002800DC7FE7079BA1
:1098A000002B6ED0D6224D4BD2042340934268DC6D
:1098B000DC229204934200DD74E7B1E60499059A34
:1098C00013031B0B14000B4300D040E7E7E70E9A8D
:1098D000049B059C1A4200D161E741E700239946A9
:1098E0003F4B079386E501F053FA079B002B56D0B8
:1098F0006B236400640D1C1B002C05DD394D240511
:1099000000226319FBF7A1F902000B005846390049
:10991000FBF76BF90022002383460F00FBF7D8F911
:10992000002800D13EE77BE6012252429A40049B88
:1099300013400493FFF725FC079B0499002B2BD0C1
:10994000D420264BC0042340834225D86B201B0D16
:10995000C01A01235B428340994200D0F7E6224BB4
:109960009A4235D080211D4B49031A4013008C4682
:109970006344059300230493049B059C9B462700A6
:109980000DE7164B1C40194B9C46194B644423436E
:10999000059301235B42EEE701235B42DCE7020013
:1099A0000B0058463900FBF720F9002200238346BC
:1099B0000F00FBF78DF9002800D031E61C983CE43D
:1099C0004B239A1A4C3B934019400591FFF7D9FB62
:1099D0004B1CC7D11C982AE41CD400100000F07F57
:1099E00090D600100000F03FFFFFEF7F0000F0FF77
:1099F000FFFF0F00274BF0B5C64698460A0001004E
:109A0000404600B5244B0068FFF738F802000B0011
:109A100005000C00FBF77FF900282ED1210028005B
:109A2000FBF70CFA47007F08061C1C49381CFBF7A3
:109A3000F5FD00281DD11949381CFBF7E7FD00286A
:109A400017D101226400640828002100144B5242FF
:109A5000FBF761F9002808D1012228002100104BF2
:109A60005242FBF743F9002803D0434622221B68E9
:109A70001A60301C80BCB846F0BD0A48002C05DADC
:109A800001F0FCFA80231B06C618F2E701F0F6FA93
:109A9000061CEEE7900C0020D4140020FFFF7F7F0F
:109AA000FFFFEF7F70B60010F8B50C000500FEF761
:109AB000B7FE204FBB685E6803239E431E4B341BDA
:109AC0009C466444240B013C113324039C4207DB75
:109AD00000212800FEF7B4FEBB689B19984204D011
:109AE0002800FEF7A5FE0020F8BD28006142FEF721
:109AF000A7FE431C0DD00122BB68361B16435E60D7
:109B00000E4B28001A68141B1C60FEF791FE012002
:109B1000EAE700212800FEF793FEBA68831A0F2BAC
:109B2000DEDD07490968401A0449086001210B433A
:109B30005360D5E7C0100020EF0F00008817002009
:109B4000C8140020F0B5C64605000C0000B5002979
:109B50004FD0FEF765FE210008394C68012622002F
:109B60000320B2438F187B6883436248984683681A
:109B7000BB426AD043467B6026421ED108239C46E6
:109B80000C688444091B12198C6864454FD0CB685B
:109B9000E3609C604346FC186468344211D1BB68A2
:109BA000554C4244A34200D17EE0FC68DC60A360D7
:109BB000012313434B608A5006E0FC18646834426A
:109BC000EDD016434E603A6080239B009A4213D238
:109BD0005409D3080122A2404468DB0022434260BA
:109BE00018188368C8608B608160D9602800FEF710
:109BF0001FFE80BCB846F0BD530A042B3ED8940922
:109C0000260039343836E40004192368083C032759
:109C10009C4242D05868B843904202D99B689C420B
:109C2000F8D1DC68CC608B60A160D960DEE7434688
:109C3000F8184068304257D1FB68B8684244164370
:109C4000C36098604E608A50D0E7130043442642B8
:109C500006D10A68891A8C689B18CA68E260946009
:109C600001221A434A60254A816012689A42BDD88F
:109C7000234B28001968FFF717FFB7E7142B07D904
:109C8000542B1AD8140B26006F346E36E400BBE751
:109C90001E005C335B36DC00B6E70122B610B24032
:109CA000466832434260BDE7D9609960CB608B6003
:109CB000012313434B608A5098E7AA246400A3420F
:109CC00005D8D40B260078347736E4009CE70D4C99
:109CD000A34205D8940C26007D347C36E40093E73B
:109CE000FE247E26A4008FE7330013434B603A60C6
:109CF0007CE7C046C0100020C8100020CC14002013
:109D0000B817002054050000F0B5D6464F46464629
:109D10000369C0B59A464F11BB422DDD1F220500D5
:109D2000140014359E000C40BB00A446AE19EB187D
:109D30000A422AD0202202CB121B9046E1409E42CA
:109D400016D9A94644461A68A2400A43494604C1A6
:109D50006246894602CBD1409E42F3D85346DC1B73
:109D6000A400043C2C192160002919D0043417E008
:109D70002C0041610029F9D10023036100234361D4
:109D8000E0BCBA46B146A846F0BD2A009E42F3D9CF
:109D900002CB02C29E42FBD85346DC1BA4002C1906
:109DA000631B9B100361AC42EAD1E7E7F0B5DE46E6
:109DB0004E4645465746E0B58BB00993B94B0790E0
:109DC0001B68894618001C0093460593FEF7EEFDBC
:109DD000A446020062441300013B1B7804900193E7
:109DE0004B461D68AA78302A00D016E2022149426B
:109DF000EB1C491B1D00CF1801335A1E1278302A64
:109E0000F8D0A94B98469B5C002B00D1F3E042466A
:109E10002B780024D35C002292462E00002B05D024
:109E2000424673780136D35C002BF9D13000049A96
:109E30000599FEF7E9FD0390002857D0002C58D172
:109E4000002233780392202234009343502B59D0C0
:109E50004B461E605346002B77D1631B013B00210C
:109E6000072B03DD01315B10072BFBDC079800F0AB
:109E70009BFB8246002800D170E2142353440893D0
:109E8000A54200D3D5E102930023049A99460133F9
:109E90009B1A06932B0000274D4699460DE0202F74
:109EA0001DD03A000437414633783400CB5C0F2193
:109EB0000B4093401D434C4555D9661E3378019A9B
:109EC0009342ECD1069BF4184C45E8D32000049A49
:109ED0000599FEF799FD0028EDD0202FE1D1029BD6
:109EE000002220C3042700250293DCE7002C00D1C8
:109EF00080E12022A41BA300039333783400934312
:109F0000502BA5D163782B2B00D163E12D2B00D1F1
:109F1000A3E00022611C4046C35C2600581E18289E
:109F200096D840464E1C4978103B415C081E5FD1D4
:109F3000002A00D05B42039A94469C4463460393F4
:109F40004B461E605346002B87D07B1E9F41052346
:109F50007F429F43063738000BB0F0BCBB46B24689
:109F6000A946A046F0BDA9464A46029B484604C3FE
:109F7000089A9B1A52469B1013615E0100F0F2FB97
:109F80005B461C68361AA6426BDC0025A64200DA46
:109F900022E15B46039A9B68934200DA40E15B460C
:109FA000039A5B68934243DD9E1AB44200DD7DE074
:109FB0005A46D268022A00D175E1032A00D16DE128
:109FC000012A00D150E15146079800F015FB00230B
:109FD000149A50271360BEE79900C9184900091860
:109FE00040460B0071780136405C103B00289FD042
:109FF0001928F1DD9CE7049C280022000599FEF752
:10A0000003FD00286FD12300EA5C43469B5C2C19BA
:10A01000002B6AD02500302A05D16B780135302B12
:10A02000FBD04246D35C5942594101278A46F4E6A7
:10A030000127002D0AD05B46DB68022B5DD0032B85
:10A040005FD0012B00D1BBE010231F435246149B6D
:10A050001A60099B039A1A607DE70122A378A11C6C
:10A0600059E7361B3100504600F0DAFF051E0FD0CD
:10A070001F210123701E01408B404211089992005C
:10A080008A5801251A4203D0012800DDDEE00225AE
:10A0900031005046FFF738FE039B9C46B4446346AC
:10A0A000039376E7F8D50010F4D40010771E002D46
:10A0B00000D0C3E0002F00D0C2E01F237A111F4060
:10A0C0001E3BBB40089992008A581A4201D00223D5
:10A0D0001D4331005046FFF717FE5B465B680227C1
:10A0E000A41B0393A5E72C002A7820239A43502A27
:10A0F00000D1B4E04B461C6027E70123159A9B1A58
:10A100001593159B002B9FD053461E69089DB300E5
:10A110009946E81800212B00B44603E002C3984298
:10A1200000D8C5E01A68561CF8D001321A60022F18
:10A1300000D1D1E01F231E0021272640234285D0D5
:10A140004B46EB18043B186800F00CFB20239E1BC9
:10A15000B04200DB7AE753461A69002A00DCEAE0E5
:10A16000534650465B699200AA1818305B08824239
:10A1700000D8E7E02C0019000368DB070B4308C494
:10A1800002C849088242F7D80B005146521A193AC0
:10A19000920801329200AA181360002B00D0D5E07B
:10A1A0005146531B9B100B61AA4200D1C6E05B468F
:10A1B000039A9B6801320392934231DB212745E7E2
:10A1C000AA0700D440E7089A1268154301922B426F
:10A1D0009AD139E7002241E7A61B51463200079881
:10A1E00000F078FC039B82469B1B0393142353448B
:10A1F0000893CEE64246049BF118F35C0E00D25C55
:10A20000002A00D11FE6424673780136D25C002A4C
:10A21000F9D1891B8A00039215E600270235F0E583
:10A220005146079800F0E8F90023149AA327136019
:10A2300091E6089B02930023994695E601253CE7A9
:10A240003900504600F0ECFE050036E75046B11EDE
:10A2500000F0E6FE0235002800D019E717E70023DA
:10A26000039301339A464DE6B44200D0ABE6012C8D
:10A2700008D05046611E00F0D3FE002800D1A2E6AF
:10A280005B465B68099A622713600123524613619B
:10A29000089A13605246149B1A605CE6159A002ACD
:10A2A00000D190E6EEE7159A002A00D08BE6E9E7A8
:10A2B0005246664692686346964220DA51465A1CD8
:10A2C0000A61012104339B0053445960022F03D0DB
:10A2D000964200DA41E72DE75B461B682227013BE7
:10A2E000A34200D0B2E61F2362111C401E3BA340D4
:10A2F000920057591F407B425F412137A6E65346E3
:10A300005B680798591C00F04FF9804600281FD061
:10A31000534651461B690C319A1C92000C30FBF7D6
:10A3200075FA5146079800F067F945464346C2461C
:10A330001B691435C2E700235246136100235246BD
:10A34000536134E72A002B60002B0DD0043227E73D
:10A3500000228421064B0748F9F75EF80022DE212F
:10A36000034B0448F9F758F852461361E6E7C04634
:10A3700058D400106CD4001030B5026808E013788F
:10A380001D00413D192D00D820330131A34206D1D3
:10A390000C780132002CF2D10260012030BD002087
:10A3A000FCE7C046F0B54546DE4657464E46904669
:10A3B0000A681F21E0B585B00090080053119B008A
:10A3C000104043440190114200D092E01A001F1F38
:10A3D000131F9A46002352461360009B1868417869
:10A3E000002900D19AE00023BC469B46604B3D000B
:10A3F00000245F4600229946E34616E0202900D952
:10A4000089E097420DDA654501D2072C56DD082414
:10A41000A84506D22B1F00219C4617001D000024D2
:10A42000196081780130002911D04B465B5C002B0C
:10A43000E4D001340132082C39DC296809010F26E7
:10A4400033400B432B60817801300029EDD15F460A
:10A45000002A63D0AC4501D9072C6EDDA8454BD24C
:10A4600042462B0002CB02C29F42FBD2791C6A1CDF
:10A47000042391425CD243441D00002308C5AF422F
:10A48000FCD253461B68002B09D14346B84502D184
:10A4900046E0BB4244D0043F3A68002AF9D0052088
:10A4A00005B0F0BCBB46B246A946A046F0BDA845E3
:10A4B000B7D20021043D01242960C0E708231C1BFA
:10A4C000A4001833191B02902E00080003942B6877
:10A4D00064469446039A716881400B433360736805
:10A4E0000436D3403360A642F5D362460298A446B0
:10A4F0008DE71F001A1D6BE7019B002BC1D02022A6
:10A50000019BD21A01235B42D3405246126813408A
:10A5100052461360B7E75F46292905D00420BFE7FC
:10A52000012305203B60BBE7009B023018608FE7EA
:10A530007D1BAD080135AB009DE7082320261C1BC1
:10A54000A4002B68361B1A0033002800260064463E
:10A55000AC461D0041680B00AB4013430A00F240BB
:10A560000360426004308442F4D8654676E7C04612
:10A57000F4D400107047C0467047C04682B000292E
:10A580000AD0002A0BD0002B0BD013780B60107868
:10A59000431E984102B0704701A9002AF3D1002060
:10A5A000F8E702204042F5E7C36C70B504000D00E7
:10A5B000002B0AD0A8001B18186800280ED00268CB
:10A5C0001A6000230361C36070BD21220421FDF7DE
:10A5D00011FE031EE064EDD10020F5E70126AE4038
:10A5E000721D012120009200FDF704FE0028F3D027
:10A5F00045608660E5E7C046002906D04B689A00B2
:10A60000C36C9B181A680A6019607047F0B5C6469B
:10A610001F008046002300B50E000D6914310C6840
:10A6200001332004000C5043240C5443C019070C80
:10A63000E4190004270C000C2404241810C19D42C6
:10A64000EDDC002F08D0B368AB4209DD2B1D9B0069
:10A65000F31801355F603561300080BCB846F0BD4D
:10A6600073684046591CFFF79FFF041E17D0310046
:10A6700033690C319A1C92000C30FBF7C7F87368F1
:10A680009A004346DB6C9B181A6832601E602600F5
:10A690002B1D9B00F31801355F603561DCE700225C
:10A6A000B521024B0248F8F7B7FEC04658D4001057
:10A6B0000CD60010F8B54746CE460600180080B507
:10A6C0000C00083009211F009046FAF72BF8092FDB
:10A6D0003BDD012500216D000131A842FBDC30008B
:10A6E000FFF762FF011E32D0089B43610123036123
:10A6F0004346092B16DC092398460A3447450CDDEE
:10A700004346E719FF1A23780A223000303BFFF74F
:10A710007DFF01340100BC42F5D10800C0BCB94640
:10A72000B046F8BD09239946A1444D4644442B78D0
:10A730000A223000303BFFF769FF01350100A542D6
:10A74000F5D14446083C4C44D8E70021C7E7002235
:10A75000024B0348CE31F8F75FFEC04658D40010D4
:10A760000CD600100300020C0020002A01D11B04AB
:10A7700010301A0E01D108301B021A0F01D104301B
:10A780001B019A0F01D102309B00002B02DB01302C
:10A790005B0000D570472020FCE7C046036802003C
:10A7A000590707D0D9071ED4990720D55B08036045
:10A7B000012070470020190401D11B0C1030FF212B
:10A7C000194201D108301B0A190701D104301B09B5
:10A7D000990701D102309B08D90702D401305B08E8
:10A7E00003D01360E5E70020E3E72020E1E79B08C2
:10A7F00003600220DDE7C046C36C70B504000D00A5
:10A80000002B0AD05868002815D002685A6000232F
:10A81000C36001334561036170BD21220421FDF74E
:10A82000E9FC031EE064EDD1A0210022084B094899
:10A830004900F8F7F1FD1C2201212000FDF7DAFCA8
:10A840000028F1D00123436001338360DFE7C04675
:10A8500058D400100CD60010F0B54E464546DE46E2
:10A860005746E0B50D6916698946140087B0B542B0
:10A8700004DB33000C002E0091461D00A3687719FD
:10A880006168BB4200DA0131FFF78EFE05900028B7
:10A8900000D1A7E014229446059B002263449B4606
:10A8A000BB005B449A465B465146D34503D204C382
:10A8B0009942FCD88A4614239C46A44463460493D8
:10A8C0001423B6006644AD009C462B00E1444B4483
:10A8D000029399456ED204230393230015339E42BD
:10A8E00000D27CE0331B153B9B0801339B00B8462C
:10A8F0000393019608E0000C31D104239C46029B8F
:10A90000E144E3444B4554D94B46186803041E0CFC
:10A91000002BF0D0019B5D4600279C46049C04CC94
:10A92000296813041B0C73430804000C1B18D81966
:10A93000130C7343090C020C5B189B1802041F0CC8
:10A94000120C1B04134308C5A445E8D863460193C1
:10A950005B46039A9F504B461868000CCDD05B466F
:10A9600000271B685C4619003E00049D019A2F8851
:10A97000090C47437F18BF191B0439041B0C0B43F8
:10A98000236008CD61681B0C43430E04360C9B19F1
:10A990003F0CDB191E0C0434AA42E8D801925A4637
:10A9A0000399535004239C46029BE144E3444B45E6
:10A9B000AAD847465346002F03DC06E0013F002F8C
:10A9C00003D0043B1A68002AF8D0059B18001F61C9
:10A9D00007B0F0BCBB46B246A946A046F0BDB8469B
:10A9E000019691E75E210022024B0348FF31F8F700
:10A9F00013FDC04658D400100CD60010F8B5032340
:10AA000047461400CE461A0080B50E0007002240CB
:10AA1000234238D1A41025D0BD6C002D3CD0012399
:10AA20009846002399464346234208D1641019D022
:10AA3000286800281BD0050043462342F6D02A0090
:10AA400031003800FFF708FF002E1AD0FA6C736847
:10AA500094469B0063441A68641032601E600600CE
:10AA6000002CE5D13000C0BCB946B046F8BD2A0084
:10AA700029003800FFF7F0FE4B4628600500036010
:10AA8000DAE70600D2E70F4B013A9200D2580023D2
:10AA9000FFF7BCFD0600BDE701213800FFF784FD8C
:10AAA000051E07D0084B4361012303610023B864EE
:10AAB0000360B4E7A0210022044B05484900F8F7E1
:10AAC000ABFCC04680D700107102000058D40010C3
:10AAD0000CD60010F0B50C0023694546DE465746FB
:10AAE0004E469846E0B55711B84443465D1CA368EE
:10AAF00083461600496883B09D4203DD01315B0047
:10AB00009D42FBDC5846FFF74FFD8446002853D09A
:10AB1000143003000190002F0CDDBF003A0000212B
:10AB20001432624402C39342FCD1019B9946B9445A
:10AB30004B4601932269230091001F221000143319
:10AB4000304081465918324230D00132121A9246B2
:10AB50000026019F48461A688240324304C7524685
:10AB600040CBD6409942F5D82200153204239142B9
:10AB700004D30B1B153B9B0801339B00019AD65055
:10AB8000002E00D0A846634642461A6163686046BC
:10AB90009A005B46DB6C9B181A6822601C6003B04D
:10ABA000F0BCBB46B246A946A046F0BD019804CB16
:10ABB00004C09942FBD8E6E7DA210022024B0348A1
:10ABC000FF31F8F729FCC04658D400100CD600100D
:10ABD00003690A6930B50500981A934211D19200B1
:10ABE00014351431AB18891801E09D4209D2043B99
:10ABF00004391A680C68A242F7D0A242924101209F
:10AC0000104330BDF0B54E464546DE465746E0B5EA
:10AC10000B6988461169914683B05C1A8B4200D05B
:10AC200095E046468900143614327318521802E033
:10AC30009E4200D38FE0043B043A1D6811688D42A8
:10AC4000F6D000D27EE043465968FFF7ADFC0028FD
:10AC500000D18AE043461A69142343449C46C460E9
:10AC60001C004B461B6991009B0061449C461423C9
:10AC70004F469A46143782445346BC448B46A246FC
:10AC80001426644600219446424680460193935917
:10AC900001CF1D042D0C691805042D0C4D1B010C52
:10ACA00040461B0C5B1A29145B182D0419142D0C3B
:10ACB0001B042B4383510436BC42E8D86246A446A9
:10ACC0004D461C0063464E465D1B153D1536002360
:10ACD000AD08B44500D3AB00019FB84604274344F8
:10ACE000B44501D30135AF00019DBA44AC46BC4424
:10ACF000D34518D9654657465E4610CF23041B0C32
:10AD00005B181914240C64181B0421141B0C240454
:10AD10001C4310C5BE42F0D8310053460139CB1A4E
:10AD20009B089B006344002C04D1043B1968013A42
:10AD30000029FAD0026103B0F0BCBB46B246A94676
:10AD4000A046F0BD43460124C84699467BE7002C47
:10AD5000F8DB002477E70021FFF726FC00280BD062
:10AD60000123036100234361E5E790210022054BA5
:10AD700005488900F8F750FB0022024B03490248BE
:10AD8000F8F74AFB58D400100CD60010320200002D
:10AD90000F4B19400F4B9C466144002904DD0022F3
:10ADA0000B001000190070474942002200230915CA
:10ADB000132904DC8020000308410300F1E7143963
:10ADC00001201E2902DC80200006C8400200E8E7BE
:10ADD0000000F07F0000C0FCF8B506004746CE46F4
:10ADE00004691436A4003419231F1D6880B5280097
:10ADF0000F009846FFF7B6FC20210A1A3A600A288D
:10AE00002EDD464523D208235B429846A0444346A4
:10AE10001F680B235B429C4684440B281CD063466E
:10AE20009D40C91A3B00CB401C481D4328430300EA
:10AE300046452FD20C3C2068C84061468F400743EE
:10AE40003A0010001900C0BCB946B046F8BD030076
:10AE500000270B3B0B2817D1104929430B00EFE7C4
:10AE60002F0015390B1ADF400C49994639430B0066
:10AE70000027464503D24946083C2768CF40153095
:10AE800085403D432A00DCE79D40044900272943D3
:10AE90000B00D5E761468F40D2E7C0460000F03F87
:10AEA00070B5012182B015001C00FFF77DFB061E66
:10AEB0004FD0230364001B0B640D02D08022520389
:10AEC00013430193002D17D101A8FFF767FC019BE5
:10AED00001257361012320303361002C24D0204BE5
:10AEE0009C46069B644424181C603523181A079B53
:10AEF0001860300002B070BD68460095FFF74EFC48
:10AF0000002822D0019D20232A001B1A9A401300FA
:10AF1000C540009A019513437361B5616B1E9D4155
:10AF200001353561002CDAD10E4B9C46069B6044FE
:10AF300018600D4BEB189B00F3185869FFF712FCD3
:10AF40006D01079B2D1A1D60D3E7009B019D736166
:10AF5000E3E70022054B06490648F8F75DFAC046CC
:10AF6000CDFBFFFFCEFBFFFFFFFFFF3F58D40010DC
:10AF70000A0300000CD60010F0B5CE46474680B557
:10AF800085B0884602A98146FFF726FF04000D0020
:10AF9000404603A9FFF720FF02000B004046494648
:10AFA0000069096900920193091A49018C460298C7
:10AFB0000399401A0100614400290BDD09054F196E
:10AFC0003D0020002900F9F722FE05B0C0BCB946BB
:10AFD000B046F0BD09055B1A0193009A019BF0E7AA
:10AFE0001300013970B54C11116901341433890013
:10AFF000A400591804198B420AD2050040CB40C561
:10B000009942FBD88B1A153B9B0801339B00C01853
:10B01000844203D9002308C08442FCD870BDC046D6
:10B020000200036910B51432481183420ADA9B000A
:10B03000D31803E0043B1968002917D19342F9D8CB
:10B04000002010BD83420EDD1F231C000C400B426C
:10B0500009D08300D31819680120E140A1401C6881
:10B060008C42EED1EAE78300D318E7E70120E8E756
:10B07000002001497047C0460000F87F0048704733
:10B080000000C07F002909D0FF2A02D801200A70E1
:10B0900070478A23036001204042F9E70020F7E768
:10B0A000F8B5C0460000000001B40248844601BC67
:10B0B000604700BFE502002001B40248844601BC9D
:10B0C000604700BF3102002001B40248844601BC41
:10B0D000604700BF1D0B002001B40248844601BC3C
:10B0E000604700BF9906002001B40248844601BCB5
:10B0F000604700BF1D0B002001B40248844601BC1C
:10B10000604700BFC100002001B40248844601BC72
:10B11000604700BFC901002001B40248844601BC59
:10B12000604700BF6D06002001B40248844601BCA0
:10B13000604700BF1D09002001B40248844601BCDD
:10B14000604700BFBD03002001B40248844601BC33
:10B15000604700BF9501002001B40248844601BC4D
:10B16000604700BF4508002001B40248844601BC86
:10B17000604700BFE107002001B40248844601BCDB
:08B18000604700BFED0700204D
:10B18800496E6974204F4B003D3D3D204D414E5561
:10B19800414C204D4F4445203D3D3D004375727262
:10B1A800656E7420706F736974696F6E3A20583DCC
:10B1B800256420593D2564205A3D25640A00000075
:10B1C8005370696E646C652050574D3A2025750A96
:10B1D800000000004B6579733A00000020206120D0
:10B1E8002F206420203D20582D202F20582B000090
:10B1F800202073202F207720203D20592D202F201C
:10B20800592B0000202071202F206520203D205A36
:10B218002D202F205A2B000020202B202F202D20DE
:10B22800203D207370696E646C65207570202F2036
:10B23800646F776E0000000020203020202020203E
:10B24800203D207370696E646C65206F666600002F
:10B258002020632020202020203D20636F6D6D6119
:10B268006E64206D6F6465002020682020202020F7
:10B27800203D2073686F7720746869732068656C57
:10B288007000000052454C415449564500000000EA
:10B298004142534F4C555445000000003D3D3D2070
:10B2A800434F4D4D414E44204D4F4445203D3D3D7B
:10B2B80000000000486F6D6520706F736974696FD6
:10B2C8006E3A20202020583D256420593D256420D1
:10B2D8005A3D25640A000000506F736974696F6EE7
:10B2E800696E67206D6F64653A2025730A00000057
:10B2F800436F6D6D616E64733A00000020204D321B
:10B30800206F72204D303220202020202020202045
:10B3180020203D2072657475726E20746F206D61F7
:10B328006E75616C206D6F646500000020204D33E0
:10B3380020536E6E6E2020202020202020202020E8
:10B3480020203D207370696E646C65206F6E2C2020
:10B358007365742050574D0020204D352020202043
:10B3680020202020202020202020202020203D20B8
:10B378007370696E646C65206F66660020204739BB
:10B3880030202020202020202020202020202020A5
:10B3980020203D206162736F6C75746520706F7337
:10B3A8006974696F6E696E67000000002020473974
:10B3B8003120202020202020202020202020202074
:10B3C80020203D2072656C617469766520706F730A
:10B3D8006974696F6E696E6700000000202047324B
:10B3E800382E31202020202020202020202020201E
:10B3F80020203D207365742063757272656E742019
:10B40800706F736974696F6E20617320686F6D6502
:10B418000000000020204732382020202020202053
:10B42800202020202020202020203D2072657475B7
:10B43800726E20746F20686F6D6520706F73697409
:10B44800696F6E002020473020582E2E20592E2E4E
:10B45800205A2E2E2020202020203D207261706945
:10B4680064206D6F766500002020473120582E2E0D
:10B4780020592E2E205A2E2E20462E2E20203D20BA
:10B488006C696E656172206D6F76650020204732A9
:10B4980020582E2E20592E2E20492E2E204A2E2E70
:10B4A80020203D20636C6F636B7769736520617240
:10B4B800630000002020473320582E2E20592E2EBE
:10B4C80020492E2E204A2E2E20203D20636F756E97
:10B4D8007465722D636C6F636B7769736520617235
:10B4E800630000002020473420502E2E20202020EA
:10B4F800202020202020202020203D206477656CFB
:10B508006C000000202047323020202020202020FE
:10B51800202020202020202020203D20736574201A
:10B52800756E69747320746F20696E636865730043
:10B5380020204732312020202020202020202020B9
:10B548002020202020203D2073657420756E6974AA
:10B558007320746F206D696C6C696D6574657273A6
:10B5680000000000202048206F722048454C5020E1
:10B57800202020202020202020203D2073686F7765
:10B5880020746869732068656C700000417869737D
:10B59800206C696D69742072656163686564000078
:10B5A8002573207374617274696E670A0000000065
:10B5B8002573206D6F766520636F6D706C6574659B
:10B5C8000A000000504F5320583D256420593D255E
:10B5D80064205A3D25640A004152432063656E7415
:10B5E800726520583D256420593D25642020656EEC
:10B5F8006420583D256420593D25640A0000000058
:10B6080041524320636F6D706C65746500000000E3
:10B61800582D0000592D00005A2D00005370696EF6
:10B62800646C652050574D203D2025750A000000A8
:10B638005370696E646C65204F4646005377697491
:10B648006368656420746F20636F6D6D616E64203C
:10B658006D6F646500000000556E6B6E6F776E202D
:10B668006B65793A2025630A0000000092090010F2
:10B678000E0A0010BA0900100E0A00100E0A001077
:10B68800E20900100E0A00100E0A00100E0A00103F
:10B698000E0A00100E0A00100E0A00100E0A001002
:10B6A8000E0A00100E0A00100E0A00100E0A0010F2
:10B6B8000E0A00100E0A00100E0A00100E0A0010E2
:10B6C8000E0A00100E0A00100E0A00100E0A0010D2
:10B6D8000E0A00100E0A00100E0A00100E0A0010C2
:10B6E8000E0A00100E0A00100E0A00100E0A0010B2
:10B6F8000E0A00100E0A00100E0A00100E0A0010A2
:10B708000E0A00100E0A00100E0A00100E0A001091
:10B718000E0A00100E0A00100E0A00100E0A001081
:10B728000E0A00100E0A00100E0A00100E0A001071
:10B738000E0A00100E0A00100E0A00100E0A001061
:10B748000E0A0010AE0800100E0A0010F6090010CC
:10B75800D4080010460900100E0A00100E0A001046
:10B76800080A00100E0A00100E0A00100E0A001037
:10B778000E0A00100E0A00100E0A00100E0A001021
:10B788000E0A00106C0900100E0A001020090010A3
:10B798000E0A00100E0A00100E0A0010FA08001017
:10B7A800434D443A2025730A00000000556E6B6E25
:10B7B8006F776E20636F6D6D616E643A2025730A32
:10B7C80000000000537769746368656420746F2013
:10B7D8006D616E75616C206D6F6465005370696E84
:10B7E800646C65204F4E2C2050574D203D20257508
:10B7F8000A0000004572726F723A204D332072655C
:10B8080071756972657320532076616C75650000E7
:10B81800506F736974696F6E696E67206D6F6465C8
:10B82800203D204142534F4C55544500506F736999
:10B8380074696F6E696E67206D6F6465203D205274
:10B84800454C415449564500486F6D6520706F73EB
:10B858006974696F6E2073657420746F205825644D
:10B8680020592564205A25640A0000004732380010
:10B878004477656C6C696E6720666F72202564205A
:10B888006D730A004477656C6C20636F6D706C652E
:10B89800746500004572726F723A204734207265F1
:10B8A80071756972657320502076616C756500004A
:10B8B800556E697473203D20494E43484553000036
:10B8C800556E697473203D204D494C4C494D455483
:10B8D8004552530047300000466565642072617424
:10B8E80065203D2025640A00473100004572726FCB
:10B8F800723A204732207265717569726573204902
:10B9080020616E64204A20706172616D6574657291
:10B91800730000004572726F723A204733207265D7
:10B92800717569726573204920616E64204A2070C0
:10B938006172616D6574657273000000436F6D6DAF
:10B94800616E64207265636F676E697365642062F7
:10B958007574206E6F742066756C6C7920696D70D3
:10B968006C656D656E74656420796574000000000F
:10B97800082008004572726F723A20636F6D6D611E
:10B988006E6420746F6F206C6F6E67009E0D0010E0
:10B99800AA0C0010C40C0010040D00104E0D00106D
:10B9A8005A0C00108E0C00109C0C0010460C001055
:10B9B800260C00100A0C0010180C0010A60B001022
:10B9C800BE0B0010F60B0010980D00104800000088
:10B9D80048454C50000000004732382E3100000026
:10B9E80047303000473031004730320047320000DE
:10B9F80047303300473300004730340047340000F5
:10BA0800473230004732310047393000473931007A
:10BA18004D3200004D3032004D3300004D350000EE
:10BA280080120010A2120010BC120010D6120010D2
:10BA3800F01200100A130010060000000C000000AD
:10BA48000F000000050000000B0000000E000000C1
:10BA580001000000FFFFFFFF010000004E6F207390
:10BA680070696E6C6F636B732061726520617661BB
:10BA7800696C61626C65000064656C7461203E3DB0
:10BA8800202D323034382026262064656C746120DD
:10BA98003C3D203230343620262620212864656C2F
:10BAA8007461202620312900433A2F50726F677243
:10BAB800616D2046696C65732F526173706265729F
:10BAC80072792050692F5069636F2053444B207658
:10BAD800312E352E312F7069636F2D73646B2F7380
:10BAE80072632F7270325F636F6D6D6F6E2F686156
:10BAF8007264776172655F6972712F6972712E6302
:10BB080000000000212864656C7461203E3E2031ED
:10BB18003175290063757272656E74203D3D205F32
:10BB28005F756E68616E646C65645F757365725F7E
:10BB3800697271207C7C2063757272656E74203D19
:10BB48003D2068616E646C65720000006972715F07
:10BB580068616E6465725F636861696E5F6672656D
:10BB6800655F736C6F745F68656164203E3D20306B
:10BB780000000000767461626C655F68616E646CD9
:10BB88006572203D3D205F5F756E68616E646C650F
:10BB9800645F757365725F697271000021282828D7
:10BBA8002875696E747074725F7429767461626C3A
:10BBB800655F68616E646C657229202D2028287580
:10BBC800696E747074725F74296972715F68616EEE
:10BBD800646C65725F636861696E5F736C6F7473C0
:10BBE80029202D2031292573697A656F6628737499
:10BBF80072756374206972715F68616E646C6572D6
:10BC08005F636861696E5F736C6F74292900000057
:10BC180030783163203D3D20282A696E7374293EAF
:10BC28003E313175000000002165786365707469E4
:10BC38006F6E207C7C20657863657074696F6E20F8
:10BC48003D3D206E756D202B20565441424C455F7A
:10BC580046495253545F49525100000066616C7363
:10BC68006500000069735F7368617265645F69727B
:10BC7800715F7261775F68616E646C657228736C5E
:10BC88006F745F68616E646C6572290065786365BE
:10BC98007074696F6E000000666F756E6400000056
:10BCA8004E6F207573657220495251732061726519
:10BCB80020617661696C61626C6500006972715F10
:10BCC8006164645F7461696C5F746F5F66726565F7
:10BCD8005F6C697374000000696E736572745F62EB
:10BCE80072616E63685F616E645F6C696E6B0000A1
:10BCF8006972715F72656D6F76655F68616E646C9D
:10BD0800657200006D616B655F6272616E636800E9
:10BD18007265736F6C76655F6272616E636800004E
:10BD28006972715F6164645F7368617265645F689A
:10BD3800616E646C657200006972715F7365745F2F
:10BD48006578636C75736976655F68616E646C6548
:10BD580072000000746F74616C000000433A2F5049
:10BD6800726F6772616D2046696C65732F526173DB
:10BD78007062657272792050692F5069636F205321
:10BD8800444B2076312E352E312F7069636F2D7319
:10BD9800646B2F7372632F636F6D6D6F6E2F706995
:10BDA800636F5F73796E632F6D757465782E6300AA
:10BDB8006D74782D3E636F72652E7370696E5F6C5B
:10BDC8006F636B0075735F73696E63655F626F6F36
:10BDD80074203C3D20494E5436345F4D4158000094
:10BDE800433A2F50726F6772616D2046696C6573B4
:10BDF8002F5261737062657272792050692F506991
:10BE0800636F2053444B2076312E352E312F7069C5
:10BE1800636F2D73646B2F7372632F636F6D6D6F18
:10BE28006E2F7069636F5F626173652F696E636CF3
:10BE38007564652F7069636F2F74797065732E68E8
:10BE4800000000006C6F636B5F69735F6F776E65EE
:10BE5800725F69645F76616C6964286D74782D3EE1
:10BE68006F776E65722900006D74782D3E656E746B
:10BE780065725F636F756E74000000006D757465A0
:10BE8800785F6578697400006D757465785F656EB4
:10BE98007465725F626C6F636B5F756E74696C005A
:10BEA8007570646174655F75735F73696E63655FF0
:10BEB800626F6F740000000072742D3E616C6172D5
:10BEC8006D5F6964203D3D2069640000433A2F504E
:10BED800726F6772616D2046696C65732F5261736A
:10BEE8007062657272792050692F5069636F2053B0
:10BEF800444B2076312E352E312F7069636F2D73A8
:10BF0800646B2F7372632F636F6D6D6F6E2F706923
:10BF1800636F5F74696D652F74696D652E630000CA
:10BF28006964202626206964203C3D20706F6F6C70
:10BF38002D3E686561702D3E6D61785F6E6F64653A
:10BF4800730000006964202626206964203C3D2097
:10BF5800686561702D3E6D61785F6E6F6465730012
:10BF6800433A2F50726F6772616D2046696C657332
:10BF78002F5261737062657272792050692F50690F
:10BF8800636F2053444B2076312E352E312F706944
:10BF9800636F2D73646B2F7372632F636F6D6D6F97
:10BFA8006E2F7069636F5F7574696C2F696E636C4F
:10BFB8007564652F7069636F2F7574696C2F70686D
:10BFC8006561702E68000000706172656E745F694B
:10BFD800640000006368696C645F696400000000C5
:10BFE800706172656E745F696420213D20636869C1
:10BFF8006C645F69640000002170685F636F6E7431
:10C0080061696E735F6E6F646528706F6F6C2D3E2B
:10C01800686561702C2072657573655F69642900B5
:10C0280072656D6F7665645F6964203D3D206E655D
:10C0380078745F696400000063616C6C6261636BB3
:10C0480000000000706F6F6C2D3E616C61726D5F57
:10C05800696E5F70726F6772657373203D3D206D06
:10C06800616B655F7075626C69635F696428696498
:10C078005F686967682C206E6578745F6964290059
:10C088006964202626202170685F636F6E74616979
:10C098006E735F6E6F646528686561702C206964D3
:10C0A8002900000021686561702D3E667265655F34
:10C0B8007461696C5F69640064656661756C745F5E
:10C0C800616C61726D5F706F6F6C5F696E697469C6
:10C0D800616C697A6564282900000000616C6172EE
:10C0E8006D5F696420213D20706F6F6C2D3E616C1F
:10C0F80061726D5F696E5F70726F677265737300EE
:10C1080072630000417474656D7074656420746FA7
:10C1180020736C65657020696E73696465206F664D
:10C1280020616E20657863657074696F6E20686140
:10C138006E646C65723B2075736520627573795FF8
:10C148007761697420696620796F75206D757374DD
:10C1580000000000616C61726D5F706F6F6C5F63EF
:10C16800616E63656C5F616C61726D0075706461AE
:10C1780074655F75735F73696E63655F626F6F7413
:10C1880000000000616C61726D5F706F6F6C5F61C1
:10C198006C61726D5F63616C6C6261636B0000005F
:10C1A8006765745F656E747279000000616C617216
:10C1B8006D5F706F6F6C5F6765745F6465666175EE
:10C1C8006C7400006765745F656E7472795F69648A
:10C1D8005F6869676800000070685F667265655F20
:10C1E8006E6F64650000000070685F6164645F637F
:10C1F80068696C645F6E6F646500000070685F69F1
:10C208006E736572745F6E6F6465000070685F6757
:10C2180065745F6E6F6465006164645F616C617210
:10C228006D5F756E6465725F6C6F636B0000000014
:10C23800486172647761726520616C61726D202556
:10C248006420616C726561647920636C61696D65F5
:10C258006400000074696D65725F68772D3E696ED1
:10C2680074732026203175203C3C20616C61726D0E
:10C278005F6E756D00000000433A2F50726F677251
:10C28800616D2046696C65732F52617370626572C7
:10C2980072792050692F5069636F2053444B207680
:10C2A800312E352E312F7069636F2D73646B2F73A8
:10C2B80072632F7270325F636F6D6D6F6E2F68617E
:10C2C8007264776172655F74696D65722F74696DE8
:10C2D80065722E63000000006861726477617265A0
:10C2E8005F616C61726D5F7365745F7461726765BD
:10C2F800740000007570646174655F75735F7369BD
:10C308006E63655F626F6F7400000000726F6F7418
:10C318005F696400433A2F50726F6772616D2046FF
:10C32800696C65732F5261737062657272792050FF
:10C33800692F5069636F2053444B2076312E352E78
:10C34800312F7069636F2D73646B2F7372632F6362
:10C358006F6D6D6F6E2F7069636F5F7574696C2F89
:10C3680070686561702E63002170685F6765745F2F
:10C378006E6F646528686561702C20726F6F745FDA
:10C388006964292D3E7369626C696E67000000005C
:10C398002170685F6765745F6E6F646528686561A2
:10C3A800702C20726F6F745F6964292D3E70617202
:10C3B800656E74006E65775F7375625F747265652C
:10C3C80020213D20686561702D3E726F6F745F6932
:10C3D8006400000070685F72656D6F76655F616EFE
:10C3E800645F667265655F6E6F64650070685F7232
:10C3F800656D6F76655F616E795F68656164000081
:10C4080070685F6164645F6368696C645F6E6F64C1
:10C418006500000070685F6765745F6E6F64650033
:10C428007372635F66726571203E3D206672657146
:10C4380000000000433A2F50726F6772616D20460A
:10C44800696C65732F5261737062657272792050DE
:10C45800692F5069636F2053444B2076312E352E57
:10C46800312F7069636F2D73646B2F7372632F7232
:10C4780070325F636F6D6D6F6E2F68617264776184
:10C4880072655F636C6F636B732F636C6F636B7341
:10C498002E630000636C6F636B5F636F6E66696722
:10C4A8007572650076636F5F66726571203E3D2028
:10C4B800285049434F5F504C4C5F56434F5F4D499E
:10C4C8004E5F465245515F4B485A202A204B485AE6
:10C4D800292026262076636F5F66726571203C3DB1
:10C4E80020285049434F5F504C4C5F56434F5F4D97
:10C4F80041585F465245515F4B485A202A204B48C5
:10C508005A290000433A2F50726F6772616D2046B6
:10C51800696C65732F52617370626572727920500D
:10C52800692F5069636F2053444B2076312E352E86
:10C53800312F7069636F2D73646B2F7372632F7261
:10C5480070325F636F6D6D6F6E2F686172647761B3
:10C5580072655F706C6C2F706C6C2E63000000004D
:10C568006662646976203E3D2031362026262066A4
:10C5780062646976203C3D203332300028706F7346
:10C58800745F64697631203E3D2031202626207074
:10C598006F73745F64697631203C3D20372920260B
:10C5A800262028706F73745F64697632203E3D20C0
:10C5B8003120262620706F73745F64697632203CC0
:10C5C8003D203729000000007265665F667265715C
:10C5D800203C3D202876636F5F66726571202F20AE
:10C5E80031362900706C6C5F696E69740000000058
:10C5F8002C2066756E6374696F6E3A200000000027
:10C60800617373657274696F6E20222573222066C8
:10C6180061696C65643A2066696C6520222573221D
:10C628002C206C696E65202564257325730A00002B
:10C6380031203D3D202875696E747074725F7429CD
:10C648006C2D3E7370696E5F6C6F636B0000000049
:10C65800433A2F50726F6772616D2046696C65733B
:10C668002F5261737062657272792050692F506918
:10C67800636F2053444B2076312E352E312F70694D
:10C68800636F2D73646B2F7372632F7270325F63E5
:10C698006F6D6D6F6E2F7069636F5F72756E746901
:10C6A8006D652F72756E74696D652E6300000000EC
:10C6B8000A2A2A2A2050414E4943202A2A2A0A00B7
:10C6C80072756E74696D655F696E6974000000004B
:10C6D800666E6900666E692B000000006E616E0070
:10C6E800666E692D0000000026410010D64000103B
:10C6F800D640001030410010D6400010D64000103F
:10C70800D6400010D6400010D6400010D640001089
:10C71800D64000101C410010D640001012410010F5
:10C72800D6400010D640001008410010C841001043
:10C73800EE41001006420010EE410010A841001022
:10C74800EE410010EE410010EE410010EE410010E5
:10C75800EE410010EE410010EE410010E4410010DF
:10C76800EE410010EE410010EE410010EE410010C5
:10C77800EE410010124200104246001058460010C8
:10C7880058460010584600105846001058460010E9
:10C7980058460010584600105846001058460010D9
:10C7A80058460010584600105846001058460010C9
:10C7B80058460010584600105846001058460010B9
:10C7C80058460010584600105846001058460010A9
:10C7D8005846001058460010584600105846001099
:10C7E8005846001058460010584600105846001089
:10C7F80058460010584600106A4400102A44001099
:10C808006A44001058460010584600105846001058
:10C818005846001058460010584600105846001058
:10C828005846001058460010584600105846001048
:10C838005846001058460010584600105846001038
:10C84800584600101E420010584600105846001066
:10C858005846001058460010584600105846001018
:10C868005846001058460010584600101E42001046
:10C87800BA4400101E4200106A4400102A440010F6
:10C888006A440010584600101E4200105846001016
:10C8980058460010584600105846001058460010D8
:10C8A8001E4200100C460010584600105846001052
:10C8B80032450010584600101E420010584600101D
:10C8C800584600101E420010000000000000F03F13
:10C8D8000000000000002440000000000000594053
:10C8E8000000000000408F40000000000088C340A6
:10C8F80000000000006AF8400000000080842E411B
:10C9080000000000D01263410000000084D7974166
:10C918000000000065CDCD412A282875696E74385D
:10C928005F74202A29726F6D5F646174615F6C6F38
:10C938006F6B757028726F6D5F7461626C655F6391
:10C948006F6465282753272C2027462729292D324D
:10C9580029202A2034203E3D2053465F5441424C32
:10C96800455F56325F53495A45000000433A2F50FD
:10C97800726F6772616D2046696C65732F526173BF
:10C988007062657272792050692F5069636F205305
:10C99800444B2076312E352E312F7069636F2D73FD
:10C9A800646B2F7372632F7270325F636F6D6D6F7C
:10C9B8006E2F7069636F5F646F75626C652F646F4B
:10C9C80075626C655F696E69745F726F6D2E630066
:10C9D8005F5F61656162695F646F75626C655F69FD
:10C9E8006E6974002A282875696E74385F74202A65
:10C9F80029726F6D5F7461626C652D3229202A205F
:10CA080034203E3D2053465F5441424C455F5632E8
:10CA18005F53495A45000000433A2F50726F6772BE
:10CA2800616D2046696C65732F526173706265721F
:10CA380072792050692F5069636F2053444B2076D8
:10CA4800312E352E312F7069636F2D73646B2F7300
:10CA580072632F7270325F636F6D6D6F6E2F7069C6
:10CA6800636F5F666C6F61742F666C6F61745F696A
:10CA78006E69745F726F6D2E630000005F5F6165A1
:10CA88006162695F666C6F61745F696E69740000EA
:10CA98004465627567000000626F6F74325F7732B9
:10CAA8003571303830000000312E352E310000004D
:10CAB8007069636F000000006D696C6C696E675F78
:10CAC800320000004170722031342032303236009A
:10CAD80006005250BBFF3CB6B8CA001006005250C0
:10CAE800E182887FA0CA001006005250D3F0754238
:10CAF80098CA00106C656E203D3D20310000000092
:10CB0800433A2F50726F6772616D2046696C657386
:10CB18002F5261737062657272792050692F506963
:10CB2800636F2053444B2076312E352E312F706998
:10CB3800636F2D73646B2F7372632F7270325F6330
:10CB48006F6D6D6F6E2F7069636F5F737464696F5B
:10CB58002F737464696F2E63000000006765746347
:10CB68006861725F74696D656F75745F75730000D5
:10CB78007570646174655F75735F73696E63655F13
:10CB8800626F6F74000000000D0A0000F95B00106E
:10CB9800FD5B0010095C0010595C00103D5C001042
:10CBA80000000000433A2F50726F6772616D204693
:10CBB800696C65732F526173706265727279205067
:10CBC800692F5069636F2053444B2076312E352EE0
:10CBD800312F7069636F2D73646B2F7372632F72BB
:10CBE80070325F636F6D6D6F6E2F7069636F5F7307
:10CBF8007464696F5F7573622F737464696F5F75AE
:10CC080073622E63000000005553422073746469F8
:10CC18006E202F207374646F7574000006005250E4
:10CC280053B4F4A110CC0010737464696F5F75730A
:10CC3800625F696E697400007570646174655F7520
:10CC4800735F73696E63655F626F6F7400000000E5
:10CC58005261737062657272792050690000000039
:10CC68005069636F00000000426F617264204344A2
:10CC78004300000052657365740000000902540007
:10CC8800030100807D080B00020202000009040075
:10CC9800000102020004052400200105240100010E
:10CCA8000424020205240600010705810308001078
:10CCB80009040100020A0000000705020240000002
:10CCC800070582024000000904020000FF00010578
:10CCD80012010002EF0201408A2E0A00000101023F
:10CCE800030100000000000058CC001068CC0010C0
:10CCF8006424002070CC00107CCC00106C656E2081
:10CD08003E203000433A2F50726F6772616D2046A3
:10CD1800696C65732F526173706265727279205005
:10CD2800692F5069636F2053444B2076312E352E7E
:10CD3800312F7069636F2D73646B2F7372632F7259
:10CD480070325F636F6D6D6F6E2F7069636F5F75A3
:10CD58006E697175655F69642F756E697175655F58
:10CD680069642E63000000007069636F5F67657413
:10CD78005F756E697175655F626F6172645F696422
:10CD88005F737472696E6700666C6173685F6F6663
:10CD98006673202B20636F756E74203C3D205049CC
:10CDA800434F5F464C4153485F53495A455F425988
:10CDB80054455300433A2F50726F6772616D204695
:10CDC800696C65732F526173706265727279205055
:10CDD800692F5069636F2053444B2076312E352ECE
:10CDE800312F7069636F2D73646B2F7372632F72A9
:10CDF80070325F636F6D6D6F6E2F686172647761FB
:10CE080072655F666C6173682F666C6173682E6308
:10CE180000000000636F6E6E6563745F696E746511
:10CE2800726E616C5F666C61736820262620666C82
:10CE38006173685F657869745F7869702026262059
:10CE4800666C6173685F72616E67655F6572617356
:10CE58006520262620666C6173685F666C7573684A
:10CE68005F63616368650000636F6E6E6563745F1E
:10CE7800696E7465726E616C5F666C61736820269A
:10CE88002620666C6173685F657869745F7869707D
:10CE980020262620666C6173685F72616E67655F25
:10CEA80070726F6772616D20262620666C617368E8
:10CEB8005F666C7573685F63616368650000000096
:10CEC800636F6E6E6563745F696E7465726E616CB4
:10CED8005F666C61736820262620666C6173685FE4
:10CEE800657869745F78697020262620666C61739E
:10CEF800685F666C7573685F6361636865000000EE
:10CF0800666C6173685F646F5F636D640000000046
:10CF1800282875696E747074725F7420296E65783C
:10CF2800745F6275666665725F7074722026203061
:10CF3800623131313131317529203D3D20300000D9
:10CF4800433A2F50726F6772616D2046696C657342
:10CF58002F5261737062657272792050692F50691F
:10CF6800636F2053444B2076312E352E312F706954
:10CF7800636F2D73646B2F6C69622F74696E79759A
:10CF880073622F7372632F706F727461626C652F96
:10CF980072617370626572727970692F7270323063
:10CFA80034302F6463645F7270323034302E630023
:10CFB80068775F646174615F6F6666736574286E15
:10CFC8006578745F6275666665725F707472292031
:10CFD8003C3D205553425F445052414D5F4D4158AE
:10CFE80000000000556E68616E646C6564204952EB
:10CFF8005120307825780A007268706F7274203D6D
:10D008003D2030006463645F656470745F786665B2
:10D01800720000006463645F656470745F6F7065BC
:10D028006E0000006463645F7365745F61646472BA
:10D03800657373006463645F696E745F656E6162D3
:10D048006C6500005F68775F656E64706F696E7409
:10D058005F616C6C6F6300006463645F696E697420
:10D068000000000021286275665F6374726C2026D8
:10D07800205553425F4255465F4354524C5F4655D4
:10D088004C4C2900433A2F50726F6772616D2046ED
:10D09800696C65732F526173706265727279205082
:10D0A800692F5069636F2053444B2076312E352EFB
:10D0B800312F7069636F2D73646B2F6C69622F74E5
:10D0C800696E797573622F7372632F706F727461F2
:10D0D800626C652F72617370626572727970692F04
:10D0E8007270323034302F7270323034305F757372
:10D0F800622E63006275665F6374726C2026205529
:10D1080053425F4255465F4354524C5F46554C4C20
:10D118000000000065702025642025732077617366
:10D1280020616C726561647920617661696C616205
:10D138006C65000043616E277420636F6E74696EBE
:10D1480075652078666572206F6E20696E616374FC
:10D15800697665206570202564202573000000002D
:10D168006F757400696E000073796E635F65705F38
:10D178006275666665720000F86800105E680010E7
:10D1880090680010C2680010F8680010F868001075
:10D19800DE68001090680010F8680010F868001049
:10D1A800F8680010F8680010F8680010F8680010B7
:10D1B800F868001070680010F86D0010D26D00104B
:10D1C8009E6F0010AC6D00109E6F0010206D001057
:10D1D800A26D00109E6F00103C6D0010546D001081
:10D1E800F66F0010E86F00103E700010F66F001028
:10D1F8002271001042710010527000109E700010D1
:10D208005A71001079750010357600107976001083
:10D2180045770010797800100000000000202020D9
:10D2280020202020202028282828282020202020CE
:10D23800202020202020202020202020208810109E
:10D2480010101010101010101010101010040404FA
:10D2580004040404040404101010101010104141B8
:10D2680041414141010101010101010101010101A6
:10D2780001010101010101011010101010104242BA
:10D288004242424202020202020202020202020276
:10D298000202020202020202101010102000000016
:10D2A8000000000000000000000000000000000076
:10D2B8000000000000000000000000000000000066
:10D2C8000000000000000000000000000000000056
:10D2D8000000000000000000000000000000000046
:10D2E8000000000000000000000000000000000036
:10D2F8000000000000000000000000000000000026
:10D308000000000000000000000000000000000015
:10D318000000000000000000000000000000000005
:10D328006E660000696E697479000000616E000025
:10D33800908B0010BE8A0010BE8A0010BE8A0010B2
:10D34800BE8A0010BE8A0010BE8A0010BE8A001075
:10D35800BE8A0010B28B0010B28B0010B28B001086
:10D36800B28B0010B28B0010BE8A0010BE8A00106B
:10D37800BE8A0010BE8A0010BE8A0010BE8A001045
:10D38800BE8A0010BE8A0010BE8A0010BE8A001035
:10D39800BE8A0010BE8A0010BE8A0010BE8A001025
:10D3A800BE8A0010BE8A0010BE8A0010BE8A001015
:10D3B800B28B0010BE8A0010BE8A0010BE8A001010
:10D3C800BE8A0010BE8A0010BE8A0010BE8A0010F5
:10D3D800BE8A0010BE8A0010BE8A00108894001011
:10D3E800BE8A001070940010A69400108E9400104D
:10D3F800AC960010A69600109A9600108E94001015
:10D4080035000000CEFBFFFFCB0300000100000049
:10D418000000000034000000CEFBFFFFCB0300003B
:10D428000100000000000000BC89D897B2D29C3CE3
:10D4380033A7A8D523F649393DA7F444FD0FA532F3
:10D448009D978CCF08BA5B25436FAC64280668119A
:10D4580042616C6C6F6320737563636565646564B2
:10D46800000000002F6D6E742F776F726B73706100
:10D4780063652F776F726B73706163652F474343E2
:10D488002D31302D706970656C696E652F6A656E17
:10D498006B696E732D4743432D31302D706970656C
:10D4A8006C696E652D3333385F323032313130314B
:10D4B800385F313633343531363230332F73726357
:10D4C8002F6E65776C69622F6E65776C69622F6C59
:10D4D8006962632F7374646C69622F6764746F6127
:10D4E8002D6765746865782E6300000000000000F1
:10D4F8000000000000000000000000000000000024
:10D508000000000000000000000000000000000013
:10D5180000000000000000000000000010111213BD
:10D52800141516171819000000000000001A1B1C1B
:10D538001D1E1F0000000000000000000000000089
:10D54800000000000000000000000000001A1B1C82
:10D558001D1E1F0000000000000000000000000069
:10D5680000000000000000000000000000000000B3
:10D5780000000000000000000000000000000000A3
:10D588000000000000000000000000000000000093
:10D598000000000000000000000000000000000083
:10D5A8000000000000000000000000000000000073
:10D5B8000000000000000000000000000000000063
:10D5C8000000000000000000000000000000000053
:10D5D8000000000000000000000000000000000043
:10D5E8000000000000000000000000002E00000005
:10D5F800F4D5001070B60010D0140020504F5349D5
:10D60800580000002F6D6E742F776F726B73706106
:10D6180063652F776F726B73706163652F47434340
:10D628002D31302D706970656C696E652F6A656E75
:10D638006B696E732D4743432D31302D70697065CA
:10D648006C696E652D3333385F32303231313031A9
:10D65800385F313633343531363230332F737263B5
:10D668002F6E65776C69622F6E65776C69622F6CB7
:10D678006962632F7374646C69622F6D707265637D
:10D688002E630000000000000080E03779C34143AA
:10D69800176E05B5B5B89346F5F93FE9034F384D10
:10D6A800321D30F94877825A3CBF737FDD4F1575BC
:10D6B800000000000000F03F0000000000002440CF
:10D6C80000000000000059400000000000408F40AA
:10D6D800000000000088C34000000000006AF84015
:10D6E8000000000080842E4100000000D012634139
:10D6F8000000000084D797410000000065CDCD41AF
:10D70800000000205FA00242000000E8764837428F
:10D71800000000A2941A6D42000040E59C30A2422D
:10D728000000901EC4BCD64200003426F56B0C43A2
:10D738000080E03779C3414300A0D8855734764349
:10D7480000C84E676DC1AB43003D9160E458E143AA
:10D75800408CB5781DAF154450EFE2D6E41A4B441F
:10D7680092D54D06CFF08044F64AE1C7022DB54464
:10D77800B49DD9794378EA440500000019000000F7
:04D788007D00000020
:10D78C00AC020010A002001094020010D8CA0010C5
:10D79C0088020010E4CA0010F0CA001024CC00105B
:10D7AC0003000068EFF3108C72B60268002AFCD0FC
:10D7BC00BFF35F8F04229A56002A0BDB002910D08E
:10D7CC000A6000201B68BFF35F8F00221A608CF385
:10D7DC0010887047D0221206127852B21A710120AA
:10D7EC00F0E70020EEE70000F8B5CE46474680B5DE
:10D7FC000400170098460368002B20D0D0231B068A
:10D80C001B785BB299462668EFF3108C72B63568BC
:10D81C00002DFCD0BFF35F8F04256557002D14DB62
:10D82C002368BFF35F8F00221A608CF310883800D6
:10D83C00414600F0E5FC0028E5D000200FE00A4B43
:10D84C000A4A85210A4800F003FD4B4623712368E0
:10D85C00BFF35F8F00221A608CF310880120C0BCCC
:10D86C00B946B046F8BDC046B8BD001090BE001019
:10D87C0064BD001070B582B0060015001C0001A933
:10D88C00FFF78EFF002807D1019B5BB2D022120656
:10D89C00127852B2934201D102B070BD2A0023001B
:10D8AC003000FFF7A1FFF7E7F8B506000F0000F016
:10D8BC00AFFC04000D1E12DBFA229200002338008C
:10D8CC00002100F0BDFC22002B0012184B41002B54
:10D8DC000BDB002B0DDB3000FFF786FFF8BD084B90
:10D8EC00084A3F21084800F0B3FC01225242074B82
:10D8FC00EFE7034B034A3F21034800F0A9FCC04665
:10D90C00CCBD0010A8BE0010E8BD0010FFFFFF7FCB
:10D91C0010B50268EFF3108172B61368002BFCD0BF
:10D92C00BFF35F8F0423C356002B0ADBFF23037165
:10D93C000368BFF35F8F00221A6081F3108840BF29
:10D94C0010BD034B034AB421034800F081FCC046D0
:10D95C004CBE001084BE001064BD0010094B1B7837
:10D96C00002B08D00CE09A0080214905511808685A
:10D97C000549505001333F2BF5DD024B01221A7043
:10D98C007047C0467A240020101C002010B5024BB2
:10D99C000133984710BDC046101C002000280AD047
:10D9AC0003231B02054A12685340C0229200134005
:10D9BC00034A136070470223F3E7C0460C80014012
:10D9CC000C900140F0B5D6464F464646C0B5070010
:10D9DC000E00150018239A461B88142290461088B6
:10D9EC0028499847814653461B8842461088264949
:10D9FC009847040053461B88424610882349984791
:10DA0C0080464B46002B0CD0002C0AD0002808D0A6
:10DA1C00FFF7A4FFC847A0470020FFF7BFFF2A006D
:10DA2C000FE01B4B1B4A80211B4800F011FC002B04
:10DA3C0007D0002A05D0C0235B051B6E3370013A5A
:10DA4C0001362B00134312D0C0235B059C6A0823BC
:10DA5C002340A107EBD5002DE9D0511B0D29E6D8A9
:10DA6C003878C02149050866013D0137DFE7012000
:10DA7C00FFF794FFC047FFF789FFE0BCBA46B146F9
:10DA8C00A846F0BD4946000045580000464300003A
:10DA9C00C8CE001008CF0010BCCD001010B500236C
:10DAAC0008E00133DA000021084811508446624432
:10DABC005160DBB20E2BF4D9F02292000021044805
:10DACC0000F0CEFB034B044A1A6010BD000010504E
:10DADC00501E00201422002080011050F0B5CE46BC
:10DAEC00474680B585B0234B9F6D0024012603E08B
:10DAFC00B74376000134E4B2002F36D01F2C34D853
:10DB0C003E42F6D01C4B9E65630899460123634048
:10DB1C0001221A4090464B465D0045446D01174B5F
:10DB2C00ED18280000F042FA0028E1D04B465B00CB
:10DB3C0043445B01114AD3189A789146DB8A984684
:10DB4C000C22002101A800F08BFB07236A465371BD
:10DB5C006B464A461A7243460393012101A800F012
:10DB6C004DFA280000F0ACF9C2E705B0C0BCB946CC
:10DB7C00B046F0BD0000115000301150101E0020B6
:10DB8C00F0B585B0684A9823D55880239B022C00A9
:10DB9C001C401D424AD0654B9A6A654B1A600024A2
:10DBAC00002609E0634B99183C3100230B7000F000
:10DBBC00B9F93E000134E4B20F2C17D8A2011000C1
:10DBCC0020305C4BC0189B183B331B78022BF1D1D7
:10DBDC00584B9B183A331F78002FEBD0554B9B18A2
:10DBEC003C331B78002BDDD13E00E3E7002E08D13F
:10DBFC00514B1B78002B04D1504A90338021890261
:10DC0C00D150494B9C6C6405640D0C22002101A879
:10DC1C0000F026FB00236A46137103335371029400
:10DC2C00012101A800F0EAF98024A402EB0609D432
:10DC3C00EB0329D580235B021C4301AB404A1A80BD
:10DC4C0000260BE010231C43FFF748FFF0E701AB65
:10DC5C00985D00F0EDFA0123C3700136012EF6D960
:10DC6C0001AE0C220021300000F0FAFA062373708A
:10DC7C00344A02AB03CA03C30121300000F0BEF9E1
:10DC8C002E4B802292021A65EB0407D46B041ED42F
:10DC9C002B042FD4AC4241D105B0F0BD80235B01E5
:10DCAC001C43214B00221A60FFF7F8FE01AE0C2238
:10DCBC000021300000F0D4FA0123737001213000F0
:10DCCC0000F09CF91D4B802212031A65DEE78023BD
:10DCDC00DB011C4301AE0C220021300000F0C0FA25
:10DCEC00042373700121300000F088F9134B1022CB
:10DCFC001A65CDE780231B021C4301AE0C220021C8
:10DD0C00300000F0ADFA052373700121300000F0F3
:10DD1C0075F90A4B802212011A65BBE72100694094
:10DD2C00094800F07DFAC046000011500040054043
:10DD3C00F41D0020101E002079240020003011500A
:10DD4C000080FFFF00001050ECCF0010094B1B6C43
:10DD5C009B070CD48378DB09012B01D0002007E052
:10DD6C00C37E022B01D0002002E0012000E0002045
:10DD7C007047C0460000115010B5FFF7E7FF0028B0
:10DD8C0009D0064B9B6A064A12689B1A054A9446B0
:10DD9C006344C62B00D810BD0020FCE700400540B2
:10DDAC00F41D0020E0FCFFFFF8B504000F00838A8F
:10DDBC00028B1E1C934200D9161CB6B29B1BA3826D
:10DDCC008025ED003543E378002B13D0802292019F
:10DDDC00154301225340E3706378002B0CD0A38AC7
:10DDEC00002B02D18023DB011D43002F00D02D041A
:10DDFC002800F8BD0022EBE7B801E3689C466044BC
:10DE0C003200216900F03CFA23699C466644266185
:10DE1C0080231B021D43E2E770B5040083681B6876
:10DE2C00002900D01B0C9D05AD0D6278002A12D183
:10DE3C001B0409D4E38A5B19E382238BAB4201D91F
:10DE4C000023A382280070BD81210F4B0F4A49008B
:10DE5C000F4800F0FDF91B040ED58901E3689C46C0
:10DE6C0061442A00206900F00BFAE38A5B19E38213
:10DE7C0023695B192361E0E70A21064B034AFF3152
:10DE8C00034800F0E5F9C0466CD0001070D10010CA
:10DE9C008CD00010FCD0001010B5040083681B68F7
:10DEAC000021FFF7B9FF63681B685B0002D5238B69
:10DEBC00834200D010BD01212000FFF7ADFFF9E730
:10DECC00002383768382C3820361704710B50029D7
:10DEDC0002D083681B681940002A0FD011435305E8
:10DEEC000CD5826813685B050BD40B4B0B4013608D
:10DEFC00FFE7FFE7FFE7FFE7FFE7FFE7836819604E
:10DF0C0010BD83787F211940DB099B00034A9A5886
:10DF1C00034800F085F9C046FFFBFFFF680C0020AA
:10DF2C001CD1001070B5040043681E680021FFF777
:10DF3C003BFF80256D010543194B1B6C0222110020
:10DF4C0019401A4202D1A378DB0906D0002906D069
:10DF5C00A3785B0616D1002302E0012300E0002326
:10DF6C00A28A002A01D0002B0ED00E4B1E4080231B
:10DF7C009B053343626813602A0000212000FFF7E1
:10DF8C00A5FF70BD0123EBE701212000FFF70CFF7B
:10DF9C000543054B1E40A023DB053343EAE7C0468F
:10DFAC0000001150FFFFFFAFFFFFFFDF70B5040053
:10DFBC00857E002D06D0FFF76FFFA38A002B0BD1B7
:10DFCC00280070BD83787F211940DB099B00094A2A
:10DFDC009A58094800F024F92000FFF7CDFE051EE1
:10DFEC0003D0012323770025EAE72000FFF79AFFEF
:10DFFC00E6E7C046680C00203CD1001030B585B077
:10E00C0005004378042B00D159E006D8022B2BD005
:10E01C00032B00D0CBE0002483E0052B00D0C6E01E
:10E02C00704B1B78DB0748D56E4A137804218B4361
:10E03C0013706D4B1C68210014316269EFF3108072
:10E04C0072B61368002BFCD0BFF35F8F48602900B9
:10E05C00200000F00DF96269A369BFF35F8F002106
:10E06C00116083F3108828E05E4B1A7801218A43F3
:10E07C001A701A7801318A431A7000225A701A7871
:10E08C0002318A431A70584B1C68210014316269A2
:10E09C00EFF3108072B61368002BFCD0BFF35F8FC8
:10E0AC0048602900200000F0E3F86269A369BFF31F
:10E0BC005F8F0021116083F3108805B030BD494B90
:10E0CC001B78DB07F9D5474A137804210B431370EF
:10E0DC00454B1C68210014316269EFF3108072B655
:10E0EC001368002BFCD0BFF35F8F48602900200021
:10E0FC0000F0BEF86269A369BFF35F8F0021116065
:10E10C0083F31088D9E763001B19DA00374B1B68BF
:10E11C009B1818E023000FE02878696898470134B1
:10E12C00E4B2334B1B78A34213D3324A002AF1D00A
:10E13C00A342E8D8E31ADBB2002BF0D15A00D21874
:10E14C00D2002D4B9B18002BE9D05B69002BE3D13F
:10E15C00E5E7244B1B785B07AFD5224A13780421E3
:10E16C008B4313700C22002101A800F079F82B7856
:10E17C006A461371052353711B4B1C682100143123
:10E18C006269EFF3108072B61368002BFCD0BFF3FA
:10E19C005F8F486001A9200000F06AF86269A369EA
:10E1AC00BFF35F8F0021116083F3108885E70E4B5E
:10E1BC001C68210014316269EFF3108072B6136889
:10E1CC00002BFCD0BFF35F8F48602900200000F0CB
:10E1DC004FF86269A369BFF35F8F0021116083F36D
:10E1EC0010886AE7E41A00203C1B0020BC170020B2
:10E1FC0078240020B55C00100CD200107047C0468B
:10E20C0001B40248844601BC604700BFCD27001012
:10E21C0001B40248844601BC604700BF21290010AC
:10E22C0001B40248844601BC604700BF4D35001064
:10E23C0001B40248844601BC604700BF99620010DB
:10E24C0001B40248844601BC604700BF89550010E8
:10E25C0001B40248844601BC604700BF1934001069
:10E26C0001B40248844601BC604700BF015800104D
:10E27C0001B40248844601BC604700BF0181001014
:10E28C0001B40248844601BC604700BF0D58001021
:10E29C0001010100050000007805000010000000DD
:10E2AC000000000000000100000000000000000061
:10E2BC00000002000000000000000000000003004D
:10E2CC0000000000000000000000FF000000000043
:10E2DC0001B5486801318E4600477046093801493E
:10E2EC00884701BD711B0010200C002000000000AD
:10E2FC0060160020881D00200000000000000000B7
:10E30C00981D00200000000000000000100000001C
:10E31C00503300004C3300005433000052330000E3
:10E32C004D5300004D4300005334000043340000B3
:10E33C0051600010000000008D5F0010E95C0010BF
:10E34C00000000000001000068D100106CD100102A
:10E35C00401B002010000C0000000000000000001A
:10E36C00000000000000000000000000FF000000A2
:10E37C00980C00200000000000000000840F00201A
:10E38C00EC0F0020541000200000000000000000E2
:10E39C000000000000000000000000000000000071
:10E3AC000000000000000000000000000000000061
:10E3BC000000000000000000000000000000000051
:10E3CC000000000000000000000000000000000041
:10E3DC000000000000000000000000000000000031
:10E3EC000000000000000000000000000000000021
:10E3FC000000000000000000000000000000000011
:10E40C000000000000000000000000000000000000
:10E41C0000000000000000000000000000000000F0
:10E42C0001000000000000000E33CDAB34126DE68D
:10E43C00ECDE05000B0000000000000000000000F6
:10E44C0000000000000000000000000000000000C0
:10E45C0000000000000000000000000000000000B0
:10E46C0000000000000000000000000000000000A0
:10E47C000000000000000000000000000000000090
:10E48C000000000000000000000000000000000080
:10E49C000000000000000000000000000000000070
:10E4AC000000000000000000000000000000000060
:10E4BC000000000000000000000000000000000050
:10E4CC000000000000000000000000000000000040
:10E4DC000000000000000000000000000000000030
:10E4EC000000000000000000000000000000000020
:10E4FC000000000000000000000000000000000010
:10E50C0000000000000000000000000000000000FF
:10E51C0000000000000000000000000000000000EF
:10E52C0000000000000000000000000000000000DF
:10E53C0000000000000000000000000000000000CF
:10E54C0000000000000000000000000000000000BF
:10E55C0000000000000000000000000000000000AF
:10E56C00000000000000000000000000000000009F
:10E57C00000000000000000000000000000000008F
:10E58C00000000000000000000000000000000007F
:10E59C00000000000000000000000000000000006F
:10E5AC00000000000000000000000000000000005F
:10E5BC00000000000000000000000000000000004F
:10E5CC00000000000000000000000000000000003F
:10E5DC00000000000000000000000000000000002F
:10E5EC00000000000000000000000000000000001F
:10E5FC00000000000000000000000000000000000F
:10E60C0000000000000000000000000000000000FE
:10E61C0000000000000000000000000000000000EE
:10E62C0000000000000000000000000000000000DE
:10E63C0000000000000000000000000000000000CE
:10E64C0000000000000000000000000000000000BE
:10E65C0000000000000000000000000000000000AE
:10E66C00000000000000000000000000000000009E
:10E67C00000000000000000000000000000000008E
:10E68C00000000000000000000000000000000007E
:10E69C00000000000000000000000000000000006E
:10E6AC00000000000000000000000000000000005E
:10E6BC00000000000000000000000000000000004E
:10E6CC00000000000000000000000000000000003E
:10E6DC00000000000000000000000000000000002E
:10E6EC00000000000000000000000000000000001E
:10E6FC00000000000000000000000000000000000E
:10E70C0000000000000000000000000000000000FD
:10E71C0000000000000000000000000000000000ED
:10E72C0000000000000000000000000000000000DD
:10E73C0000000000000000000000000000000000CD
:10E74C0000000000000000000000000000000000BD
:10E75C0000000000000000000000000000000000AD
:10E76C00000000000000000000000000000000009D
:10E77C00000000000000000000000000000000008D
:10E78C00000000000000000000000000000000007D
:10E79C00000000000000000000000000000000006D
:10E7AC000000000000000000C0100020C01000207D
:10E7BC00C8100020C8100020D0100020D01000205D
:10E7CC00D8100020D8100020E0100020E01000200D
:10E7DC00E8100020E8100020F0100020F0100020BD
:10E7EC00F8100020F810002000110020001100206B
:10E7FC000811002008110020101100201011002019
:10E80C0018110020181100202011002020110020C8
:10E81C002811002028110020301100203011002078
:10E82C003811002038110020401100204011002028
:10E83C0048110020481100205011002050110020D8
:10E84C005811002058110020601100206011002088
:10E85C006811002068110020701100207011002038
:10E86C0078110020781100208011002080110020E8
:10E87C008811002088110020901100209011002098
:10E88C009811002098110020A0110020A011002048
:10E89C00A8110020A8110020B0110020B0110020F8
:10E8AC00B8110020B8110020C0110020C0110020A8
:10E8BC00C8110020C8110020D0110020D011002058
:10E8CC00D8110020D8110020E0110020E011002008
:10E8DC00E8110020E8110020F0110020F0110020B8
:10E8EC00F8110020F8110020001200200012002066
:10E8FC000812002008120020101200201012002014
:10E90C0018120020181200202012002020120020C3
:10E91C002812002028120020301200203012002073
:10E92C003812002038120020401200204012002023
:10E93C0048120020481200205012002050120020D3
:10E94C005812002058120020601200206012002083
:10E95C006812002068120020701200207012002033
:10E96C0078120020781200208012002080120020E3
:10E97C008812002088120020901200209012002093
:10E98C009812002098120020A0120020A012002043
:10E99C00A8120020A8120020B0120020B0120020F3
:10E9AC00B8120020B8120020C0120020C0120020A3
:10E9BC00C8120020C8120020D0120020D012002053
:10E9CC00D8120020D8120020E0120020E012002003
:10E9DC00E8120020E8120020F0120020F0120020B3
:10E9EC00F8120020F8120020001300200013002061
:10E9FC00081300200813002010130020101300200F
:10EA0C0018130020181300202013002020130020BE
:10EA1C00281300202813002030130020301300206E
:10EA2C00381300203813002040130020401300201E
:10EA3C0048130020481300205013002050130020CE
:10EA4C00581300205813002060130020601300207E
:10EA5C00681300206813002070130020701300202E
:10EA6C0078130020781300208013002080130020DE
:10EA7C00881300208813002090130020901300208E
:10EA8C009813002098130020A0130020A01300203E
:10EA9C00A8130020A8130020B0130020B0130020EE
:10EAAC00B8130020B8130020C0130020C01300209E
:10EABC00C8130020C8130020D0130020D01300204E
:10EACC00D8130020D8130020E0130020E0130020FE
:10EADC00E8130020E8130020F0130020F0130020AE
:10EAEC00F8130020F813002000140020001400205C
:10EAFC00081400200814002010140020101400200A
:10EB0C0018140020181400202014002020140020B9
:10EB1C002814002028140020301400203014002069
:10EB2C003814002038140020401400204014002019
:10EB3C0048140020481400205014002050140020C9
:10EB4C005814002058140020601400206014002079
:10EB5C006814002068140020701400207014002029
:10EB6C0078140020781400208014002080140020D9
:10EB7C008814002088140020901400209014002089
:10EB8C009814002098140020A0140020A014002039
:10EB9C00A8140020A8140020B0140020B0140020E9
:10EBAC00B8140020B8140020FFFFFFFF0000020083
:10EBBC00FF00000043000000000000000000000007
:10EBCC000000000000000000000000000000000039
:10EBDC0000000000430000000000000000000000E6
:10EBEC000000000000000000000000000000000019
:10EBFC0000000000430000000000000000000000C6
:10EC0C0000000000000000000000000000000000F8
:10EC1C0000000000430000000000000000000000A5
:10EC2C0000000000000000000000000000000000D8
:10EC3C000000000043000000000000000000000085
:10EC4C0000000000000000000000000000000000B8
:10EC5C000000000043000000000000000000000065
:10EC6C000000000000000000000000000000000098
:10EC7C000000000043000000000000000000000045
:10EC8C000000000000000000000000000000000078
:10EC9C000000000085B000107DA5001000000000F1
:10ECAC0024D20010F4D5001070B6001070B600100D
:10ECBC0070B6001070B6001070B6001070B6001070
:10ECCC0070B6001070B6001070B60010FFFFFFFF9A
:10ECDC00FFFFFFFFFFFFFFFFFFFF0000010041539D
:10ECEC004349490000000000000000000000000043
:10ECFC000000000000000000000000000000415374
:10ED0C004349490000000000000000000000000022
:10ED1C0000000000000000000000000000000000E7
:10ED2C000000000000000000F1570010BD4600106C
:10ED3C00554E0010A9560010E5020010E1610010BC
:04000005100001E9FD
:00000001FF
